5834113.034,0.0,0.0,115.12,1980.0
5834113.535,0.0,0.0,116.21,1980.0
5834114.035,0.0,0.0,116.21,1980.0
5834114.535,0.0,0.0,94.6,360.0
5834115.035,0.0,0.0,71.19,345.0
5834115.535,0.0,0.0,69.36,345.0
5834116.036,0.0,0.0,69.37,345.0
5834116.536,0.0,0.0,69.32,345.0
5834117.036,0.0,0.0,69.26,345.0
5834117.536,0.0,0.0,69.28,345.0
5834118.036,0.0,0.0,69.31,345.0
5834118.537,0.0,0.0,69.25,345.0
5834119.037,0.0,0.0,69.22,345.0
5834119.537,0.0,0.0,69.23,345.0
5834120.037,0.0,0.0,69.2,345.0
5834120.537,0.0,0.0,69.23,345.0
5834121.037,0.0,0.0,69.26,345.0
5834121.538,0.0,0.0,69.26,345.0
5834122.038,0.0,0.0,69.25,345.0
5834122.538,0.0,0.0,69.23,345.0
5834123.038,0.0,0.0,69.23,345.0
5834123.538,0.0,0.0,69.24,345.0
5834124.038,0.0,0.0,69.2,345.0
5834124.539,0.0,0.0,69.2,345.0
5834125.079,0.0,0.0,69.21,345.0
5834125.539,0.0,0.0,69.22,345.0
5834126.045,0.0,0.0,69.22,345.0
5834126.540,0.0,0.0,69.2,345.0
5834127.045,0.0,0.0,69.21,345.0
5834127.543,0.0,0.0,69.21,345.0
5834128.040,0.0,0.0,69.2,345.0
5834128.540,0.0,0.0,69.19,345.0
5834129.040,0.0,0.0,69.18,345.0
5834129.541,0.0,0.0,69.14,345.0
5834130.041,0.0,0.0,69.13,345.0
5834130.555,0.0,0.0,69.16,345.0
5834131.046,0.0,0.0,69.15,345.0
5834131.546,0.0,0.0,69.18,345.0
5834132.041,0.0,0.0,69.2,345.0
5834132.541,0.0,0.0,69.18,345.0
5834133.042,0.0,0.0,69.18,345.0
5834133.542,0.0,0.0,69.18,345.0
5834134.042,0.0,0.0,69.17,345.0
5834134.542,0.0,0.0,69.17,345.0
5834135.042,0.0,0.0,69.16,345.0
5834135.542,0.0,0.0,69.16,345.0
5834136.043,0.0,0.0,69.13,345.0
5834136.543,0.0,0.0,69.11,345.0
5834137.043,0.0,0.0,69.07,345.0
5834137.543,0.0,0.0,69.07,345.0
5834138.043,0.0,0.0,69.14,345.0
5834138.543,0.0,0.0,69.18,345.0
5834139.044,0.0,0.0,69.15,345.0
5834139.544,0.0,0.0,69.12,345.0
5834140.044,0.0,0.0,69.11,345.0
5834140.545,0.0,0.0,69.15,345.0
5834141.102,0.0,0.0,69.19,345.0
5834141.550,0.0,0.0,69.19,345.0
5834142.052,0.0,0.0,69.19,345.0
5834142.575,0.0,0.0,69.18,345.0
5834143.045,0.0,0.0,69.14,345.0
5834143.545,0.0,0.0,69.13,345.0
5834144.046,0.0,0.0,69.14,345.0
5834144.548,0.0,0.0,69.17,345.0
5834145.048,4.0,0.0,69.21,345.0
5834145.549,689.0,0.0,83.46,1980.0
5834146.049,2007.0,0.0,104.39,1980.0
5834146.549,2007.0,0.0,112.52,1980.0
5834147.049,2007.0,0.0,112.55,1980.0
5834147.549,2007.0,0.0,112.56,1980.0
5834148.050,2007.0,0.0,112.58,1980.0
5834148.550,16363.0,0.0,112.64,1980.0
5834149.050,16323.0,0.0,118.62,1980.0
5834149.550,16497.0,0.0,118.21,1980.0
5834150.050,16497.0,0.0,112.1,1980.0
5834150.550,16497.0,0.0,112.18,1980.0
5834151.051,16497.0,0.0,112.23,1980.0
5834151.551,16497.0,0.0,112.22,1980.0
5834152.051,16497.0,0.0,112.22,1980.0
5834152.551,16497.0,0.0,112.23,1980.0
5834153.051,16497.0,0.0,112.25,1980.0
5834153.551,16497.0,0.0,112.23,1980.0
5834154.051,16497.0,0.0,112.24,1980.0
5834154.551,16497.0,0.0,112.29,1980.0
5834155.052,16497.0,0.0,112.32,1980.0
5834155.552,16497.0,0.0,112.29,1980.0
5834156.052,16497.0,0.0,112.26,1980.0
5834156.552,16497.0,0.0,112.27,1980.0
5834157.052,16497.0,0.0,112.29,1980.0
5834157.552,16497.0,0.0,112.3,1980.0
5834158.053,16497.0,0.0,112.34,1980.0
5834158.553,16817.0,0.0,112.5,1980.0
5834159.053,16817.0,0.0,112.47,1980.0
5834159.553,16817.0,0.0,112.35,1980.0
5834160.053,16817.0,0.0,112.39,1980.0
5834160.553,16867.0,23.0,214.75,1980.0
5834161.053,16867.0,0.0,215.1,1980.0
5834161.554,16867.0,0.0,112.69,1980.0
5834162.054,16867.0,0.0,112.25,1980.0
5834162.554,16917.0,0.0,146.55,1980.0
5834163.054,16917.0,0.0,145.91,1980.0
5834163.554,16917.0,0.0,112.26,1980.0
5834164.054,16917.0,0.0,112.16,1980.0
5834164.555,16919.0,0.0,112.16,1980.0
5834165.055,16919.0,0.0,112.19,1980.0
5834165.555,16919.0,0.0,112.19,1980.0
5834166.055,16497.0,97.0,222.38,1980.0
5834166.555,16497.0,0.0,225.18,1980.0
5834167.056,16497.0,0.0,113.07,1980.0
5834167.556,16497.0,0.0,112.34,1980.0
5834168.056,16497.0,0.0,112.24,1980.0
5834168.556,16499.0,0.0,112.18,1980.0
5834169.056,16499.0,0.0,112.2,1980.0
5834169.556,18217.0,0.0,112.19,1980.0
5834170.056,18215.0,42.0,211.11,1980.0
5834170.557,18215.0,0.0,211.46,1980.0
5834171.057,18215.0,0.0,112.52,1980.0
5834171.557,18215.0,0.0,112.14,1980.0
5834172.057,18215.0,0.0,112.11,1980.0
5834172.557,18215.0,0.0,112.07,1980.0
5834173.057,18215.0,0.0,112.04,1980.0
5834173.557,18215.0,0.0,112.03,1980.0
5834174.058,18217.0,0.0,112.05,1980.0
5834174.558,18345.0,0.0,112.02,1980.0
5834175.058,19753.0,98.0,273.35,1980.0
5834175.558,19753.0,0.0,275.21,1980.0
5834176.058,19753.0,0.0,143.58,1980.0
5834176.558,19753.0,0.0,137.55,1980.0
5834177.058,19753.0,0.0,112.2,1980.0
5834177.558,19753.0,0.0,112.13,1980.0
5834178.058,19753.0,0.0,112.12,1980.0
5834178.559,19753.0,0.0,112.06,1980.0
5834179.059,19753.0,0.0,112.04,1980.0
5834179.559,19753.0,0.0,112.03,1980.0
5834180.059,19965.0,97.0,280.44,1710.0
5834180.559,20041.0,0.0,370.06,1965.0
5834181.059,20041.0,0.0,212.69,1980.0
5834181.559,16565.0,0.0,113.56,1980.0
5834182.059,17141.0,0.0,113.24,1980.0
5834182.560,17517.0,61.0,147.56,1980.0
5834183.060,17353.0,55.0,202.89,1980.0
5834183.560,17523.0,38.0,206.99,1980.0
5834184.060,17475.0,29.0,183.38,1980.0
5834184.560,17535.0,22.0,162.95,1980.0
5834185.060,17593.0,17.0,155.15,1980.0
5834185.560,17773.0,21.0,156.14,1980.0
5834186.060,17773.0,0.0,137.49,1980.0
5834186.561,71557.0,0.0,120.17,1980.0
5834187.061,71557.0,0.0,120.06,1980.0
5834187.561,73701.0,76.0,185.89,1665.0
5834188.061,73701.0,0.0,344.88,1965.0
5834188.561,73703.0,0.0,292.97,1980.0
5834189.061,73703.0,0.0,122.95,1980.0
5834189.562,73705.0,1.0,114.74,1980.0
5834190.062,73705.0,0.0,125.48,1980.0
5834190.562,71875.0,59.0,186.89,1980.0
5834191.062,71807.0,52.0,231.86,1980.0
5834191.562,71683.0,39.0,214.18,1980.0
5834192.062,71745.0,32.0,187.83,1980.0
5834192.563,71687.0,20.0,163.94,1980.0
5834193.063,71939.0,19.0,154.88,1980.0
5834193.563,71965.0,38.0,224.57,1980.0
5834194.063,71983.0,0.0,229.61,1980.0
5834194.563,71983.0,0.0,145.53,1980.0
5834195.064,71983.0,0.0,112.89,1980.0
5834195.564,71983.0,0.0,112.78,1980.0
5834196.097,71983.0,0.0,112.68,1980.0
5834196.564,72417.0,97.0,201.64,1590.0
5834197.064,72417.0,86.0,328.21,1980.0
5834197.565,72417.0,0.0,242.18,1980.0
5834198.065,72417.0,0.0,115.4,1980.0
5834198.565,72417.0,0.0,114.81,1980.0
5834199.065,72417.0,0.0,114.67,1980.0
5834199.565,72417.0,0.0,114.58,1980.0
5834200.065,72417.0,0.0,114.55,1980.0
5834200.566,72417.0,0.0,114.53,1980.0
5834201.066,72417.0,0.0,114.5,1980.0
5834201.566,72417.0,0.0,114.44,1980.0
5834202.066,73249.0,0.0,182.5,1635.0
5834202.566,73249.0,100.0,435.22,1965.0
5834203.066,73249.0,100.0,607.09,1980.0
5834203.566,73249.0,100.0,588.33,1980.0
5834204.067,73249.0,100.0,592.6,1980.0
5834204.567,73249.0,100.0,597.04,1980.0
5834205.067,73249.0,100.0,600.5,1980.0
5834205.567,73249.0,100.0,604.94,1980.0
5834206.067,73249.0,100.0,610.56,1980.0
5834206.567,73249.0,100.0,609.36,1980.0
5834207.068,73249.0,100.0,605.91,1980.0
5834207.568,73249.0,100.0,609.09,1980.0
5834208.068,73249.0,100.0,610.93,1980.0
5834208.568,73249.0,100.0,611.82,1980.0
5834209.068,73249.0,100.0,613.33,1980.0
5834209.568,73249.0,100.0,612.45,1980.0
5834210.069,73249.0,100.0,612.26,1980.0
5834210.569,73249.0,100.0,613.5,1980.0
5834211.069,73249.0,100.0,616.25,1980.0
5834211.569,73249.0,100.0,617.38,1980.0
5834212.069,73249.0,100.0,619.79,1980.0
5834212.569,73249.0,100.0,620.61,1980.0
5834213.070,73249.0,100.0,619.98,1980.0
5834213.570,73249.0,100.0,621.19,1980.0
5834214.070,73249.0,100.0,622.04,1980.0
5834214.570,73249.0,100.0,622.49,1980.0
5834215.070,73249.0,100.0,623.18,1980.0
5834215.570,73249.0,100.0,624.79,1980.0
5834216.070,73249.0,100.0,625.82,1980.0
5834216.570,73249.0,100.0,625.52,1980.0
5834217.071,73249.0,100.0,626.83,1980.0
5834217.571,73249.0,100.0,627.82,1980.0
5834218.071,73249.0,100.0,627.59,1980.0
5834218.571,73249.0,100.0,628.75,1980.0
5834219.071,73249.0,100.0,630.59,1980.0
5834219.571,73249.0,100.0,632.39,1980.0
5834220.071,73249.0,100.0,633.34,1980.0
5834220.572,73249.0,100.0,632.28,1980.0
5834221.071,73249.0,100.0,632.34,1980.0
5834221.571,73249.0,100.0,633.75,1980.0
5834222.072,73249.0,100.0,634.55,1980.0
5834222.572,73249.0,100.0,634.51,1980.0
5834223.072,73249.0,100.0,634.67,1980.0
5834223.572,73249.0,100.0,637.19,1980.0
5834224.072,73249.0,100.0,637.94,1980.0
5834224.573,73249.0,100.0,638.68,1980.0
5834225.073,73249.0,100.0,638.28,1980.0
5834225.573,73249.0,100.0,638.66,1980.0
5834226.073,73249.0,100.0,637.96,1980.0
5834226.573,73249.0,100.0,635.55,1980.0
5834227.073,73249.0,100.0,637.29,1980.0
5834227.573,73249.0,100.0,641.22,1980.0
5834228.073,73249.0,100.0,642.54,1980.0
5834228.573,73249.0,100.0,642.75,1980.0
5834229.074,73249.0,100.0,642.85,1980.0
5834229.574,73249.0,100.0,641.05,1980.0
5834230.074,73249.0,100.0,647.76,1980.0
5834230.574,73249.0,100.0,650.64,1980.0
5834231.074,73249.0,100.0,641.5,1980.0
5834231.574,73249.0,100.0,641.64,1980.0
5834232.074,73249.0,100.0,644.62,1980.0
5834232.575,73249.0,100.0,646.55,1980.0
5834233.075,73249.0,100.0,646.74,1980.0
5834233.575,73249.0,100.0,645.0,1980.0
5834234.075,73249.0,100.0,645.47,1980.0
5834234.575,73249.0,100.0,645.27,1980.0
5834235.075,73249.0,100.0,644.27,1980.0
5834235.576,73249.0,100.0,645.12,1980.0
5834236.076,73249.0,100.0,646.22,1980.0
5834236.576,73249.0,100.0,645.61,1980.0
5834237.076,73249.0,100.0,647.37,1980.0
5834237.576,73249.0,100.0,647.95,1980.0
5834238.076,73249.0,100.0,648.0,1980.0
5834238.576,73249.0,100.0,648.7,1980.0
5834239.076,73249.0,100.0,648.16,1980.0
5834239.576,73249.0,100.0,648.14,1980.0
5834240.077,73249.0,100.0,649.57,1980.0
5834240.577,73249.0,100.0,650.45,1980.0
5834241.077,73249.0,100.0,650.34,1980.0
5834241.577,73249.0,100.0,650.36,1980.0
5834242.078,73249.0,100.0,651.47,1980.0
5834242.578,73249.0,100.0,650.87,1980.0
5834243.078,73249.0,100.0,650.89,1980.0
5834243.578,73249.0,100.0,651.33,1980.0
5834244.078,73249.0,100.0,650.78,1980.0
5834244.578,73249.0,100.0,650.71,1980.0
5834245.078,73249.0,100.0,650.12,1980.0
5834245.578,73249.0,100.0,650.74,1980.0
5834246.079,73249.0,100.0,651.12,1980.0
5834246.579,73249.0,100.0,651.47,1980.0
5834247.079,73249.0,100.0,652.01,1980.0
5834247.579,73249.0,100.0,651.64,1980.0
5834248.079,73249.0,100.0,651.47,1980.0
5834248.579,73249.0,100.0,651.79,1980.0
5834249.079,73249.0,100.0,651.91,1980.0
5834249.580,73249.0,100.0,652.29,1980.0
5834250.080,73249.0,100.0,652.15,1980.0
5834250.580,73249.0,100.0,653.02,1980.0
5834251.080,73249.0,100.0,653.88,1980.0
5834251.580,73249.0,100.0,654.47,1980.0
5834252.080,73249.0,100.0,655.09,1980.0
5834252.581,73249.0,100.0,653.8,1980.0
5834253.081,73249.0,100.0,653.09,1980.0
5834253.581,73249.0,100.0,654.14,1980.0
5834254.081,73249.0,100.0,656.87,1980.0
5834254.581,73249.0,100.0,662.71,1980.0
5834255.081,73249.0,100.0,662.96,1980.0
5834255.582,73249.0,100.0,656.77,1980.0
5834256.082,73249.0,100.0,666.27,1980.0
5834256.582,73249.0,100.0,670.49,1980.0
5834257.082,73249.0,100.0,669.07,1980.0
5834257.582,73249.0,100.0,667.0,1980.0
5834258.082,73249.0,100.0,662.42,1980.0
5834258.583,73249.0,100.0,668.79,1980.0
5834259.082,73249.0,100.0,671.42,1980.0
5834259.583,73249.0,100.0,679.44,1980.0
5834260.083,73249.0,100.0,678.45,1980.0
5834260.583,73249.0,100.0,672.71,1980.0
5834261.083,73249.0,100.0,677.22,1980.0
5834261.583,73249.0,100.0,679.7,1980.0
5834262.084,73249.0,100.0,682.48,1980.0
5834262.584,73249.0,98.0,648.94,1965.0
5834263.084,73249.0,100.0,583.7,1980.0
5834263.584,73249.0,100.0,544.54,1980.0
5834264.084,73249.0,100.0,540.3,1980.0
5834264.584,73249.0,100.0,535.57,1980.0
5834265.085,73249.0,100.0,529.63,1980.0
5834265.585,73249.0,100.0,531.33,1980.0
5834266.085,73249.0,100.0,534.83,1980.0
5834266.585,73249.0,100.0,534.34,1980.0
5834267.085,73249.0,100.0,535.01,1980.0
5834267.585,73249.0,100.0,537.42,1980.0
5834268.085,73249.0,100.0,537.54,1980.0
5834268.586,73249.0,100.0,539.41,1980.0
5834269.086,73249.0,100.0,542.21,1980.0
5834269.586,73249.0,100.0,544.62,1980.0
5834270.086,73249.0,100.0,546.68,1980.0
5834270.586,73249.0,100.0,547.45,1980.0
5834271.086,73249.0,100.0,549.56,1980.0
5834271.586,73249.0,100.0,550.82,1980.0
5834272.086,73249.0,100.0,550.66,1980.0
5834272.586,73249.0,100.0,551.17,1980.0
5834273.087,73249.0,100.0,551.64,1980.0
5834273.587,73249.0,100.0,552.33,1980.0
5834274.087,73249.0,100.0,552.99,1980.0
5834274.587,73249.0,100.0,553.71,1980.0
5834275.087,73249.0,100.0,554.15,1980.0
5834275.587,73249.0,100.0,554.56,1980.0
5834276.088,73249.0,100.0,555.75,1980.0
5834276.588,73249.0,100.0,557.38,1980.0
5834277.088,73249.0,100.0,557.64,1980.0
5834277.588,73249.0,100.0,558.12,1980.0
5834278.088,73249.0,100.0,560.01,1980.0
5834278.588,73249.0,100.0,564.03,1980.0
5834279.088,73249.0,100.0,565.36,1980.0
5834279.589,73249.0,100.0,560.65,1980.0
5834280.089,73249.0,100.0,560.29,1980.0
5834280.589,73249.0,100.0,563.42,1980.0
5834281.089,73249.0,100.0,564.48,1980.0
5834281.589,73249.0,100.0,566.13,1980.0
5834282.089,73249.0,100.0,567.24,1980.0
5834282.589,73249.0,100.0,566.32,1980.0
5834283.090,73249.0,100.0,567.18,1980.0
5834283.590,73249.0,100.0,568.36,1980.0
5834284.090,73249.0,100.0,567.6,1980.0
5834284.590,73249.0,100.0,568.39,1980.0
5834285.090,73249.0,100.0,569.74,1980.0
5834285.591,73249.0,100.0,570.27,1980.0
5834286.091,73249.0,100.0,571.2,1980.0
5834286.591,73249.0,100.0,573.62,1980.0
5834287.091,73249.0,100.0,574.45,1980.0
5834287.591,73249.0,100.0,572.62,1980.0
5834288.091,73249.0,100.0,573.39,1980.0
5834288.591,73249.0,100.0,575.16,1980.0
5834289.092,73249.0,100.0,575.91,1980.0
5834289.592,73249.0,100.0,575.35,1980.0
5834290.092,73249.0,100.0,575.72,1980.0
5834290.592,73249.0,100.0,578.62,1980.0
5834291.092,73249.0,100.0,579.54,1980.0
5834291.592,73249.0,100.0,578.92,1980.0
5834292.092,73249.0,100.0,579.96,1980.0
5834292.593,73249.0,100.0,579.49,1980.0
5834293.093,73249.0,100.0,579.47,1980.0
5834293.593,73249.0,100.0,580.67,1980.0
5834294.093,73249.0,100.0,582.0,1980.0
5834294.593,73249.0,100.0,582.2,1980.0
5834295.093,73249.0,100.0,581.84,1980.0
5834295.593,73249.0,100.0,581.83,1980.0
5834296.094,73249.0,100.0,581.86,1980.0
5834296.594,73249.0,100.0,583.24,1980.0
5834297.094,73249.0,100.0,585.7,1980.0
5834297.594,73249.0,100.0,586.69,1980.0
5834298.094,73249.0,100.0,585.54,1980.0
5834298.594,73249.0,100.0,585.79,1980.0
5834299.095,73249.0,100.0,586.45,1980.0
5834299.595,73249.0,100.0,586.36,1980.0
5834300.095,73249.0,100.0,585.43,1980.0
5834300.595,73249.0,100.0,586.4,1980.0
5834301.095,73249.0,100.0,588.67,1980.0
5834301.595,73249.0,100.0,588.97,1980.0
5834302.095,73249.0,100.0,589.94,1980.0
5834302.596,73249.0,100.0,590.22,1980.0
5834303.096,73249.0,100.0,590.02,1980.0
5834303.596,73249.0,100.0,590.32,1980.0
5834304.096,73249.0,100.0,590.04,1980.0
5834304.596,73249.0,100.0,591.43,1980.0
5834305.096,73249.0,100.0,591.98,1980.0
5834305.596,73249.0,100.0,592.54,1980.0
5834306.096,73249.0,100.0,593.64,1980.0
5834306.597,73249.0,100.0,594.4,1980.0
5834307.097,73249.0,100.0,594.48,1980.0
5834307.597,73249.0,100.0,594.41,1980.0
5834308.097,73249.0,100.0,595.5,1980.0
5834308.598,73249.0,100.0,594.69,1980.0
5834309.097,73249.0,100.0,594.52,1980.0
5834309.598,73249.0,100.0,594.44,1980.0
5834310.098,73249.0,100.0,594.71,1980.0
5834310.598,73249.0,100.0,593.72,1980.0
5834311.098,73249.0,100.0,591.73,1980.0
5834311.598,73249.0,100.0,592.03,1980.0
5834312.098,73249.0,100.0,595.41,1980.0
5834312.599,73249.0,100.0,597.63,1980.0
5834313.099,73249.0,100.0,596.61,1980.0
5834313.599,73249.0,100.0,595.34,1980.0
5834314.099,73249.0,100.0,596.0,1980.0
5834314.599,73249.0,100.0,597.68,1980.0
5834315.099,73249.0,100.0,601.56,1980.0
5834315.600,73249.0,100.0,605.28,1980.0
5834316.100,73249.0,100.0,600.83,1980.0
5834316.600,73249.0,100.0,599.51,1980.0
5834317.100,73249.0,100.0,598.27,1980.0
5834317.600,73249.0,100.0,597.16,1980.0
5834318.100,73249.0,100.0,598.72,1980.0
5834318.601,73249.0,100.0,602.54,1980.0
5834319.101,73249.0,100.0,607.32,1980.0
5834319.601,73249.0,100.0,611.33,1980.0
5834320.101,73249.0,100.0,598.54,1980.0
5834320.601,73249.0,100.0,598.2,1980.0
5834321.101,73249.0,100.0,604.61,1980.0
5834321.602,73249.0,100.0,600.95,1980.0
5834322.102,73249.0,100.0,602.22,1980.0
5834322.602,73249.0,100.0,601.51,1980.0
5834323.103,73249.0,100.0,599.38,1980.0
5834323.602,73249.0,100.0,601.01,1980.0
5834324.102,73249.0,100.0,612.58,1980.0
5834324.602,73249.0,100.0,614.59,1980.0
5834325.103,73249.0,100.0,605.57,1980.0
5834325.603,73249.0,100.0,603.81,1980.0
5834326.103,73249.0,100.0,602.89,1980.0
5834326.603,73249.0,100.0,603.89,1980.0
5834327.103,73249.0,100.0,606.3,1980.0
5834327.603,73249.0,100.0,604.96,1980.0
5834328.103,73249.0,100.0,602.96,1980.0
5834328.603,73249.0,100.0,604.02,1980.0
5834329.104,73249.0,100.0,605.3,1980.0
5834329.604,73249.0,100.0,605.15,1980.0
5834330.104,73249.0,100.0,605.19,1980.0
5834330.604,73249.0,100.0,604.99,1980.0
5834331.104,73249.0,100.0,605.68,1980.0
5834331.605,73249.0,100.0,607.94,1980.0
5834332.105,73249.0,100.0,608.78,1980.0
5834332.605,73249.0,100.0,604.41,1980.0
5834333.105,73249.0,100.0,603.31,1980.0
5834333.605,73249.0,100.0,604.21,1980.0
5834334.105,73249.0,100.0,605.37,1980.0
5834334.605,73249.0,100.0,608.96,1980.0
5834335.105,73249.0,100.0,610.13,1980.0
5834335.605,73249.0,100.0,609.72,1980.0
5834336.106,73249.0,100.0,609.08,1980.0
5834336.606,73249.0,100.0,608.62,1980.0
5834337.106,73249.0,100.0,608.5,1980.0
5834337.606,73249.0,100.0,607.62,1980.0
5834338.106,73249.0,100.0,608.45,1980.0
5834338.606,73249.0,100.0,610.58,1980.0
5834339.106,73249.0,100.0,611.09,1980.0
5834339.607,73249.0,100.0,610.51,1980.0
5834340.107,73249.0,100.0,609.59,1980.0
5834340.607,73249.0,100.0,609.93,1980.0
5834341.107,73249.0,100.0,611.85,1980.0
5834341.607,73249.0,100.0,612.44,1980.0
5834342.108,73249.0,100.0,611.91,1980.0
5834342.608,73249.0,100.0,611.73,1980.0
5834343.108,73249.0,100.0,612.43,1980.0
5834343.608,73249.0,100.0,612.87,1980.0
5834344.108,73249.0,100.0,612.05,1980.0
5834344.608,73249.0,100.0,611.39,1980.0
5834345.108,73249.0,100.0,612.91,1980.0
5834345.608,73249.0,100.0,613.28,1980.0
5834346.109,73249.0,100.0,612.63,1980.0
5834346.609,73249.0,100.0,612.7,1980.0
5834347.109,73249.0,100.0,613.39,1980.0
5834347.609,73249.0,100.0,614.04,1980.0
5834348.110,73249.0,100.0,615.33,1980.0
5834348.610,73249.0,100.0,615.27,1980.0
5834349.110,73249.0,100.0,614.01,1980.0
5834349.610,73249.0,100.0,615.28,1980.0
5834350.110,73249.0,100.0,615.81,1980.0
5834350.610,73249.0,100.0,617.61,1980.0
5834351.111,73249.0,100.0,616.62,1980.0
5834351.611,73249.0,100.0,615.64,1980.0
5834352.111,73249.0,100.0,617.16,1980.0
5834352.611,73249.0,100.0,615.09,1980.0
5834353.111,73249.0,100.0,614.25,1980.0
5834353.611,73249.0,100.0,615.5,1980.0
5834354.112,73249.0,100.0,614.8,1980.0
5834354.612,73249.0,100.0,614.12,1980.0
5834355.112,73249.0,100.0,615.9,1980.0
5834355.612,73249.0,100.0,617.39,1980.0
5834356.112,73249.0,100.0,617.69,1980.0
5834356.612,73249.0,100.0,618.65,1980.0
5834357.113,73249.0,100.0,618.1,1980.0
5834357.613,73249.0,100.0,617.98,1980.0
5834358.113,73249.0,100.0,618.62,1980.0
5834358.613,73249.0,100.0,618.28,1980.0
5834359.113,73249.0,100.0,617.86,1980.0
5834359.613,73249.0,100.0,617.92,1980.0
5834360.113,73249.0,100.0,617.73,1980.0
5834360.614,73249.0,100.0,617.69,1980.0
5834361.114,73249.0,100.0,619.02,1980.0
5834361.614,73249.0,100.0,619.75,1980.0
5834362.114,73249.0,100.0,619.54,1980.0
5834362.614,73249.0,100.0,619.34,1980.0
5834363.114,73249.0,100.0,619.38,1980.0
5834363.615,73249.0,100.0,619.94,1980.0
5834364.115,73249.0,100.0,620.11,1980.0
5834364.615,73249.0,100.0,620.67,1980.0
5834365.115,73249.0,100.0,620.4,1980.0
5834365.615,73249.0,100.0,619.62,1980.0
5834366.116,73249.0,100.0,619.6,1980.0
5834366.616,73249.0,100.0,619.95,1980.0
5834367.116,73249.0,100.0,619.25,1980.0
5834367.616,73249.0,100.0,618.79,1980.0
5834368.116,73249.0,100.0,618.72,1980.0
5834368.616,73249.0,100.0,618.92,1980.0
5834369.117,73249.0,100.0,618.91,1980.0
5834369.617,73249.0,100.0,620.49,1980.0
5834370.117,73249.0,100.0,621.25,1980.0
5834370.617,73249.0,100.0,620.09,1980.0
5834371.117,73249.0,100.0,620.87,1980.0
5834371.617,73249.0,100.0,621.31,1980.0
5834372.118,73249.0,100.0,621.47,1980.0
5834372.618,73249.0,100.0,620.84,1980.0
5834373.118,73249.0,100.0,620.75,1980.0
5834373.618,73249.0,100.0,622.74,1980.0
5834374.118,73249.0,100.0,621.86,1980.0
5834374.618,74401.0,100.0,607.81,1530.0
5834375.119,74401.0,100.0,685.57,1530.0
5834375.619,74401.0,100.0,701.88,1560.0
5834376.119,74401.0,100.0,646.93,1965.0
5834376.619,74401.0,100.0,630.43,1980.0
5834377.119,74401.0,100.0,599.03,1980.0
5834377.619,74401.0,100.0,604.12,1980.0
5834378.120,74401.0,100.0,600.65,1980.0
5834378.620,74401.0,100.0,598.26,1980.0
5834379.120,74401.0,100.0,601.31,1980.0
5834379.620,74401.0,100.0,603.2,1980.0
5834380.120,74401.0,100.0,602.69,1980.0
5834380.620,74401.0,100.0,603.39,1980.0
5834381.121,74401.0,100.0,604.79,1980.0
5834381.621,74401.0,100.0,605.21,1980.0
5834382.121,74401.0,100.0,606.21,1980.0
5834382.621,74401.0,100.0,608.07,1980.0
5834383.122,74401.0,100.0,606.8,1980.0
5834383.622,74401.0,100.0,606.27,1980.0
5834384.122,74401.0,100.0,608.02,1980.0
5834384.622,74401.0,100.0,608.38,1980.0
5834385.122,74401.0,100.0,608.92,1980.0
5834385.622,74401.0,100.0,609.77,1980.0
5834386.122,74401.0,100.0,611.1,1980.0
5834386.623,74401.0,100.0,611.23,1980.0
5834387.123,74401.0,100.0,611.4,1980.0
5834387.623,74401.0,100.0,611.0,1980.0
5834388.123,74401.0,100.0,609.92,1980.0
5834388.623,74401.0,100.0,610.95,1980.0
5834389.123,74401.0,100.0,613.42,1980.0
5834389.624,74401.0,100.0,610.67,1980.0
5834390.124,74401.0,100.0,608.69,1980.0
5834390.624,74401.0,100.0,610.79,1980.0
5834391.124,74401.0,100.0,612.18,1980.0
5834391.624,74401.0,100.0,613.38,1980.0
5834392.124,74401.0,100.0,614.24,1980.0
5834392.625,74401.0,100.0,614.09,1980.0
5834393.125,74401.0,100.0,611.59,1980.0
5834393.625,74401.0,100.0,611.37,1980.0
5834394.125,74401.0,100.0,612.53,1980.0
5834394.625,74401.0,100.0,613.34,1980.0
5834395.125,74401.0,100.0,615.24,1980.0
5834395.626,74401.0,100.0,612.26,1980.0
5834396.126,74401.0,100.0,610.84,1980.0
5834396.626,74401.0,100.0,612.51,1980.0
5834397.126,74401.0,100.0,612.44,1980.0
5834397.627,74401.0,100.0,612.67,1980.0
5834398.127,74401.0,100.0,614.2,1980.0
5834398.627,74401.0,100.0,614.39,1980.0
5834399.127,74401.0,100.0,613.41,1980.0
5834399.627,74401.0,100.0,616.13,1980.0
5834400.127,74401.0,100.0,616.16,1980.0
5834400.628,74401.0,100.0,616.61,1980.0
5834401.128,74401.0,100.0,616.31,1980.0
5834401.628,74401.0,100.0,613.71,1980.0
5834402.128,74401.0,100.0,614.39,1980.0
5834402.628,74401.0,100.0,613.84,1980.0
5834403.128,74401.0,100.0,613.01,1980.0
5834403.629,74401.0,100.0,614.15,1980.0
5834404.129,74401.0,100.0,614.22,1980.0
5834404.629,74401.0,100.0,613.23,1980.0
5834405.129,74401.0,100.0,613.98,1980.0
5834405.629,74401.0,100.0,616.44,1980.0
5834406.129,74401.0,100.0,616.2,1980.0
5834406.630,74401.0,100.0,615.47,1980.0
5834407.130,74401.0,100.0,615.24,1980.0
5834407.630,74401.0,100.0,616.12,1980.0
5834408.131,74401.0,100.0,615.86,1980.0
5834408.631,74401.0,100.0,616.37,1980.0
5834409.131,74401.0,100.0,621.11,1980.0
5834409.631,74401.0,100.0,623.07,1980.0
5834410.131,74401.0,100.0,625.18,1980.0
5834410.632,74401.0,100.0,627.45,1980.0
5834411.132,74401.0,100.0,625.55,1980.0
5834411.632,74401.0,100.0,624.34,1980.0
5834412.132,74401.0,100.0,624.26,1980.0
5834412.632,74401.0,100.0,624.43,1980.0
5834413.132,74401.0,100.0,625.17,1980.0
5834413.633,74401.0,100.0,625.7,1980.0
5834414.133,74401.0,100.0,626.17,1980.0
5834414.633,74401.0,100.0,624.92,1980.0
5834415.133,74401.0,100.0,626.42,1980.0
5834415.633,74401.0,100.0,623.63,1980.0
5834416.133,74401.0,100.0,622.61,1980.0
5834416.634,74401.0,100.0,626.96,1980.0
5834417.134,74401.0,100.0,626.32,1980.0
5834417.634,74401.0,100.0,626.28,1980.0
5834418.134,74401.0,100.0,626.39,1980.0
5834418.634,74401.0,100.0,627.14,1980.0
5834419.134,74401.0,100.0,625.27,1980.0
5834419.634,74401.0,100.0,627.72,1980.0
5834420.135,74401.0,100.0,631.91,1980.0
5834420.635,74401.0,100.0,630.89,1980.0
5834421.135,74401.0,100.0,633.86,1980.0
5834421.635,74401.0,100.0,635.25,1980.0
5834422.135,74401.0,100.0,631.6,1980.0
5834422.635,74401.0,100.0,629.21,1980.0
5834423.136,74401.0,100.0,632.89,1980.0
5834423.636,74401.0,100.0,631.14,1980.0
5834424.136,74401.0,100.0,618.99,1980.0
5834424.636,74401.0,100.0,619.39,1980.0
5834425.136,74401.0,100.0,629.3,1980.0
5834425.637,74401.0,100.0,631.51,1980.0
5834426.137,74401.0,100.0,630.89,1980.0
5834426.637,74401.0,100.0,630.75,1980.0
5834427.137,74401.0,100.0,632.82,1980.0
5834427.637,74401.0,100.0,632.14,1980.0
5834428.138,74401.0,100.0,632.06,1980.0
5834428.638,74401.0,100.0,630.65,1980.0
5834429.138,74401.0,100.0,629.28,1980.0
5834429.638,74401.0,100.0,629.06,1980.0
5834430.138,74401.0,100.0,630.37,1980.0
5834430.638,74401.0,100.0,632.83,1980.0
5834431.139,74401.0,100.0,631.23,1980.0
5834431.639,74401.0,100.0,631.08,1980.0
5834432.139,74401.0,100.0,632.52,1980.0
5834432.639,74401.0,100.0,631.87,1980.0
5834433.139,74401.0,100.0,632.77,1980.0
5834433.640,74401.0,100.0,634.64,1980.0
5834434.140,74401.0,100.0,635.14,1980.0
5834434.640,74401.0,100.0,634.64,1980.0
5834435.140,74401.0,100.0,633.82,1980.0
5834435.640,74401.0,100.0,633.72,1980.0
5834436.140,74401.0,100.0,634.96,1980.0
5834436.641,74401.0,100.0,633.27,1980.0
5834437.141,74401.0,100.0,629.79,1980.0
5834437.641,74401.0,100.0,631.72,1980.0
5834438.141,74401.0,100.0,633.09,1980.0
5834438.641,74401.0,100.0,631.97,1980.0
5834439.142,74401.0,100.0,632.31,1980.0
5834439.642,74401.0,100.0,633.32,1980.0
5834440.142,74401.0,100.0,635.74,1980.0
5834440.642,74401.0,100.0,635.86,1980.0
5834441.142,74401.0,100.0,633.26,1980.0
5834441.643,74401.0,100.0,632.33,1980.0
5834442.143,74401.0,100.0,633.16,1980.0
5834442.643,74401.0,100.0,633.86,1980.0
5834443.143,74401.0,100.0,634.07,1980.0
5834443.643,74401.0,100.0,632.84,1980.0
5834444.143,74401.0,100.0,634.1,1980.0
5834444.643,74401.0,100.0,635.2,1980.0
5834445.144,74401.0,100.0,634.25,1980.0
5834445.644,74401.0,100.0,635.52,1980.0
5834446.144,74401.0,100.0,635.42,1980.0
5834446.644,74401.0,100.0,636.03,1980.0
5834447.144,74401.0,100.0,634.07,1980.0
5834447.645,74401.0,100.0,633.97,1980.0
5834448.145,74401.0,100.0,633.99,1980.0
5834448.645,74401.0,100.0,632.84,1980.0
5834449.145,74401.0,100.0,634.07,1980.0
5834449.645,74401.0,100.0,635.05,1980.0
5834450.146,74401.0,100.0,633.17,1980.0
5834450.646,74401.0,100.0,633.38,1980.0
5834451.146,74401.0,100.0,634.23,1980.0
5834451.646,74401.0,100.0,633.38,1980.0
5834452.146,74401.0,100.0,634.99,1980.0
5834452.646,74401.0,100.0,635.0,1980.0
5834453.147,74401.0,100.0,633.88,1980.0
5834453.647,74401.0,100.0,633.35,1980.0
5834454.147,74401.0,100.0,633.95,1980.0
5834454.647,74401.0,100.0,635.01,1980.0
5834455.147,74401.0,100.0,634.97,1980.0
5834455.648,74401.0,100.0,635.42,1980.0
5834456.148,74401.0,100.0,635.38,1980.0
5834456.648,74401.0,100.0,634.38,1980.0
5834457.148,74401.0,100.0,635.12,1980.0
5834457.648,74401.0,100.0,636.0,1980.0
5834458.148,74401.0,100.0,636.76,1980.0
5834458.649,74401.0,100.0,636.28,1980.0
5834459.149,74401.0,100.0,634.5,1980.0
5834459.649,74401.0,100.0,634.48,1980.0
5834460.149,74401.0,100.0,634.81,1980.0
5834460.649,74401.0,100.0,636.32,1980.0
5834461.150,74401.0,100.0,637.05,1980.0
5834461.650,74401.0,100.0,636.42,1980.0
5834462.150,74401.0,100.0,635.89,1980.0
5834462.650,74401.0,100.0,636.15,1980.0
5834463.150,74401.0,100.0,635.45,1980.0
5834463.650,74401.0,100.0,636.52,1980.0
5834464.151,74401.0,100.0,637.68,1980.0
5834464.651,74401.0,100.0,637.8,1980.0
5834465.151,74401.0,100.0,636.4,1980.0
5834465.651,74401.0,100.0,634.99,1980.0
5834466.151,74401.0,100.0,636.87,1980.0
5834466.652,74401.0,100.0,636.17,1980.0
5834467.152,74401.0,100.0,635.98,1980.0
5834467.652,74401.0,100.0,638.8,1980.0
5834468.152,74401.0,100.0,637.91,1980.0
5834468.652,74401.0,100.0,637.89,1980.0
5834469.153,74401.0,100.0,639.88,1980.0
5834469.653,74401.0,100.0,638.85,1980.0
5834470.153,74401.0,100.0,639.99,1980.0
5834470.653,74401.0,100.0,640.24,1980.0
5834471.153,74401.0,100.0,638.63,1980.0
5834471.654,74401.0,100.0,640.48,1980.0
5834472.154,74401.0,100.0,638.56,1980.0
5834472.654,74401.0,100.0,634.39,1980.0
5834473.154,74401.0,100.0,635.89,1980.0
5834473.654,74401.0,100.0,636.26,1980.0
5834474.154,74401.0,100.0,636.34,1980.0
5834474.655,74401.0,100.0,638.87,1980.0
5834475.155,74401.0,100.0,640.58,1980.0
5834475.655,74401.0,100.0,641.98,1980.0
5834476.155,74401.0,100.0,642.18,1980.0
5834476.655,74401.0,100.0,641.09,1980.0
5834477.156,74401.0,100.0,639.12,1980.0
5834477.656,74401.0,100.0,638.86,1980.0
5834478.156,74401.0,100.0,639.58,1980.0
5834478.656,74401.0,100.0,640.02,1980.0
5834479.156,74401.0,100.0,641.27,1980.0
5834479.656,74401.0,100.0,640.39,1980.0
5834480.157,74401.0,100.0,639.17,1980.0
5834480.657,74401.0,100.0,640.85,1980.0
5834481.157,74401.0,100.0,640.93,1980.0
5834481.657,74401.0,100.0,640.93,1980.0
5834482.157,74401.0,100.0,641.16,1980.0
5834482.658,74401.0,100.0,640.78,1980.0
5834483.158,74401.0,100.0,639.55,1980.0
5834483.658,74401.0,100.0,640.01,1980.0
5834484.158,74401.0,100.0,640.03,1980.0
5834484.658,74401.0,100.0,639.53,1980.0
5834485.159,74401.0,100.0,637.22,1980.0
5834485.659,74401.0,100.0,635.56,1980.0
5834486.159,74401.0,100.0,637.71,1980.0
5834486.659,74401.0,100.0,637.28,1980.0
5834487.159,74401.0,100.0,637.1,1980.0
5834487.660,74401.0,100.0,640.86,1980.0
5834488.160,74401.0,100.0,641.26,1980.0
5834488.660,74401.0,100.0,640.56,1980.0
5834489.160,74401.0,100.0,641.37,1980.0
5834489.660,74401.0,100.0,641.51,1980.0
5834490.160,74401.0,100.0,641.27,1980.0
5834490.661,74401.0,100.0,641.44,1980.0
5834491.161,74401.0,100.0,642.9,1980.0
5834491.661,74401.0,100.0,642.26,1980.0
5834492.161,74401.0,100.0,640.58,1980.0
5834492.662,74401.0,100.0,640.87,1980.0
5834493.162,74401.0,100.0,640.38,1980.0
5834493.662,74401.0,100.0,640.97,1980.0
5834494.162,74401.0,100.0,641.6,1980.0
5834494.662,74401.0,100.0,640.96,1980.0
5834495.162,74401.0,100.0,641.86,1980.0
5834495.662,74401.0,100.0,641.91,1980.0
5834496.163,74401.0,100.0,641.46,1980.0
5834496.663,74401.0,100.0,641.42,1980.0
5834497.163,74401.0,100.0,642.64,1980.0
5834497.663,74401.0,100.0,642.59,1980.0
5834498.163,74401.0,100.0,640.72,1980.0
5834498.663,74401.0,100.0,640.46,1980.0
5834499.164,74401.0,100.0,640.47,1980.0
5834499.664,74401.0,100.0,642.38,1980.0
5834500.164,74401.0,100.0,642.42,1980.0
5834500.664,74401.0,100.0,644.15,1980.0
5834501.164,74401.0,100.0,647.56,1980.0
5834501.665,74401.0,100.0,646.71,1980.0
5834502.165,74401.0,100.0,642.13,1980.0
5834502.665,74401.0,100.0,640.72,1980.0
5834503.165,74401.0,100.0,642.56,1980.0
5834503.665,74401.0,100.0,643.52,1980.0
5834504.165,74401.0,100.0,643.56,1980.0
5834504.666,74401.0,100.0,642.51,1980.0
5834505.166,74401.0,100.0,644.31,1980.0
5834505.666,74401.0,100.0,643.62,1980.0
5834506.166,74401.0,100.0,643.71,1980.0
5834506.666,74401.0,100.0,644.44,1980.0
5834507.166,74401.0,100.0,644.05,1980.0
5834507.666,74401.0,100.0,645.25,1980.0
5834508.167,74401.0,100.0,645.85,1980.0
5834508.667,74401.0,100.0,644.47,1980.0
5834509.167,74401.0,100.0,644.11,1980.0
5834509.667,74401.0,100.0,645.45,1980.0
5834510.167,74401.0,100.0,644.9,1980.0
5834510.669,74401.0,100.0,644.2,1980.0
5834511.169,74401.0,100.0,644.31,1980.0
5834511.669,74401.0,100.0,645.26,1980.0
5834512.173,74401.0,100.0,645.08,1980.0
5834512.674,74401.0,100.0,645.67,1980.0
5834513.174,74401.0,100.0,645.57,1980.0
5834513.674,74401.0,100.0,645.98,1980.0
5834514.174,74401.0,100.0,647.15,1980.0
5834514.674,74401.0,100.0,646.34,1980.0
5834515.175,74401.0,100.0,647.35,1980.0
5834515.674,74401.0,100.0,648.71,1980.0
5834516.175,74401.0,100.0,647.76,1980.0
5834516.675,74401.0,100.0,647.65,1980.0
5834517.175,74401.0,100.0,647.53,1980.0
5834517.675,74401.0,100.0,647.51,1980.0
5834518.175,74401.0,100.0,648.12,1980.0
5834518.675,74401.0,100.0,648.29,1980.0
5834519.176,74401.0,100.0,649.2,1980.0
5834519.676,74401.0,100.0,647.64,1980.0
5834520.176,74401.0,100.0,648.25,1980.0
5834520.676,74401.0,100.0,649.37,1980.0
5834521.176,74401.0,100.0,647.85,1980.0
5834521.676,74401.0,100.0,647.26,1980.0
5834522.176,74401.0,100.0,647.69,1980.0
5834522.677,74401.0,100.0,646.45,1980.0
5834523.177,74401.0,100.0,645.03,1980.0
5834523.677,74401.0,100.0,645.98,1980.0
5834524.177,74401.0,100.0,647.95,1980.0
5834524.677,74401.0,100.0,647.39,1980.0
5834525.177,74401.0,100.0,647.11,1980.0
5834525.677,74401.0,100.0,649.18,1980.0
5834526.178,74401.0,100.0,649.97,1980.0
5834526.678,74401.0,100.0,649.89,1980.0
5834527.178,74401.0,100.0,648.66,1980.0
5834527.678,74401.0,100.0,647.33,1980.0
5834528.178,74401.0,100.0,647.47,1980.0
5834528.679,74401.0,100.0,649.69,1980.0
5834529.178,74401.0,100.0,649.04,1980.0
5834529.679,74401.0,100.0,648.56,1980.0
5834530.179,74401.0,100.0,649.21,1980.0
5834530.680,74401.0,100.0,647.69,1980.0
5834531.179,74401.0,100.0,647.24,1980.0
5834531.679,74401.0,100.0,649.42,1980.0
5834532.179,74401.0,100.0,650.07,1980.0
5834532.680,74401.0,100.0,650.47,1980.0
5834533.180,74401.0,100.0,648.88,1980.0
5834533.680,74401.0,100.0,647.5,1980.0
5834534.180,74401.0,100.0,649.33,1980.0
5834534.680,74401.0,100.0,651.09,1980.0
5834535.180,74401.0,100.0,647.84,1980.0
5834535.681,74401.0,100.0,646.55,1980.0
5834536.181,74401.0,100.0,647.41,1980.0
5834536.681,74401.0,100.0,648.51,1980.0
5834537.181,74401.0,100.0,648.09,1980.0
5834537.681,74401.0,100.0,648.96,1980.0
5834538.181,74401.0,100.0,647.34,1980.0
5834538.681,74401.0,100.0,649.15,1980.0
5834539.182,74401.0,100.0,651.1,1980.0
5834539.682,74401.0,100.0,647.88,1980.0
5834540.182,74401.0,100.0,649.14,1980.0
5834540.682,74401.0,100.0,648.92,1980.0
5834541.182,74401.0,100.0,649.53,1980.0
5834541.682,74401.0,100.0,649.41,1980.0
5834542.182,74401.0,100.0,649.97,1980.0
5834542.683,74401.0,100.0,649.42,1980.0
5834543.183,74401.0,100.0,648.22,1980.0
5834543.683,74401.0,100.0,648.33,1980.0
5834544.183,74401.0,100.0,650.04,1980.0
5834544.683,74401.0,100.0,649.91,1980.0
5834545.183,74401.0,100.0,648.09,1980.0
5834545.683,74401.0,100.0,649.22,1980.0
5834546.184,74401.0,100.0,651.82,1980.0
5834546.684,74401.0,100.0,650.47,1980.0
5834547.184,74401.0,100.0,650.94,1980.0
5834547.684,74401.0,100.0,651.66,1980.0
5834548.184,74401.0,100.0,650.78,1980.0
5834548.684,74401.0,100.0,648.25,1980.0
5834549.185,74401.0,100.0,649.23,1980.0
5834549.685,74401.0,100.0,652.42,1980.0
5834550.185,74401.0,100.0,651.77,1980.0
5834550.685,74401.0,100.0,650.08,1980.0
5834551.185,74401.0,100.0,648.73,1980.0
5834551.685,74401.0,100.0,649.98,1980.0
5834552.186,74401.0,100.0,651.77,1980.0
5834552.686,74401.0,100.0,649.29,1980.0
5834553.186,74401.0,100.0,647.68,1980.0
5834553.686,74401.0,100.0,647.16,1980.0
5834554.186,74401.0,100.0,643.91,1980.0
5834554.686,74401.0,100.0,644.1,1980.0
5834555.186,74401.0,100.0,646.25,1980.0
5834555.687,74401.0,100.0,648.47,1980.0
5834556.187,74401.0,100.0,648.0,1950.0
5834556.687,74401.0,100.0,632.92,1980.0
5834557.187,74401.0,100.0,622.68,1980.0
5834557.687,74401.0,100.0,625.98,1980.0
5834558.187,74401.0,100.0,626.16,1980.0
5834558.688,74401.0,100.0,627.81,1980.0
5834559.188,74401.0,100.0,633.78,1980.0
5834559.688,74401.0,100.0,635.12,1980.0
5834560.188,74401.0,100.0,634.44,1980.0
5834560.688,74401.0,100.0,634.23,1980.0
5834561.189,74401.0,100.0,634.52,1980.0
5834561.689,74401.0,100.0,638.07,1980.0
5834562.189,74401.0,100.0,639.96,1980.0
5834562.689,74401.0,100.0,638.34,1980.0
5834563.189,74401.0,100.0,636.57,1980.0
5834563.689,74401.0,100.0,638.23,1980.0
5834564.189,74401.0,100.0,640.58,1980.0
5834564.690,74401.0,100.0,643.06,1980.0
5834565.190,74401.0,100.0,643.86,1980.0
5834565.690,74401.0,100.0,644.2,1980.0
5834566.190,74401.0,100.0,644.94,1980.0
5834566.690,74401.0,100.0,644.77,1980.0
5834567.190,74401.0,100.0,645.67,1980.0
5834567.691,74401.0,100.0,646.3,1980.0
5834568.191,74401.0,100.0,645.94,1980.0
5834568.691,74401.0,100.0,646.75,1980.0
5834569.191,74401.0,100.0,648.04,1980.0
5834569.691,74401.0,100.0,647.28,1980.0
5834570.191,74401.0,100.0,647.78,1980.0
5834570.692,74401.0,100.0,648.81,1980.0
5834571.192,74401.0,100.0,648.64,1980.0
5834571.692,74401.0,100.0,649.86,1980.0
5834572.200,74401.0,100.0,651.61,1980.0
5834572.701,74401.0,100.0,652.94,1980.0
5834573.201,74401.0,100.0,652.75,1980.0
5834573.701,74401.0,100.0,652.66,1980.0
5834574.201,74401.0,100.0,654.32,1980.0
5834574.701,74401.0,100.0,655.51,1980.0
5834575.201,74401.0,100.0,654.57,1980.0
5834575.701,74401.0,100.0,653.85,1980.0
5834576.201,74401.0,100.0,655.16,1980.0
5834576.702,74401.0,100.0,655.03,1980.0
5834577.202,74401.0,100.0,654.69,1980.0
5834577.702,74401.0,100.0,653.73,1980.0
5834578.202,74401.0,100.0,651.9,1980.0
5834578.702,74401.0,100.0,652.45,1980.0
5834579.202,74401.0,100.0,654.19,1980.0
5834579.703,74401.0,100.0,653.82,1980.0
5834580.203,74401.0,100.0,653.51,1980.0
5834580.703,74401.0,100.0,658.94,1980.0
5834581.203,74401.0,100.0,660.84,1980.0
5834581.704,74401.0,100.0,661.32,1980.0
5834582.203,74401.0,100.0,659.72,1980.0
5834582.704,74401.0,100.0,657.07,1980.0
5834583.204,74401.0,100.0,656.49,1980.0
5834583.704,74401.0,100.0,656.39,1980.0
5834584.204,74401.0,100.0,656.85,1980.0
5834584.704,74401.0,100.0,663.28,1980.0
5834585.204,74401.0,100.0,662.26,1980.0
5834585.704,74401.0,100.0,657.97,1980.0
5834586.204,74401.0,100.0,657.51,1980.0
5834586.705,74401.0,100.0,655.91,1980.0
5834587.205,74401.0,100.0,654.16,1980.0
5834587.705,74401.0,100.0,656.13,1980.0
5834588.205,74401.0,100.0,660.4,1980.0
5834588.705,74401.0,100.0,659.27,1980.0
5834589.206,74401.0,100.0,657.78,1980.0
5834589.706,74401.0,100.0,658.39,1980.0
5834590.206,74401.0,100.0,659.35,1980.0
5834590.706,74401.0,100.0,658.91,1980.0
5834591.206,74401.0,100.0,659.14,1980.0
5834591.706,74401.0,100.0,659.83,1980.0
5834592.207,74401.0,100.0,660.34,1980.0
5834592.707,74401.0,100.0,660.1,1980.0
5834593.207,74401.0,100.0,659.92,1980.0
5834593.707,74401.0,100.0,660.91,1980.0
5834594.207,74401.0,100.0,660.25,1980.0
5834594.707,74401.0,100.0,660.32,1980.0
5834595.207,74401.0,100.0,666.76,1980.0
5834595.707,74401.0,100.0,672.57,1980.0
5834596.208,74401.0,100.0,671.26,1980.0
5834596.708,74401.0,100.0,665.72,1980.0
5834597.208,74401.0,100.0,666.73,1980.0
5834597.708,74401.0,100.0,672.19,1980.0
5834598.209,74401.0,100.0,678.54,1980.0
5834598.709,74401.0,100.0,680.3,1980.0
5834599.209,74401.0,100.0,679.3,1980.0
5834599.709,74401.0,100.0,678.78,1980.0
5834600.209,74401.0,100.0,678.33,1980.0
5834600.709,74401.0,100.0,680.56,1980.0
5834601.209,74401.0,100.0,676.24,1980.0
5834601.710,74401.0,100.0,674.21,1980.0
5834602.210,74401.0,100.0,679.87,1980.0
5834602.710,74401.0,100.0,685.69,1980.0
5834603.210,74401.0,100.0,687.03,1980.0
5834603.710,74401.0,100.0,687.89,1980.0
5834604.211,74401.0,100.0,691.6,1980.0
5834604.711,74401.0,100.0,691.65,1980.0
5834605.211,74401.0,100.0,691.19,1980.0
5834605.711,74401.0,100.0,690.7,1980.0
5834606.211,74401.0,100.0,690.91,1980.0
5834606.712,74401.0,100.0,691.86,1980.0
5834607.212,74401.0,100.0,690.95,1980.0
5834607.712,74401.0,100.0,689.22,1965.0
5834608.212,74401.0,100.0,692.19,1980.0
5834608.712,74401.0,100.0,692.83,1965.0
5834609.212,74401.0,100.0,690.86,1980.0
5834609.713,74401.0,100.0,688.03,1980.0
5834610.213,74401.0,100.0,690.95,1965.0
5834610.713,74401.0,100.0,690.15,1965.0
5834611.213,74401.0,100.0,690.57,1980.0
5834611.714,74401.0,100.0,691.59,1965.0
5834612.214,74401.0,100.0,690.77,1980.0
5834612.714,74401.0,100.0,691.36,1965.0
5834613.214,74401.0,100.0,689.66,1965.0
5834613.714,74401.0,100.0,691.37,1980.0
5834614.214,74401.0,100.0,693.67,1965.0
5834614.715,74401.0,100.0,691.4,1980.0
5834615.215,74401.0,100.0,694.28,1965.0
5834615.715,74401.0,66.0,688.32,1590.0
5834616.215,74401.0,100.0,650.27,1980.0
5834616.715,74401.0,100.0,623.71,1980.0
5834617.215,74401.0,100.0,628.02,1980.0
5834617.716,74401.0,100.0,632.18,1980.0
5834618.216,74401.0,100.0,633.99,1980.0
5834618.716,74401.0,100.0,634.15,1980.0
5834619.216,74401.0,100.0,637.02,1980.0
5834619.716,74401.0,100.0,636.8,1980.0
5834620.217,74401.0,100.0,636.79,1980.0
5834620.717,74401.0,100.0,637.08,1980.0
5834621.217,74401.0,100.0,634.23,1980.0
5834621.717,74401.0,100.0,634.06,1980.0
5834622.217,74401.0,100.0,635.74,1980.0
5834622.717,74401.0,100.0,636.27,1980.0
5834623.218,74401.0,100.0,635.62,1980.0
5834623.717,74401.0,100.0,637.15,1980.0
5834624.218,74401.0,100.0,640.75,1980.0
5834624.718,74401.0,100.0,642.8,1980.0
5834625.218,74401.0,100.0,641.79,1980.0
5834625.718,74401.0,100.0,642.43,1980.0
5834626.218,74401.0,100.0,643.33,1980.0
5834626.719,74401.0,100.0,642.97,1980.0
5834627.219,74401.0,100.0,643.33,1980.0
5834627.719,74401.0,100.0,644.69,1980.0
5834628.219,74401.0,100.0,646.49,1980.0
5834628.719,74401.0,100.0,647.66,1980.0
5834629.219,74401.0,100.0,648.41,1980.0
5834629.720,74401.0,100.0,649.01,1980.0
5834630.220,74401.0,100.0,648.41,1980.0
5834630.720,74401.0,100.0,648.41,1980.0
5834631.220,74401.0,100.0,649.2,1980.0
5834631.720,74401.0,100.0,650.74,1980.0
5834632.220,74401.0,100.0,651.92,1980.0
5834632.721,74401.0,100.0,651.03,1980.0
5834633.221,74401.0,100.0,651.95,1980.0
5834633.721,74401.0,100.0,652.82,1980.0
5834634.221,74401.0,100.0,655.01,1980.0
5834634.721,74401.0,100.0,654.27,1980.0
5834635.221,74401.0,100.0,653.34,1980.0
5834635.722,74401.0,100.0,654.46,1980.0
5834636.222,74401.0,100.0,650.72,1980.0
5834636.722,74401.0,100.0,651.87,1980.0
5834637.222,74401.0,100.0,654.58,1980.0
5834637.723,74401.0,100.0,652.51,1980.0
5834638.222,74401.0,100.0,653.07,1980.0
5834638.722,74401.0,100.0,654.98,1980.0
5834639.222,74401.0,100.0,655.39,1980.0
5834639.723,74401.0,100.0,654.71,1980.0
5834640.223,74401.0,100.0,654.46,1980.0
5834640.723,74401.0,100.0,656.54,1980.0
5834641.223,74401.0,100.0,659.15,1980.0
5834641.723,74401.0,100.0,658.39,1980.0
5834642.223,74401.0,100.0,656.88,1980.0
5834642.723,74401.0,100.0,665.42,1980.0
5834643.223,74401.0,100.0,667.59,1980.0
5834643.724,74401.0,100.0,660.67,1980.0
5834644.224,74401.0,100.0,660.82,1980.0
5834644.724,74401.0,100.0,666.65,1980.0
5834645.224,74401.0,100.0,663.92,1980.0
5834645.724,74401.0,100.0,657.28,1980.0
5834646.225,74401.0,100.0,659.75,1980.0
5834646.725,74401.0,100.0,662.33,1980.0
5834647.225,74401.0,100.0,666.12,1980.0
5834647.725,74401.0,100.0,663.2,1980.0
5834648.225,74401.0,100.0,659.1,1980.0
5834648.725,74401.0,100.0,661.06,1980.0
5834649.225,74401.0,100.0,661.25,1980.0
5834649.725,74401.0,100.0,660.34,1980.0
5834650.226,74401.0,100.0,659.36,1980.0
5834650.726,74401.0,100.0,658.78,1980.0
5834651.226,74401.0,100.0,658.77,1980.0
5834651.726,74401.0,100.0,658.47,1980.0
5834652.226,74401.0,100.0,658.7,1980.0
5834652.726,74401.0,100.0,659.71,1980.0
5834653.227,74401.0,100.0,665.44,1980.0
5834653.727,74401.0,100.0,666.71,1980.0
5834654.227,74401.0,100.0,661.4,1980.0
5834654.727,74401.0,100.0,665.72,1980.0
5834655.227,74401.0,100.0,671.15,1980.0
5834655.727,74401.0,100.0,671.38,1980.0
5834656.227,74401.0,100.0,666.97,1980.0
5834656.728,74401.0,100.0,662.04,1980.0
5834657.228,74401.0,100.0,665.84,1980.0
5834657.728,74401.0,100.0,672.15,1980.0
5834658.228,74401.0,100.0,678.23,1980.0
5834658.728,74401.0,100.0,678.84,1980.0
5834659.228,74401.0,100.0,674.27,1980.0
5834659.728,74401.0,100.0,678.35,1980.0
5834660.229,74401.0,100.0,683.92,1980.0
5834660.729,74401.0,100.0,675.71,1980.0
5834661.229,74401.0,100.0,675.55,1980.0
5834661.729,74401.0,100.0,683.24,1980.0
5834662.229,74401.0,100.0,683.14,1980.0
5834662.729,74401.0,100.0,685.12,1980.0
5834663.230,74401.0,100.0,686.37,1980.0
5834663.730,74401.0,100.0,690.82,1965.0
5834664.230,74401.0,100.0,691.06,1980.0
5834664.730,74401.0,100.0,688.93,1980.0
5834665.230,74401.0,100.0,691.38,1980.0
5834665.730,74401.0,100.0,687.28,1980.0
5834666.231,74401.0,100.0,686.43,1980.0
5834666.732,74401.0,100.0,690.17,1980.0
5834667.231,74401.0,100.0,692.27,1965.0
5834667.731,74401.0,100.0,690.87,1980.0
5834668.231,74401.0,100.0,691.83,1980.0
5834668.731,74401.0,100.0,691.53,1980.0
5834669.231,74401.0,100.0,691.58,1965.0
5834669.732,74401.0,100.0,691.99,1965.0
5834670.232,74401.0,100.0,690.4,1965.0
5834670.732,74401.0,100.0,693.23,1965.0
5834671.232,74401.0,100.0,693.42,1980.0
5834671.732,74401.0,100.0,694.77,1980.0
5834672.232,74401.0,100.0,691.87,1965.0
5834672.732,74401.0,100.0,692.53,1980.0
5834673.233,74401.0,100.0,693.95,1965.0
5834673.733,74401.0,100.0,691.82,1965.0
5834674.233,74401.0,100.0,690.29,1980.0
5834674.733,74401.0,100.0,692.41,1965.0
5834675.233,74401.0,100.0,691.75,1965.0
5834675.733,74401.0,100.0,675.47,1500.0
5834676.234,74401.0,100.0,678.78,1455.0
5834676.734,74401.0,100.0,678.23,1965.0
5834677.234,74401.0,100.0,680.97,1950.0
5834677.734,74401.0,100.0,694.35,1965.0
5834678.234,74401.0,100.0,690.98,1980.0
5834678.734,74401.0,100.0,694.76,1950.0
5834679.234,74401.0,100.0,690.37,1965.0
5834679.735,74401.0,100.0,692.21,1965.0
5834680.235,74401.0,100.0,693.12,1965.0
5834680.735,74401.0,100.0,695.45,1935.0
5834681.235,74401.0,100.0,697.11,1935.0
5834681.735,74401.0,100.0,694.09,1935.0
5834682.235,74401.0,100.0,692.74,1935.0
5834682.735,74401.0,100.0,693.39,1935.0
5834683.235,74401.0,100.0,693.81,1950.0
5834683.736,74401.0,100.0,694.26,1935.0
5834684.236,74401.0,100.0,693.48,1935.0
5834684.736,74401.0,100.0,693.6,1950.0
5834685.236,74401.0,100.0,693.09,1905.0
5834685.736,74401.0,100.0,691.14,1920.0
5834686.236,74401.0,100.0,692.04,1935.0
5834686.737,74401.0,100.0,694.09,1965.0
5834687.237,74401.0,100.0,694.01,1965.0
5834687.737,74401.0,100.0,691.31,1935.0
5834688.237,74401.0,100.0,689.8,1935.0
5834688.737,74401.0,100.0,692.86,1935.0
5834689.237,74401.0,100.0,688.53,1965.0
5834689.738,74401.0,100.0,681.15,1965.0
5834690.238,74401.0,100.0,688.62,1935.0
5834690.738,74401.0,100.0,684.27,1965.0
5834691.238,74401.0,100.0,691.98,1935.0
5834691.738,74401.0,100.0,693.07,1965.0
5834692.238,74401.0,100.0,688.72,1965.0
5834692.738,74401.0,100.0,693.84,1920.0
5834693.239,74401.0,100.0,698.21,1965.0
5834693.739,74401.0,100.0,697.05,1965.0
5834694.239,74401.0,100.0,691.54,1935.0
5834694.739,74401.0,100.0,693.84,1935.0
5834695.239,74401.0,100.0,693.35,1965.0
5834695.739,74401.0,100.0,694.17,1935.0
5834696.239,74401.0,100.0,693.77,1965.0
5834696.740,74401.0,100.0,691.32,1920.0
5834697.240,74401.0,100.0,692.51,1935.0
5834697.740,74401.0,100.0,695.19,1950.0
5834698.240,74401.0,100.0,694.56,1920.0
5834698.740,74401.0,100.0,694.54,1920.0
5834699.240,74401.0,100.0,694.46,1935.0
5834699.741,74401.0,100.0,693.91,1905.0
5834700.241,74401.0,100.0,695.42,1935.0
5834700.741,74401.0,100.0,694.94,1935.0
5834701.241,74401.0,100.0,693.82,1920.0
5834701.741,74401.0,100.0,694.3,1920.0
5834702.241,74401.0,100.0,692.34,1935.0
5834702.741,74401.0,100.0,692.92,1935.0
5834703.242,74401.0,100.0,695.23,1950.0
5834703.742,74401.0,100.0,694.69,1950.0
5834704.242,74401.0,100.0,695.66,1950.0
5834704.742,74401.0,100.0,695.18,1920.0
5834705.242,74401.0,100.0,693.61,1935.0
5834705.742,74401.0,100.0,694.54,1950.0
5834706.243,74401.0,100.0,693.8,1950.0
5834706.743,74401.0,100.0,693.41,1935.0
5834707.243,74401.0,100.0,694.01,1965.0
5834707.743,74401.0,100.0,695.32,1935.0
5834708.243,74401.0,100.0,694.36,1935.0
5834708.743,74401.0,100.0,694.41,1935.0
5834709.243,74401.0,100.0,695.12,1935.0
5834709.744,74401.0,100.0,695.09,1935.0
5834710.244,74401.0,100.0,693.88,1935.0
5834710.744,74401.0,100.0,694.35,1920.0
5834711.244,74401.0,100.0,694.63,1905.0
5834711.744,74401.0,100.0,694.8,1950.0
5834712.244,74401.0,100.0,695.69,1935.0
5834712.745,74401.0,100.0,694.0,1950.0
5834713.245,74401.0,100.0,694.78,1920.0
5834713.745,74401.0,100.0,694.23,1965.0
5834714.245,74401.0,100.0,693.85,1920.0
5834714.745,74401.0,100.0,693.47,1950.0
5834715.245,74401.0,100.0,693.78,1950.0
5834715.745,74401.0,100.0,695.31,1935.0
5834716.246,74401.0,100.0,692.86,1920.0
5834716.746,74401.0,100.0,696.47,1950.0
5834717.246,74401.0,100.0,696.57,1935.0
5834717.746,74401.0,100.0,691.38,1920.0
5834718.246,74401.0,100.0,692.87,1935.0
5834718.746,74401.0,100.0,693.78,1950.0
5834719.246,74401.0,100.0,695.76,1920.0
5834719.747,74401.0,100.0,695.66,1920.0
5834720.247,74401.0,100.0,694.72,1965.0
5834720.747,74401.0,100.0,695.05,1935.0
5834721.247,74401.0,100.0,694.04,1935.0
5834721.747,74401.0,100.0,695.41,1950.0
5834722.247,74401.0,100.0,695.71,1920.0
5834722.747,74401.0,100.0,694.79,1965.0
5834723.248,74401.0,100.0,693.73,1950.0
5834723.748,74401.0,100.0,693.61,1950.0
5834724.248,74401.0,100.0,693.93,1950.0
5834724.748,74401.0,100.0,694.69,1965.0
5834725.248,74401.0,100.0,695.02,1935.0
5834725.748,74401.0,100.0,694.39,1950.0
5834726.248,74401.0,100.0,694.3,1935.0
5834726.748,74401.0,100.0,693.88,1950.0
5834727.249,74401.0,100.0,694.43,1935.0
5834727.749,74401.0,100.0,695.09,1935.0
5834728.249,74401.0,100.0,695.6,1935.0
5834728.749,74401.0,100.0,695.62,1935.0
5834729.249,74401.0,100.0,694.89,1935.0
5834729.749,74401.0,100.0,694.57,1950.0
5834730.249,74401.0,100.0,694.65,1950.0
5834730.749,74401.0,100.0,693.67,1950.0
5834731.250,74401.0,100.0,694.17,1950.0
5834731.750,74401.0,100.0,695.59,1920.0
5834732.250,74401.0,100.0,694.32,1920.0
5834732.750,74401.0,100.0,694.04,1935.0
5834733.250,74401.0,100.0,694.9,1935.0
5834733.750,74401.0,100.0,695.49,1920.0
5834734.251,74401.0,100.0,695.08,1935.0
5834734.751,74401.0,100.0,694.58,1935.0
5834735.251,74401.0,100.0,695.46,1920.0
5834735.751,74401.0,100.0,694.35,1950.0
5834736.251,74401.0,100.0,695.04,1920.0
5834736.751,74401.0,100.0,695.82,1905.0
5834737.252,74401.0,100.0,693.93,1920.0
5834737.752,74401.0,100.0,693.21,1950.0
5834738.252,74401.0,100.0,694.15,1950.0
5834738.752,74401.0,100.0,694.85,1950.0
5834739.252,74401.0,100.0,696.16,1920.0
5834739.752,74401.0,100.0,695.6,1950.0
5834740.252,74401.0,100.0,694.31,1935.0
5834740.752,74401.0,100.0,694.32,1935.0
5834741.253,74401.0,100.0,693.97,1950.0
5834741.753,74401.0,100.0,694.33,1935.0
5834742.253,74401.0,100.0,695.0,1950.0
5834742.753,74401.0,100.0,695.14,1935.0
5834743.253,74401.0,100.0,693.61,1935.0
5834743.753,74401.0,100.0,694.86,1920.0
5834744.254,74401.0,100.0,694.32,1935.0
5834744.754,74401.0,100.0,692.72,1950.0
5834745.254,74401.0,100.0,693.84,1935.0
5834745.754,74401.0,100.0,693.59,1935.0
5834746.254,74401.0,100.0,694.15,1935.0
5834746.754,74401.0,100.0,695.66,1935.0
5834747.254,74401.0,100.0,695.31,1935.0
5834747.755,74401.0,100.0,694.04,1950.0
5834748.255,74401.0,100.0,695.16,1935.0
5834748.755,74401.0,100.0,693.91,1950.0
5834749.255,74401.0,100.0,693.97,1950.0
5834749.755,74401.0,100.0,693.46,1950.0
5834750.255,74401.0,100.0,693.15,1935.0
5834750.755,74401.0,100.0,695.52,1950.0
5834751.256,74401.0,100.0,696.72,1935.0
5834751.756,74401.0,0.0,572.91,1980.0
5834752.256,16125.0,65.0,285.23,1980.0
5834752.756,16125.0,100.0,131.94,1980.0
5834753.283,0.0,0.0,133.2,1980.0
