5845992.853,1,0.0,,,,,,
5845994.892,1,0.0,,,,,,
5845996.935,1,0.0,,,,,,
5845998.976,1,0.0,,,,,,
5846001.017,1,0.0,,,,,,
5846003.058,1,0.0,,,,,,
5846005.100,1,0.0,,,,,,
5846007.141,1,0.0,,,,,,
5846009.182,1,0.0,,,,,,
5846011.222,1,0.0,,,,,,
5846013.266,1,0.0,,,,,,
5846015.320,1,0.0,,,,,,
5846017.360,1,0.0,,,,,,
5846019.402,1,0.0,,,,,,
5846021.444,1,4.0,,,,,,
5846023.484,1,0.0,,,,,,
5846025.525,1,4.0,,,,,,
5846027.567,1,4.0,,,,,,
5846029.609,1,4.0,,,,,,
5846031.650,1,4.0,,,,,,
5846033.692,1,4.0,,,,,,
5846035.735,1,4.0,,,,,,
5846037.777,1,4.0,,,,,,
5846039.819,1,4.0,,,,,,
5846041.881,1,4.0,,,,,,
5846043.946,1,689.0,GPU-b23c3b4d-5413-4d75-cad3-74be85f8d058,481,VLLM::EngineCore,680.0,engine,
5846045.984,1,5549.0,GPU-b23c3b4d-5413-4d75-cad3-74be85f8d058,481,VLLM::EngineCore,5540.0,engine,
5846048.022,1,19325.0,GPU-b23c3b4d-5413-4d75-cad3-74be85f8d058,481,VLLM::EngineCore,19316.0,engine,
5846050.062,1,19325.0,GPU-b23c3b4d-5413-4d75-cad3-74be85f8d058,481,VLLM::EngineCore,19316.0,engine,
5846052.102,1,19127.0,GPU-b23c3b4d-5413-4d75-cad3-74be85f8d058,481,VLLM::EngineCore,19118.0,engine,
5846054.142,1,19127.0,GPU-b23c3b4d-5413-4d75-cad3-74be85f8d058,481,VLLM::EngineCore,19118.0,engine,
5846056.180,1,19127.0,GPU-b23c3b4d-5413-4d75-cad3-74be85f8d058,481,VLLM::EngineCore,19118.0,engine,
5846058.218,1,19571.0,GPU-b23c3b4d-5413-4d75-cad3-74be85f8d058,481,VLLM::EngineCore,19562.0,engine,
5846060.257,1,19571.0,GPU-b23c3b4d-5413-4d75-cad3-74be85f8d058,481,VLLM::EngineCore,19562.0,engine,
5846062.296,1,19571.0,GPU-b23c3b4d-5413-4d75-cad3-74be85f8d058,481,VLLM::EngineCore,19562.0,engine,
5846064.333,1,19393.0,GPU-b23c3b4d-5413-4d75-cad3-74be85f8d058,481,VLLM::EngineCore,19384.0,engine,
5846066.400,1,19585.0,GPU-b23c3b4d-5413-4d75-cad3-74be85f8d058,481,VLLM::EngineCore,19576.0,engine,
5846068.438,1,20625.0,GPU-b23c3b4d-5413-4d75-cad3-74be85f8d058,481,VLLM::EngineCore,20616.0,engine,
5846070.479,1,20625.0,GPU-b23c3b4d-5413-4d75-cad3-74be85f8d058,481,VLLM::EngineCore,20616.0,engine,
5846072.517,1,20625.0,GPU-b23c3b4d-5413-4d75-cad3-74be85f8d058,481,VLLM::EngineCore,20616.0,engine,
5846074.555,1,20625.0,GPU-b23c3b4d-5413-4d75-cad3-74be85f8d058,481,VLLM::EngineCore,20616.0,engine,
5846076.593,1,20627.0,GPU-b23c3b4d-5413-4d75-cad3-74be85f8d058,481,VLLM::EngineCore,20618.0,engine,
5846078.632,1,20627.0,GPU-b23c3b4d-5413-4d75-cad3-74be85f8d058,481,VLLM::EngineCore,20618.0,engine,
5846080.671,1,20627.0,GPU-b23c3b4d-5413-4d75-cad3-74be85f8d058,481,VLLM::EngineCore,20618.0,engine,
5846082.708,1,20627.0,GPU-b23c3b4d-5413-4d75-cad3-74be85f8d058,481,VLLM::EngineCore,20618.0,engine,
5846084.748,1,19213.0,GPU-b23c3b4d-5413-4d75-cad3-74be85f8d058,481,VLLM::EngineCore,20672.0,engine,
5846086.788,1,24535.0,GPU-b23c3b4d-5413-4d75-cad3-74be85f8d058,481,VLLM::EngineCore,24526.0,engine,
5846088.826,1,24535.0,GPU-b23c3b4d-5413-4d75-cad3-74be85f8d058,481,VLLM::EngineCore,24526.0,engine,
5846090.866,1,23831.0,GPU-b23c3b4d-5413-4d75-cad3-74be85f8d058,481,VLLM::EngineCore,23652.0,engine,
5846092.908,1,23901.0,GPU-b23c3b4d-5413-4d75-cad3-74be85f8d058,481,VLLM::EngineCore,23890.0,engine,
5846094.947,1,24105.0,GPU-b23c3b4d-5413-4d75-cad3-74be85f8d058,481,VLLM::EngineCore,24096.0,engine,
5846096.986,1,72061.0,GPU-b23c3b4d-5413-4d75-cad3-74be85f8d058,481,VLLM::EngineCore,72050.0,engine,
5846099.025,1,74431.0,GPU-b23c3b4d-5413-4d75-cad3-74be85f8d058,481,VLLM::EngineCore,74420.0,engine,
5846101.063,1,73059.0,GPU-b23c3b4d-5413-4d75-cad3-74be85f8d058,481,VLLM::EngineCore,73068.0,engine,
5846103.104,1,72207.0,GPU-b23c3b4d-5413-4d75-cad3-74be85f8d058,481,VLLM::EngineCore,72194.0,engine,
5846105.142,1,72471.0,GPU-b23c3b4d-5413-4d75-cad3-74be85f8d058,481,VLLM::EngineCore,72464.0,engine,
5846107.181,1,72507.0,GPU-b23c3b4d-5413-4d75-cad3-74be85f8d058,481,VLLM::EngineCore,72496.0,engine,
5846109.237,1,72507.0,GPU-b23c3b4d-5413-4d75-cad3-74be85f8d058,481,VLLM::EngineCore,72496.0,engine,
5846111.280,1,72507.0,GPU-b23c3b4d-5413-4d75-cad3-74be85f8d058,481,VLLM::EngineCore,72496.0,engine,
5846113.320,1,73933.0,GPU-b23c3b4d-5413-4d75-cad3-74be85f8d058,481,VLLM::EngineCore,73922.0,engine,
5846115.364,1,74301.0,GPU-b23c3b4d-5413-4d75-cad3-74be85f8d058,481,VLLM::EngineCore,74290.0,engine,
5846117.409,1,74301.0,GPU-b23c3b4d-5413-4d75-cad3-74be85f8d058,481,VLLM::EngineCore,74290.0,engine,
5846119.456,1,74301.0,GPU-b23c3b4d-5413-4d75-cad3-74be85f8d058,481,VLLM::EngineCore,74290.0,engine,
5846121.496,1,74301.0,GPU-b23c3b4d-5413-4d75-cad3-74be85f8d058,481,VLLM::EngineCore,74290.0,engine,
5846123.536,1,74301.0,GPU-b23c3b4d-5413-4d75-cad3-74be85f8d058,481,VLLM::EngineCore,74290.0,engine,
5846125.580,1,74301.0,GPU-b23c3b4d-5413-4d75-cad3-74be85f8d058,481,VLLM::EngineCore,74290.0,engine,
5846127.624,1,74301.0,GPU-b23c3b4d-5413-4d75-cad3-74be85f8d058,481,VLLM::EngineCore,74290.0,engine,
5846129.664,1,74569.0,GPU-b23c3b4d-5413-4d75-cad3-74be85f8d058,481,VLLM::EngineCore,74558.0,engine,
5846131.706,1,74569.0,GPU-b23c3b4d-5413-4d75-cad3-74be85f8d058,481,VLLM::EngineCore,74558.0,engine,
5846133.751,1,74569.0,GPU-b23c3b4d-5413-4d75-cad3-74be85f8d058,481,VLLM::EngineCore,74558.0,engine,
5846135.797,1,74569.0,GPU-b23c3b4d-5413-4d75-cad3-74be85f8d058,481,VLLM::EngineCore,74558.0,engine,
5846137.837,1,74569.0,GPU-b23c3b4d-5413-4d75-cad3-74be85f8d058,481,VLLM::EngineCore,74558.0,engine,
5846139.877,1,74569.0,GPU-b23c3b4d-5413-4d75-cad3-74be85f8d058,481,VLLM::EngineCore,74558.0,engine,
5846141.922,1,74569.0,GPU-b23c3b4d-5413-4d75-cad3-74be85f8d058,481,VLLM::EngineCore,74558.0,engine,
5846143.968,1,74569.0,GPU-b23c3b4d-5413-4d75-cad3-74be85f8d058,481,VLLM::EngineCore,74558.0,engine,
5846146.007,1,74569.0,GPU-b23c3b4d-5413-4d75-cad3-74be85f8d058,481,VLLM::EngineCore,74558.0,engine,
5846148.047,1,75277.0,GPU-b23c3b4d-5413-4d75-cad3-74be85f8d058,481,VLLM::EngineCore,75266.0,engine,
5846150.087,1,75277.0,GPU-b23c3b4d-5413-4d75-cad3-74be85f8d058,481,VLLM::EngineCore,75266.0,engine,
5846152.126,1,75277.0,GPU-b23c3b4d-5413-4d75-cad3-74be85f8d058,481,VLLM::EngineCore,75266.0,engine,
5846154.169,1,75277.0,GPU-b23c3b4d-5413-4d75-cad3-74be85f8d058,481,VLLM::EngineCore,75266.0,engine,
5846156.210,1,75277.0,GPU-b23c3b4d-5413-4d75-cad3-74be85f8d058,481,VLLM::EngineCore,75266.0,engine,
5846158.250,1,75277.0,GPU-b23c3b4d-5413-4d75-cad3-74be85f8d058,481,VLLM::EngineCore,75266.0,engine,
5846160.290,1,75277.0,GPU-b23c3b4d-5413-4d75-cad3-74be85f8d058,481,VLLM::EngineCore,75266.0,engine,
5846162.329,1,75277.0,GPU-b23c3b4d-5413-4d75-cad3-74be85f8d058,481,VLLM::EngineCore,75266.0,engine,
5846164.369,1,75277.0,GPU-b23c3b4d-5413-4d75-cad3-74be85f8d058,481,VLLM::EngineCore,75266.0,engine,
5846166.410,1,75277.0,GPU-b23c3b4d-5413-4d75-cad3-74be85f8d058,481,VLLM::EngineCore,75266.0,engine,
5846168.449,1,75277.0,GPU-b23c3b4d-5413-4d75-cad3-74be85f8d058,481,VLLM::EngineCore,75266.0,engine,
5846170.489,1,75277.0,GPU-b23c3b4d-5413-4d75-cad3-74be85f8d058,481,VLLM::EngineCore,75266.0,engine,
5846172.529,1,75277.0,GPU-b23c3b4d-5413-4d75-cad3-74be85f8d058,481,VLLM::EngineCore,75266.0,engine,
5846174.568,1,75277.0,GPU-b23c3b4d-5413-4d75-cad3-74be85f8d058,481,VLLM::EngineCore,75266.0,engine,
5846176.608,1,75277.0,GPU-b23c3b4d-5413-4d75-cad3-74be85f8d058,481,VLLM::EngineCore,75266.0,engine,
5846178.647,1,75277.0,GPU-b23c3b4d-5413-4d75-cad3-74be85f8d058,481,VLLM::EngineCore,75266.0,engine,
5846180.688,1,75651.0,GPU-b23c3b4d-5413-4d75-cad3-74be85f8d058,481,VLLM::EngineCore,75640.0,engine,
5846182.728,1,75653.0,GPU-b23c3b4d-5413-4d75-cad3-74be85f8d058,481,VLLM::EngineCore,75642.0,engine,
5846184.768,1,75653.0,GPU-b23c3b4d-5413-4d75-cad3-74be85f8d058,481,VLLM::EngineCore,75642.0,engine,
5846186.811,1,75653.0,GPU-b23c3b4d-5413-4d75-cad3-74be85f8d058,481,VLLM::EngineCore,75642.0,engine,
5846188.853,1,75653.0,GPU-b23c3b4d-5413-4d75-cad3-74be85f8d058,481,VLLM::EngineCore,75642.0,engine,
5846190.900,1,75653.0,GPU-b23c3b4d-5413-4d75-cad3-74be85f8d058,481,VLLM::EngineCore,75642.0,engine,
5846192.939,1,75653.0,GPU-b23c3b4d-5413-4d75-cad3-74be85f8d058,481,VLLM::EngineCore,75642.0,engine,
5846195.421,1,75653.0,GPU-b23c3b4d-5413-4d75-cad3-74be85f8d058,481,VLLM::EngineCore,75642.0,engine,
5846197.765,1,75653.0,GPU-b23c3b4d-5413-4d75-cad3-74be85f8d058,481,VLLM::EngineCore,75642.0,engine,
5846199.805,1,75653.0,GPU-b23c3b4d-5413-4d75-cad3-74be85f8d058,481,VLLM::EngineCore,75642.0,engine,
5846201.848,1,75653.0,GPU-b23c3b4d-5413-4d75-cad3-74be85f8d058,481,VLLM::EngineCore,75642.0,engine,
5846203.888,1,75653.0,GPU-b23c3b4d-5413-4d75-cad3-74be85f8d058,481,VLLM::EngineCore,75642.0,engine,
5846205.934,1,75653.0,GPU-b23c3b4d-5413-4d75-cad3-74be85f8d058,481,VLLM::EngineCore,75642.0,engine,
5846207.975,1,75653.0,GPU-b23c3b4d-5413-4d75-cad3-74be85f8d058,481,VLLM::EngineCore,75642.0,engine,
5846210.017,1,75653.0,GPU-b23c3b4d-5413-4d75-cad3-74be85f8d058,481,VLLM::EngineCore,75642.0,engine,
5846212.103,1,75653.0,GPU-b23c3b4d-5413-4d75-cad3-74be85f8d058,481,VLLM::EngineCore,75642.0,engine,
5846214.256,1,75653.0,GPU-b23c3b4d-5413-4d75-cad3-74be85f8d058,481,VLLM::EngineCore,75642.0,engine,
5846216.298,1,75653.0,GPU-b23c3b4d-5413-4d75-cad3-74be85f8d058,481,VLLM::EngineCore,75642.0,engine,
5846218.445,1,75653.0,GPU-b23c3b4d-5413-4d75-cad3-74be85f8d058,481,VLLM::EngineCore,75642.0,engine,
5846220.564,1,75653.0,GPU-b23c3b4d-5413-4d75-cad3-74be85f8d058,481,VLLM::EngineCore,75642.0,engine,
5846222.604,1,75653.0,GPU-b23c3b4d-5413-4d75-cad3-74be85f8d058,481,VLLM::EngineCore,75642.0,engine,
5846224.716,1,75653.0,GPU-b23c3b4d-5413-4d75-cad3-74be85f8d058,481,VLLM::EngineCore,75642.0,engine,
5846226.845,1,75653.0,GPU-b23c3b4d-5413-4d75-cad3-74be85f8d058,481,VLLM::EngineCore,75642.0,engine,
5846228.886,1,75653.0,GPU-b23c3b4d-5413-4d75-cad3-74be85f8d058,481,VLLM::EngineCore,75642.0,engine,
5846231.022,1,75653.0,GPU-b23c3b4d-5413-4d75-cad3-74be85f8d058,481,VLLM::EngineCore,75642.0,engine,
5846233.062,1,75653.0,GPU-b23c3b4d-5413-4d75-cad3-74be85f8d058,481,VLLM::EngineCore,75642.0,engine,
5846235.103,1,75653.0,GPU-b23c3b4d-5413-4d75-cad3-74be85f8d058,481,VLLM::EngineCore,75642.0,engine,
5846237.154,1,75653.0,GPU-b23c3b4d-5413-4d75-cad3-74be85f8d058,481,VLLM::EngineCore,75642.0,engine,
5846239.203,1,75653.0,GPU-b23c3b4d-5413-4d75-cad3-74be85f8d058,481,VLLM::EngineCore,75642.0,engine,
5846241.246,1,75653.0,GPU-b23c3b4d-5413-4d75-cad3-74be85f8d058,481,VLLM::EngineCore,75642.0,engine,
5846243.288,1,75653.0,GPU-b23c3b4d-5413-4d75-cad3-74be85f8d058,481,VLLM::EngineCore,75642.0,engine,
5846245.328,1,75653.0,GPU-b23c3b4d-5413-4d75-cad3-74be85f8d058,481,VLLM::EngineCore,75642.0,engine,
5846247.373,1,75653.0,GPU-b23c3b4d-5413-4d75-cad3-74be85f8d058,481,VLLM::EngineCore,75642.0,engine,
5846249.412,1,75653.0,GPU-b23c3b4d-5413-4d75-cad3-74be85f8d058,481,VLLM::EngineCore,75642.0,engine,
5846251.450,1,75653.0,GPU-b23c3b4d-5413-4d75-cad3-74be85f8d058,481,VLLM::EngineCore,75642.0,engine,
5846253.491,1,75653.0,GPU-b23c3b4d-5413-4d75-cad3-74be85f8d058,481,VLLM::EngineCore,75642.0,engine,
5846255.531,1,75653.0,GPU-b23c3b4d-5413-4d75-cad3-74be85f8d058,481,VLLM::EngineCore,75642.0,engine,
5846257.573,1,75653.0,GPU-b23c3b4d-5413-4d75-cad3-74be85f8d058,481,VLLM::EngineCore,75642.0,engine,
5846259.615,1,75653.0,GPU-b23c3b4d-5413-4d75-cad3-74be85f8d058,481,VLLM::EngineCore,75642.0,engine,
5846261.653,1,75653.0,GPU-b23c3b4d-5413-4d75-cad3-74be85f8d058,481,VLLM::EngineCore,75642.0,engine,
5846263.694,1,75653.0,GPU-b23c3b4d-5413-4d75-cad3-74be85f8d058,481,VLLM::EngineCore,75642.0,engine,
5846265.736,1,75653.0,GPU-b23c3b4d-5413-4d75-cad3-74be85f8d058,481,VLLM::EngineCore,75642.0,engine,
5846267.776,1,75653.0,GPU-b23c3b4d-5413-4d75-cad3-74be85f8d058,481,VLLM::EngineCore,75642.0,engine,
5846269.821,1,75653.0,GPU-b23c3b4d-5413-4d75-cad3-74be85f8d058,481,VLLM::EngineCore,75642.0,engine,
5846271.863,1,75653.0,GPU-b23c3b4d-5413-4d75-cad3-74be85f8d058,481,VLLM::EngineCore,75642.0,engine,
5846273.903,1,75653.0,GPU-b23c3b4d-5413-4d75-cad3-74be85f8d058,481,VLLM::EngineCore,75642.0,engine,
5846275.944,1,75653.0,GPU-b23c3b4d-5413-4d75-cad3-74be85f8d058,481,VLLM::EngineCore,75642.0,engine,
5846277.987,1,75653.0,GPU-b23c3b4d-5413-4d75-cad3-74be85f8d058,481,VLLM::EngineCore,75642.0,engine,
5846280.031,1,75653.0,GPU-b23c3b4d-5413-4d75-cad3-74be85f8d058,481,VLLM::EngineCore,75642.0,engine,
5846282.076,1,75653.0,GPU-b23c3b4d-5413-4d75-cad3-74be85f8d058,481,VLLM::EngineCore,75642.0,engine,
5846284.119,1,75653.0,GPU-b23c3b4d-5413-4d75-cad3-74be85f8d058,481,VLLM::EngineCore,75642.0,engine,
5846286.158,1,75653.0,GPU-b23c3b4d-5413-4d75-cad3-74be85f8d058,481,VLLM::EngineCore,75642.0,engine,
5846288.199,1,76457.0,GPU-b23c3b4d-5413-4d75-cad3-74be85f8d058,481,VLLM::EngineCore,76446.0,engine,
5846290.244,1,76457.0,GPU-b23c3b4d-5413-4d75-cad3-74be85f8d058,481,VLLM::EngineCore,76446.0,engine,
5846292.296,1,76457.0,GPU-b23c3b4d-5413-4d75-cad3-74be85f8d058,481,VLLM::EngineCore,76446.0,engine,
5846294.340,1,76457.0,GPU-b23c3b4d-5413-4d75-cad3-74be85f8d058,481,VLLM::EngineCore,76446.0,engine,
5846296.389,1,76457.0,GPU-b23c3b4d-5413-4d75-cad3-74be85f8d058,481,VLLM::EngineCore,76446.0,engine,
5846298.432,1,76457.0,GPU-b23c3b4d-5413-4d75-cad3-74be85f8d058,481,VLLM::EngineCore,76446.0,engine,
5846300.474,1,76457.0,GPU-b23c3b4d-5413-4d75-cad3-74be85f8d058,481,VLLM::EngineCore,76446.0,engine,
5846302.513,1,76457.0,GPU-b23c3b4d-5413-4d75-cad3-74be85f8d058,481,VLLM::EngineCore,76446.0,engine,
5846304.553,1,76457.0,GPU-b23c3b4d-5413-4d75-cad3-74be85f8d058,481,VLLM::EngineCore,76446.0,engine,
5846306.597,1,76457.0,GPU-b23c3b4d-5413-4d75-cad3-74be85f8d058,481,VLLM::EngineCore,76446.0,engine,
5846308.638,1,76457.0,GPU-b23c3b4d-5413-4d75-cad3-74be85f8d058,481,VLLM::EngineCore,76446.0,engine,
5846310.680,1,76457.0,GPU-b23c3b4d-5413-4d75-cad3-74be85f8d058,481,VLLM::EngineCore,76446.0,engine,
5846312.724,1,76457.0,GPU-b23c3b4d-5413-4d75-cad3-74be85f8d058,481,VLLM::EngineCore,76446.0,engine,
5846314.763,1,76457.0,GPU-b23c3b4d-5413-4d75-cad3-74be85f8d058,481,VLLM::EngineCore,76446.0,engine,
5846316.811,1,76457.0,GPU-b23c3b4d-5413-4d75-cad3-74be85f8d058,481,VLLM::EngineCore,76446.0,engine,
5846318.854,1,76457.0,GPU-b23c3b4d-5413-4d75-cad3-74be85f8d058,481,VLLM::EngineCore,76446.0,engine,
5846320.893,1,76457.0,GPU-b23c3b4d-5413-4d75-cad3-74be85f8d058,481,VLLM::EngineCore,76446.0,engine,
5846322.933,1,76457.0,GPU-b23c3b4d-5413-4d75-cad3-74be85f8d058,481,VLLM::EngineCore,76446.0,engine,
5846324.995,1,76457.0,GPU-b23c3b4d-5413-4d75-cad3-74be85f8d058,481,VLLM::EngineCore,76446.0,engine,
5846327.042,1,76457.0,GPU-b23c3b4d-5413-4d75-cad3-74be85f8d058,481,VLLM::EngineCore,76446.0,engine,
5846329.087,1,76457.0,GPU-b23c3b4d-5413-4d75-cad3-74be85f8d058,481,VLLM::EngineCore,76446.0,engine,
5846331.128,1,76457.0,GPU-b23c3b4d-5413-4d75-cad3-74be85f8d058,481,VLLM::EngineCore,76446.0,engine,
5846333.170,1,76457.0,GPU-b23c3b4d-5413-4d75-cad3-74be85f8d058,481,VLLM::EngineCore,76446.0,engine,
5846335.213,1,76457.0,GPU-b23c3b4d-5413-4d75-cad3-74be85f8d058,481,VLLM::EngineCore,76446.0,engine,
5846337.257,1,76457.0,GPU-b23c3b4d-5413-4d75-cad3-74be85f8d058,481,VLLM::EngineCore,76446.0,engine,
5846339.295,1,76457.0,GPU-b23c3b4d-5413-4d75-cad3-74be85f8d058,481,VLLM::EngineCore,76446.0,engine,
5846341.334,1,76457.0,GPU-b23c3b4d-5413-4d75-cad3-74be85f8d058,481,VLLM::EngineCore,76446.0,engine,
5846343.378,1,76457.0,GPU-b23c3b4d-5413-4d75-cad3-74be85f8d058,481,VLLM::EngineCore,76446.0,engine,
5846345.422,1,76457.0,GPU-b23c3b4d-5413-4d75-cad3-74be85f8d058,481,VLLM::EngineCore,76446.0,engine,
5846347.463,1,76457.0,GPU-b23c3b4d-5413-4d75-cad3-74be85f8d058,481,VLLM::EngineCore,76446.0,engine,
5846349.508,1,76457.0,GPU-b23c3b4d-5413-4d75-cad3-74be85f8d058,481,VLLM::EngineCore,76446.0,engine,
5846351.562,1,76457.0,GPU-b23c3b4d-5413-4d75-cad3-74be85f8d058,481,VLLM::EngineCore,76446.0,engine,
5846353.611,1,76457.0,GPU-b23c3b4d-5413-4d75-cad3-74be85f8d058,481,VLLM::EngineCore,76446.0,engine,
5846355.651,1,76457.0,GPU-b23c3b4d-5413-4d75-cad3-74be85f8d058,481,VLLM::EngineCore,76446.0,engine,
5846357.707,1,76457.0,GPU-b23c3b4d-5413-4d75-cad3-74be85f8d058,481,VLLM::EngineCore,76446.0,engine,
5846359.756,1,76457.0,GPU-b23c3b4d-5413-4d75-cad3-74be85f8d058,481,VLLM::EngineCore,76446.0,engine,
5846361.803,1,76457.0,GPU-b23c3b4d-5413-4d75-cad3-74be85f8d058,481,VLLM::EngineCore,76446.0,engine,
5846363.855,1,76457.0,GPU-b23c3b4d-5413-4d75-cad3-74be85f8d058,481,VLLM::EngineCore,76446.0,engine,
5846365.907,1,76457.0,GPU-b23c3b4d-5413-4d75-cad3-74be85f8d058,481,VLLM::EngineCore,76446.0,engine,
5846367.957,1,76457.0,GPU-b23c3b4d-5413-4d75-cad3-74be85f8d058,481,VLLM::EngineCore,76446.0,engine,
5846370.002,1,76457.0,GPU-b23c3b4d-5413-4d75-cad3-74be85f8d058,481,VLLM::EngineCore,76446.0,engine,
5846372.046,1,76457.0,GPU-b23c3b4d-5413-4d75-cad3-74be85f8d058,481,VLLM::EngineCore,76446.0,engine,
5846374.095,1,76457.0,GPU-b23c3b4d-5413-4d75-cad3-74be85f8d058,481,VLLM::EngineCore,76446.0,engine,
5846376.139,1,76457.0,GPU-b23c3b4d-5413-4d75-cad3-74be85f8d058,481,VLLM::EngineCore,76446.0,engine,
5846378.199,1,76457.0,GPU-b23c3b4d-5413-4d75-cad3-74be85f8d058,481,VLLM::EngineCore,76446.0,engine,
5846380.256,1,76457.0,GPU-b23c3b4d-5413-4d75-cad3-74be85f8d058,481,VLLM::EngineCore,76446.0,engine,
5846382.296,1,76457.0,GPU-b23c3b4d-5413-4d75-cad3-74be85f8d058,481,VLLM::EngineCore,76446.0,engine,
5846384.348,1,76457.0,GPU-b23c3b4d-5413-4d75-cad3-74be85f8d058,481,VLLM::EngineCore,76446.0,engine,
5846386.403,1,76457.0,GPU-b23c3b4d-5413-4d75-cad3-74be85f8d058,481,VLLM::EngineCore,76446.0,engine,
5846388.453,1,76457.0,GPU-b23c3b4d-5413-4d75-cad3-74be85f8d058,481,VLLM::EngineCore,76446.0,engine,
5846390.503,1,76457.0,GPU-b23c3b4d-5413-4d75-cad3-74be85f8d058,481,VLLM::EngineCore,76446.0,engine,
5846392.549,1,76457.0,GPU-b23c3b4d-5413-4d75-cad3-74be85f8d058,481,VLLM::EngineCore,76446.0,engine,
5846394.591,1,76457.0,GPU-b23c3b4d-5413-4d75-cad3-74be85f8d058,481,VLLM::EngineCore,76446.0,engine,
5846396.637,1,76457.0,GPU-b23c3b4d-5413-4d75-cad3-74be85f8d058,481,VLLM::EngineCore,76446.0,engine,
5846398.685,1,76457.0,GPU-b23c3b4d-5413-4d75-cad3-74be85f8d058,481,VLLM::EngineCore,76446.0,engine,
5846400.725,1,76457.0,GPU-b23c3b4d-5413-4d75-cad3-74be85f8d058,481,VLLM::EngineCore,76446.0,engine,
5846402.763,1,76457.0,GPU-b23c3b4d-5413-4d75-cad3-74be85f8d058,481,VLLM::EngineCore,76446.0,engine,
5846404.806,1,76457.0,GPU-b23c3b4d-5413-4d75-cad3-74be85f8d058,481,VLLM::EngineCore,76446.0,engine,
5846406.849,1,76457.0,GPU-b23c3b4d-5413-4d75-cad3-74be85f8d058,481,VLLM::EngineCore,76446.0,engine,
5846408.893,1,76457.0,GPU-b23c3b4d-5413-4d75-cad3-74be85f8d058,481,VLLM::EngineCore,76446.0,engine,
5846410.940,1,76457.0,GPU-b23c3b4d-5413-4d75-cad3-74be85f8d058,481,VLLM::EngineCore,76446.0,engine,
5846412.984,1,76457.0,GPU-b23c3b4d-5413-4d75-cad3-74be85f8d058,481,VLLM::EngineCore,76446.0,engine,
5846415.028,1,76457.0,GPU-b23c3b4d-5413-4d75-cad3-74be85f8d058,481,VLLM::EngineCore,76446.0,engine,
5846417.073,1,76457.0,GPU-b23c3b4d-5413-4d75-cad3-74be85f8d058,481,VLLM::EngineCore,76446.0,engine,
5846419.114,1,76457.0,GPU-b23c3b4d-5413-4d75-cad3-74be85f8d058,481,VLLM::EngineCore,76446.0,engine,
5846421.159,1,76457.0,GPU-b23c3b4d-5413-4d75-cad3-74be85f8d058,481,VLLM::EngineCore,76446.0,engine,
5846423.204,1,76457.0,GPU-b23c3b4d-5413-4d75-cad3-74be85f8d058,481,VLLM::EngineCore,76446.0,engine,
5846425.245,1,76457.0,GPU-b23c3b4d-5413-4d75-cad3-74be85f8d058,481,VLLM::EngineCore,76446.0,engine,
5846427.287,1,76457.0,GPU-b23c3b4d-5413-4d75-cad3-74be85f8d058,481,VLLM::EngineCore,76446.0,engine,
5846429.330,1,76457.0,GPU-b23c3b4d-5413-4d75-cad3-74be85f8d058,481,VLLM::EngineCore,76446.0,engine,
5846431.381,1,76457.0,GPU-b23c3b4d-5413-4d75-cad3-74be85f8d058,481,VLLM::EngineCore,76446.0,engine,
5846433.425,1,76457.0,GPU-b23c3b4d-5413-4d75-cad3-74be85f8d058,481,VLLM::EngineCore,76446.0,engine,
5846435.469,1,76457.0,GPU-b23c3b4d-5413-4d75-cad3-74be85f8d058,481,VLLM::EngineCore,76446.0,engine,
5846437.512,1,76457.0,GPU-b23c3b4d-5413-4d75-cad3-74be85f8d058,481,VLLM::EngineCore,76446.0,engine,
5846439.558,1,76457.0,GPU-b23c3b4d-5413-4d75-cad3-74be85f8d058,481,VLLM::EngineCore,76446.0,engine,
5846441.604,1,76457.0,GPU-b23c3b4d-5413-4d75-cad3-74be85f8d058,481,VLLM::EngineCore,76446.0,engine,
5846443.650,1,76457.0,GPU-b23c3b4d-5413-4d75-cad3-74be85f8d058,481,VLLM::EngineCore,76446.0,engine,
5846445.695,1,76457.0,GPU-b23c3b4d-5413-4d75-cad3-74be85f8d058,481,VLLM::EngineCore,76446.0,engine,
5846447.739,1,76457.0,GPU-b23c3b4d-5413-4d75-cad3-74be85f8d058,481,VLLM::EngineCore,76446.0,engine,
5846449.783,1,76457.0,GPU-b23c3b4d-5413-4d75-cad3-74be85f8d058,481,VLLM::EngineCore,76446.0,engine,
5846451.826,1,76457.0,GPU-b23c3b4d-5413-4d75-cad3-74be85f8d058,481,VLLM::EngineCore,76446.0,engine,
5846453.874,1,76457.0,GPU-b23c3b4d-5413-4d75-cad3-74be85f8d058,481,VLLM::EngineCore,76446.0,engine,
5846455.918,1,76457.0,GPU-b23c3b4d-5413-4d75-cad3-74be85f8d058,481,VLLM::EngineCore,76446.0,engine,
5846457.962,1,76457.0,GPU-b23c3b4d-5413-4d75-cad3-74be85f8d058,481,VLLM::EngineCore,76446.0,engine,
5846460.005,1,76457.0,GPU-b23c3b4d-5413-4d75-cad3-74be85f8d058,481,VLLM::EngineCore,76446.0,engine,
5846462.050,1,76457.0,GPU-b23c3b4d-5413-4d75-cad3-74be85f8d058,481,VLLM::EngineCore,76446.0,engine,
5846464.098,1,76457.0,GPU-b23c3b4d-5413-4d75-cad3-74be85f8d058,481,VLLM::EngineCore,76446.0,engine,
5846466.143,1,76457.0,GPU-b23c3b4d-5413-4d75-cad3-74be85f8d058,481,VLLM::EngineCore,76446.0,engine,
5846468.188,1,76457.0,GPU-b23c3b4d-5413-4d75-cad3-74be85f8d058,481,VLLM::EngineCore,76446.0,engine,
5846470.232,1,76457.0,GPU-b23c3b4d-5413-4d75-cad3-74be85f8d058,481,VLLM::EngineCore,76446.0,engine,
5846472.278,1,76457.0,GPU-b23c3b4d-5413-4d75-cad3-74be85f8d058,481,VLLM::EngineCore,76446.0,engine,
5846474.322,1,76457.0,GPU-b23c3b4d-5413-4d75-cad3-74be85f8d058,481,VLLM::EngineCore,76446.0,engine,
5846476.364,1,76457.0,GPU-b23c3b4d-5413-4d75-cad3-74be85f8d058,481,VLLM::EngineCore,76446.0,engine,
5846478.408,1,76457.0,GPU-b23c3b4d-5413-4d75-cad3-74be85f8d058,481,VLLM::EngineCore,76446.0,engine,
5846480.454,1,76457.0,GPU-b23c3b4d-5413-4d75-cad3-74be85f8d058,481,VLLM::EngineCore,76446.0,engine,
5846482.501,1,76457.0,GPU-b23c3b4d-5413-4d75-cad3-74be85f8d058,481,VLLM::EngineCore,76446.0,engine,
5846484.567,1,76457.0,GPU-b23c3b4d-5413-4d75-cad3-74be85f8d058,481,VLLM::EngineCore,76446.0,engine,
5846486.611,1,76457.0,GPU-b23c3b4d-5413-4d75-cad3-74be85f8d058,481,VLLM::EngineCore,76446.0,engine,
5846488.673,1,76457.0,GPU-b23c3b4d-5413-4d75-cad3-74be85f8d058,481,VLLM::EngineCore,76446.0,engine,
5846490.738,1,76457.0,GPU-b23c3b4d-5413-4d75-cad3-74be85f8d058,481,VLLM::EngineCore,76446.0,engine,
5846492.781,1,76457.0,GPU-b23c3b4d-5413-4d75-cad3-74be85f8d058,481,VLLM::EngineCore,76446.0,engine,
5846494.828,1,76457.0,GPU-b23c3b4d-5413-4d75-cad3-74be85f8d058,481,VLLM::EngineCore,76446.0,engine,
5846496.883,1,76457.0,GPU-b23c3b4d-5413-4d75-cad3-74be85f8d058,481,VLLM::EngineCore,76446.0,engine,
5846498.928,1,76457.0,GPU-b23c3b4d-5413-4d75-cad3-74be85f8d058,481,VLLM::EngineCore,76446.0,engine,
5846500.976,1,76457.0,GPU-b23c3b4d-5413-4d75-cad3-74be85f8d058,481,VLLM::EngineCore,76446.0,engine,
5846503.027,1,76457.0,GPU-b23c3b4d-5413-4d75-cad3-74be85f8d058,481,VLLM::EngineCore,76446.0,engine,
5846505.079,1,76457.0,GPU-b23c3b4d-5413-4d75-cad3-74be85f8d058,481,VLLM::EngineCore,76446.0,engine,
5846507.125,1,76457.0,GPU-b23c3b4d-5413-4d75-cad3-74be85f8d058,481,VLLM::EngineCore,76446.0,engine,
5846509.176,1,76457.0,GPU-b23c3b4d-5413-4d75-cad3-74be85f8d058,481,VLLM::EngineCore,76446.0,engine,
5846511.228,1,76457.0,GPU-b23c3b4d-5413-4d75-cad3-74be85f8d058,481,VLLM::EngineCore,76446.0,engine,
5846513.274,1,76457.0,GPU-b23c3b4d-5413-4d75-cad3-74be85f8d058,481,VLLM::EngineCore,76446.0,engine,
5846515.336,1,76457.0,GPU-b23c3b4d-5413-4d75-cad3-74be85f8d058,481,VLLM::EngineCore,76446.0,engine,
5846517.406,1,76457.0,GPU-b23c3b4d-5413-4d75-cad3-74be85f8d058,481,VLLM::EngineCore,76446.0,engine,
5846519.449,1,76457.0,GPU-b23c3b4d-5413-4d75-cad3-74be85f8d058,481,VLLM::EngineCore,76446.0,engine,
5846521.516,1,76457.0,GPU-b23c3b4d-5413-4d75-cad3-74be85f8d058,481,VLLM::EngineCore,76446.0,engine,
5846523.575,1,76457.0,GPU-b23c3b4d-5413-4d75-cad3-74be85f8d058,481,VLLM::EngineCore,76446.0,engine,
5846525.632,1,76457.0,GPU-b23c3b4d-5413-4d75-cad3-74be85f8d058,481,VLLM::EngineCore,76446.0,engine,
5846527.678,1,76457.0,GPU-b23c3b4d-5413-4d75-cad3-74be85f8d058,481,VLLM::EngineCore,76446.0,engine,
5846529.724,1,76457.0,GPU-b23c3b4d-5413-4d75-cad3-74be85f8d058,481,VLLM::EngineCore,76446.0,engine,
5846531.771,1,76457.0,GPU-b23c3b4d-5413-4d75-cad3-74be85f8d058,481,VLLM::EngineCore,76446.0,engine,
5846533.816,1,76457.0,GPU-b23c3b4d-5413-4d75-cad3-74be85f8d058,481,VLLM::EngineCore,76446.0,engine,
5846535.862,1,76457.0,GPU-b23c3b4d-5413-4d75-cad3-74be85f8d058,481,VLLM::EngineCore,76446.0,engine,
5846537.906,1,76457.0,GPU-b23c3b4d-5413-4d75-cad3-74be85f8d058,481,VLLM::EngineCore,76446.0,engine,
5846539.952,1,76457.0,GPU-b23c3b4d-5413-4d75-cad3-74be85f8d058,481,VLLM::EngineCore,76446.0,engine,
5846541.998,1,76457.0,GPU-b23c3b4d-5413-4d75-cad3-74be85f8d058,481,VLLM::EngineCore,76446.0,engine,
5846544.043,1,76457.0,GPU-b23c3b4d-5413-4d75-cad3-74be85f8d058,481,VLLM::EngineCore,76446.0,engine,
5846546.095,1,76457.0,GPU-b23c3b4d-5413-4d75-cad3-74be85f8d058,481,VLLM::EngineCore,76446.0,engine,
5846548.151,1,76457.0,GPU-b23c3b4d-5413-4d75-cad3-74be85f8d058,481,VLLM::EngineCore,76446.0,engine,
5846550.217,1,76457.0,GPU-b23c3b4d-5413-4d75-cad3-74be85f8d058,481,VLLM::EngineCore,76446.0,engine,
5846552.270,1,76457.0,GPU-b23c3b4d-5413-4d75-cad3-74be85f8d058,481,VLLM::EngineCore,76446.0,engine,
5846554.320,1,76457.0,GPU-b23c3b4d-5413-4d75-cad3-74be85f8d058,481,VLLM::EngineCore,76446.0,engine,
5846556.370,1,76457.0,GPU-b23c3b4d-5413-4d75-cad3-74be85f8d058,481,VLLM::EngineCore,76446.0,engine,
5846558.417,1,76457.0,GPU-b23c3b4d-5413-4d75-cad3-74be85f8d058,481,VLLM::EngineCore,76446.0,engine,
5846560.472,1,76457.0,GPU-b23c3b4d-5413-4d75-cad3-74be85f8d058,481,VLLM::EngineCore,76446.0,engine,
5846562.519,1,76457.0,GPU-b23c3b4d-5413-4d75-cad3-74be85f8d058,481,VLLM::EngineCore,76446.0,engine,
5846564.572,1,76457.0,GPU-b23c3b4d-5413-4d75-cad3-74be85f8d058,481,VLLM::EngineCore,76446.0,engine,
5846566.621,1,76457.0,GPU-b23c3b4d-5413-4d75-cad3-74be85f8d058,481,VLLM::EngineCore,76446.0,engine,
5846568.678,1,76457.0,GPU-b23c3b4d-5413-4d75-cad3-74be85f8d058,481,VLLM::EngineCore,76446.0,engine,
5846570.726,1,76457.0,GPU-b23c3b4d-5413-4d75-cad3-74be85f8d058,481,VLLM::EngineCore,76446.0,engine,
5846572.775,1,76457.0,GPU-b23c3b4d-5413-4d75-cad3-74be85f8d058,481,VLLM::EngineCore,76446.0,engine,
5846574.825,1,76457.0,GPU-b23c3b4d-5413-4d75-cad3-74be85f8d058,481,VLLM::EngineCore,76446.0,engine,
5846576.872,1,76457.0,GPU-b23c3b4d-5413-4d75-cad3-74be85f8d058,481,VLLM::EngineCore,76446.0,engine,
5846578.917,1,76457.0,GPU-b23c3b4d-5413-4d75-cad3-74be85f8d058,481,VLLM::EngineCore,76446.0,engine,
5846580.961,1,76457.0,GPU-b23c3b4d-5413-4d75-cad3-74be85f8d058,481,VLLM::EngineCore,76446.0,engine,
5846583.009,1,76457.0,GPU-b23c3b4d-5413-4d75-cad3-74be85f8d058,481,VLLM::EngineCore,76446.0,engine,
5846585.050,1,76457.0,GPU-b23c3b4d-5413-4d75-cad3-74be85f8d058,481,VLLM::EngineCore,76446.0,engine,
5846587.095,1,76457.0,GPU-b23c3b4d-5413-4d75-cad3-74be85f8d058,481,VLLM::EngineCore,76446.0,engine,
5846589.140,1,76457.0,GPU-b23c3b4d-5413-4d75-cad3-74be85f8d058,481,VLLM::EngineCore,76446.0,engine,
5846591.184,1,76457.0,GPU-b23c3b4d-5413-4d75-cad3-74be85f8d058,481,VLLM::EngineCore,76446.0,engine,
5846593.230,1,76457.0,GPU-b23c3b4d-5413-4d75-cad3-74be85f8d058,481,VLLM::EngineCore,76446.0,engine,
5846595.273,1,76457.0,GPU-b23c3b4d-5413-4d75-cad3-74be85f8d058,481,VLLM::EngineCore,76446.0,engine,
5846597.321,1,76457.0,GPU-b23c3b4d-5413-4d75-cad3-74be85f8d058,481,VLLM::EngineCore,76446.0,engine,
5846599.366,1,76457.0,GPU-b23c3b4d-5413-4d75-cad3-74be85f8d058,481,VLLM::EngineCore,76446.0,engine,
5846601.411,1,76457.0,GPU-b23c3b4d-5413-4d75-cad3-74be85f8d058,481,VLLM::EngineCore,76446.0,engine,
5846603.457,1,76457.0,GPU-b23c3b4d-5413-4d75-cad3-74be85f8d058,481,VLLM::EngineCore,76446.0,engine,
5846605.501,1,76457.0,GPU-b23c3b4d-5413-4d75-cad3-74be85f8d058,481,VLLM::EngineCore,76446.0,engine,
5846607.547,1,76457.0,GPU-b23c3b4d-5413-4d75-cad3-74be85f8d058,481,VLLM::EngineCore,76446.0,engine,
5846609.592,1,76457.0,GPU-b23c3b4d-5413-4d75-cad3-74be85f8d058,481,VLLM::EngineCore,76446.0,engine,
5846611.632,1,76457.0,GPU-b23c3b4d-5413-4d75-cad3-74be85f8d058,481,VLLM::EngineCore,76446.0,engine,
5846613.677,1,76457.0,GPU-b23c3b4d-5413-4d75-cad3-74be85f8d058,481,VLLM::EngineCore,76446.0,engine,
5846615.722,1,76457.0,GPU-b23c3b4d-5413-4d75-cad3-74be85f8d058,481,VLLM::EngineCore,76446.0,engine,
5846617.763,1,76457.0,GPU-b23c3b4d-5413-4d75-cad3-74be85f8d058,481,VLLM::EngineCore,76446.0,engine,
5846619.805,1,76457.0,GPU-b23c3b4d-5413-4d75-cad3-74be85f8d058,481,VLLM::EngineCore,76446.0,engine,
5846621.853,1,76457.0,GPU-b23c3b4d-5413-4d75-cad3-74be85f8d058,481,VLLM::EngineCore,76446.0,engine,
5846623.897,1,76457.0,GPU-b23c3b4d-5413-4d75-cad3-74be85f8d058,481,VLLM::EngineCore,76446.0,engine,
5846625.943,1,76457.0,GPU-b23c3b4d-5413-4d75-cad3-74be85f8d058,481,VLLM::EngineCore,76446.0,engine,
5846627.986,1,76457.0,GPU-b23c3b4d-5413-4d75-cad3-74be85f8d058,481,VLLM::EngineCore,76446.0,engine,
5846630.030,1,76457.0,GPU-b23c3b4d-5413-4d75-cad3-74be85f8d058,481,VLLM::EngineCore,76446.0,engine,
5846632.074,1,76457.0,GPU-b23c3b4d-5413-4d75-cad3-74be85f8d058,481,VLLM::EngineCore,76446.0,engine,
5846634.118,1,76457.0,GPU-b23c3b4d-5413-4d75-cad3-74be85f8d058,481,VLLM::EngineCore,76446.0,engine,
5846636.162,1,76457.0,GPU-b23c3b4d-5413-4d75-cad3-74be85f8d058,481,VLLM::EngineCore,76446.0,engine,
5846638.204,1,76457.0,GPU-b23c3b4d-5413-4d75-cad3-74be85f8d058,481,VLLM::EngineCore,76446.0,engine,
5846640.248,1,76457.0,GPU-b23c3b4d-5413-4d75-cad3-74be85f8d058,481,VLLM::EngineCore,76446.0,engine,
5846642.301,1,76457.0,GPU-b23c3b4d-5413-4d75-cad3-74be85f8d058,481,VLLM::EngineCore,76446.0,engine,
5846644.345,1,76457.0,GPU-b23c3b4d-5413-4d75-cad3-74be85f8d058,481,VLLM::EngineCore,76446.0,engine,
5846646.389,1,76457.0,GPU-b23c3b4d-5413-4d75-cad3-74be85f8d058,481,VLLM::EngineCore,76446.0,engine,
5846648.426,1,76457.0,GPU-b23c3b4d-5413-4d75-cad3-74be85f8d058,481,VLLM::EngineCore,76446.0,engine,
5846650.469,1,76457.0,GPU-b23c3b4d-5413-4d75-cad3-74be85f8d058,481,VLLM::EngineCore,76446.0,engine,
5846652.513,1,76457.0,GPU-b23c3b4d-5413-4d75-cad3-74be85f8d058,481,VLLM::EngineCore,76446.0,engine,
5846654.555,1,76457.0,GPU-b23c3b4d-5413-4d75-cad3-74be85f8d058,481,VLLM::EngineCore,76446.0,engine,
5846656.600,1,76457.0,GPU-b23c3b4d-5413-4d75-cad3-74be85f8d058,481,VLLM::EngineCore,76446.0,engine,
5846658.644,1,76457.0,GPU-b23c3b4d-5413-4d75-cad3-74be85f8d058,481,VLLM::EngineCore,76446.0,engine,
5846660.688,1,76457.0,GPU-b23c3b4d-5413-4d75-cad3-74be85f8d058,481,VLLM::EngineCore,76446.0,engine,
5846662.730,1,76457.0,GPU-b23c3b4d-5413-4d75-cad3-74be85f8d058,481,VLLM::EngineCore,76446.0,engine,
5846664.771,1,76457.0,GPU-b23c3b4d-5413-4d75-cad3-74be85f8d058,481,VLLM::EngineCore,76446.0,engine,
5846666.818,1,76457.0,GPU-b23c3b4d-5413-4d75-cad3-74be85f8d058,481,VLLM::EngineCore,76446.0,engine,
5846668.862,1,76457.0,GPU-b23c3b4d-5413-4d75-cad3-74be85f8d058,481,VLLM::EngineCore,76446.0,engine,
5846670.904,1,76457.0,GPU-b23c3b4d-5413-4d75-cad3-74be85f8d058,481,VLLM::EngineCore,76446.0,engine,
5846672.944,1,76457.0,GPU-b23c3b4d-5413-4d75-cad3-74be85f8d058,481,VLLM::EngineCore,76446.0,engine,
5846674.988,1,76457.0,GPU-b23c3b4d-5413-4d75-cad3-74be85f8d058,481,VLLM::EngineCore,76446.0,engine,
5846677.031,1,76457.0,GPU-b23c3b4d-5413-4d75-cad3-74be85f8d058,481,VLLM::EngineCore,76446.0,engine,
5846679.071,1,76457.0,GPU-b23c3b4d-5413-4d75-cad3-74be85f8d058,481,VLLM::EngineCore,76446.0,engine,
5846681.113,1,76457.0,GPU-b23c3b4d-5413-4d75-cad3-74be85f8d058,481,VLLM::EngineCore,76446.0,engine,
5846683.154,1,76457.0,GPU-b23c3b4d-5413-4d75-cad3-74be85f8d058,481,VLLM::EngineCore,76446.0,engine,
5846685.200,1,76457.0,GPU-b23c3b4d-5413-4d75-cad3-74be85f8d058,481,VLLM::EngineCore,76446.0,engine,
5846687.242,1,76457.0,GPU-b23c3b4d-5413-4d75-cad3-74be85f8d058,481,VLLM::EngineCore,76446.0,engine,
5846689.287,1,76457.0,GPU-b23c3b4d-5413-4d75-cad3-74be85f8d058,481,VLLM::EngineCore,76446.0,engine,
5846691.331,1,76457.0,GPU-b23c3b4d-5413-4d75-cad3-74be85f8d058,481,VLLM::EngineCore,76446.0,engine,
5846693.371,1,76457.0,GPU-b23c3b4d-5413-4d75-cad3-74be85f8d058,481,VLLM::EngineCore,76446.0,engine,
5846695.416,1,76457.0,GPU-b23c3b4d-5413-4d75-cad3-74be85f8d058,481,VLLM::EngineCore,76446.0,engine,
5846697.458,1,76457.0,GPU-b23c3b4d-5413-4d75-cad3-74be85f8d058,481,VLLM::EngineCore,76446.0,engine,
5846699.502,1,76457.0,GPU-b23c3b4d-5413-4d75-cad3-74be85f8d058,481,VLLM::EngineCore,76446.0,engine,
5846701.546,1,76457.0,GPU-b23c3b4d-5413-4d75-cad3-74be85f8d058,481,VLLM::EngineCore,76446.0,engine,
5846703.590,1,76457.0,GPU-b23c3b4d-5413-4d75-cad3-74be85f8d058,481,VLLM::EngineCore,76446.0,engine,
5846705.634,1,76457.0,GPU-b23c3b4d-5413-4d75-cad3-74be85f8d058,481,VLLM::EngineCore,76446.0,engine,
5846707.679,1,76457.0,GPU-b23c3b4d-5413-4d75-cad3-74be85f8d058,481,VLLM::EngineCore,76446.0,engine,
5846709.721,1,76457.0,GPU-b23c3b4d-5413-4d75-cad3-74be85f8d058,481,VLLM::EngineCore,76446.0,engine,
5846711.762,1,76457.0,GPU-b23c3b4d-5413-4d75-cad3-74be85f8d058,481,VLLM::EngineCore,76446.0,engine,
5846713.806,1,76457.0,GPU-b23c3b4d-5413-4d75-cad3-74be85f8d058,481,VLLM::EngineCore,76446.0,engine,
5846715.851,1,76457.0,GPU-b23c3b4d-5413-4d75-cad3-74be85f8d058,481,VLLM::EngineCore,76446.0,engine,
5846717.896,1,76457.0,GPU-b23c3b4d-5413-4d75-cad3-74be85f8d058,481,VLLM::EngineCore,76446.0,engine,
5846719.941,1,76457.0,GPU-b23c3b4d-5413-4d75-cad3-74be85f8d058,481,VLLM::EngineCore,76446.0,engine,
5846721.983,1,76457.0,GPU-b23c3b4d-5413-4d75-cad3-74be85f8d058,481,VLLM::EngineCore,76446.0,engine,
5846724.024,1,76457.0,GPU-b23c3b4d-5413-4d75-cad3-74be85f8d058,481,VLLM::EngineCore,76446.0,engine,
5846726.063,1,76457.0,GPU-b23c3b4d-5413-4d75-cad3-74be85f8d058,481,VLLM::EngineCore,76446.0,engine,
5846728.103,1,76457.0,GPU-b23c3b4d-5413-4d75-cad3-74be85f8d058,481,VLLM::EngineCore,76446.0,engine,
5846730.143,1,76457.0,GPU-b23c3b4d-5413-4d75-cad3-74be85f8d058,481,VLLM::EngineCore,76446.0,engine,
5846732.181,1,76457.0,GPU-b23c3b4d-5413-4d75-cad3-74be85f8d058,481,VLLM::EngineCore,76446.0,engine,
5846734.223,1,76457.0,GPU-b23c3b4d-5413-4d75-cad3-74be85f8d058,481,VLLM::EngineCore,76446.0,engine,
5846736.263,1,76457.0,GPU-b23c3b4d-5413-4d75-cad3-74be85f8d058,481,VLLM::EngineCore,76446.0,engine,
5846738.302,1,76457.0,GPU-b23c3b4d-5413-4d75-cad3-74be85f8d058,481,VLLM::EngineCore,76446.0,engine,
5846740.343,1,76457.0,GPU-b23c3b4d-5413-4d75-cad3-74be85f8d058,481,VLLM::EngineCore,76446.0,engine,
5846742.382,1,76457.0,GPU-b23c3b4d-5413-4d75-cad3-74be85f8d058,481,VLLM::EngineCore,76446.0,engine,
5846744.423,1,76457.0,GPU-b23c3b4d-5413-4d75-cad3-74be85f8d058,481,VLLM::EngineCore,76446.0,engine,
5846746.465,1,76457.0,GPU-b23c3b4d-5413-4d75-cad3-74be85f8d058,481,VLLM::EngineCore,76446.0,engine,
5846748.510,1,76457.0,GPU-b23c3b4d-5413-4d75-cad3-74be85f8d058,481,VLLM::EngineCore,76446.0,engine,
5846750.549,1,76457.0,GPU-b23c3b4d-5413-4d75-cad3-74be85f8d058,481,VLLM::EngineCore,76446.0,engine,
5846752.591,1,76457.0,GPU-b23c3b4d-5413-4d75-cad3-74be85f8d058,481,VLLM::EngineCore,76446.0,engine,
5846754.631,1,76457.0,GPU-b23c3b4d-5413-4d75-cad3-74be85f8d058,481,VLLM::EngineCore,76446.0,engine,
5846756.673,1,76457.0,GPU-b23c3b4d-5413-4d75-cad3-74be85f8d058,481,VLLM::EngineCore,76446.0,engine,
5846758.775,1,76457.0,GPU-b23c3b4d-5413-4d75-cad3-74be85f8d058,481,VLLM::EngineCore,76446.0,engine,
5846760.815,1,76457.0,GPU-b23c3b4d-5413-4d75-cad3-74be85f8d058,481,VLLM::EngineCore,76446.0,engine,
5846762.853,1,76457.0,GPU-b23c3b4d-5413-4d75-cad3-74be85f8d058,481,VLLM::EngineCore,76446.0,engine,
5846764.894,1,76457.0,GPU-b23c3b4d-5413-4d75-cad3-74be85f8d058,481,VLLM::EngineCore,76446.0,engine,
5846766.935,1,76457.0,GPU-b23c3b4d-5413-4d75-cad3-74be85f8d058,481,VLLM::EngineCore,76446.0,engine,
5846768.975,1,76457.0,GPU-b23c3b4d-5413-4d75-cad3-74be85f8d058,481,VLLM::EngineCore,76446.0,engine,
5846771.017,1,76457.0,GPU-b23c3b4d-5413-4d75-cad3-74be85f8d058,481,VLLM::EngineCore,76446.0,engine,
5846773.058,1,76457.0,GPU-b23c3b4d-5413-4d75-cad3-74be85f8d058,481,VLLM::EngineCore,76446.0,engine,
5846775.100,1,76457.0,GPU-b23c3b4d-5413-4d75-cad3-74be85f8d058,481,VLLM::EngineCore,76446.0,engine,
5846777.141,1,76457.0,GPU-b23c3b4d-5413-4d75-cad3-74be85f8d058,481,VLLM::EngineCore,76446.0,engine,
5846779.186,1,76457.0,GPU-b23c3b4d-5413-4d75-cad3-74be85f8d058,481,VLLM::EngineCore,76446.0,engine,
5846781.230,1,76457.0,GPU-b23c3b4d-5413-4d75-cad3-74be85f8d058,481,VLLM::EngineCore,76446.0,engine,
5846783.270,1,76457.0,GPU-b23c3b4d-5413-4d75-cad3-74be85f8d058,481,VLLM::EngineCore,76446.0,engine,
5846785.319,1,76457.0,GPU-b23c3b4d-5413-4d75-cad3-74be85f8d058,481,VLLM::EngineCore,76446.0,engine,
5846787.364,1,76457.0,GPU-b23c3b4d-5413-4d75-cad3-74be85f8d058,481,VLLM::EngineCore,76446.0,engine,
5846789.410,1,76457.0,GPU-b23c3b4d-5413-4d75-cad3-74be85f8d058,481,VLLM::EngineCore,76446.0,engine,
5846791.453,1,76457.0,GPU-b23c3b4d-5413-4d75-cad3-74be85f8d058,481,VLLM::EngineCore,76446.0,engine,
5846793.495,1,76457.0,GPU-b23c3b4d-5413-4d75-cad3-74be85f8d058,481,VLLM::EngineCore,76446.0,engine,
5846795.538,1,76457.0,GPU-b23c3b4d-5413-4d75-cad3-74be85f8d058,481,VLLM::EngineCore,76446.0,engine,
5846797.583,1,76457.0,GPU-b23c3b4d-5413-4d75-cad3-74be85f8d058,481,VLLM::EngineCore,76446.0,engine,
5846799.623,1,76457.0,GPU-b23c3b4d-5413-4d75-cad3-74be85f8d058,481,VLLM::EngineCore,76446.0,engine,
5846801.668,1,76457.0,GPU-b23c3b4d-5413-4d75-cad3-74be85f8d058,481,VLLM::EngineCore,76446.0,engine,
5846803.757,1,76457.0,GPU-b23c3b4d-5413-4d75-cad3-74be85f8d058,481,VLLM::EngineCore,76446.0,engine,
5846805.801,1,76457.0,GPU-b23c3b4d-5413-4d75-cad3-74be85f8d058,481,VLLM::EngineCore,76446.0,engine,
5846807.847,1,76457.0,GPU-b23c3b4d-5413-4d75-cad3-74be85f8d058,481,VLLM::EngineCore,76446.0,engine,
5846809.891,1,76457.0,GPU-b23c3b4d-5413-4d75-cad3-74be85f8d058,481,VLLM::EngineCore,76446.0,engine,
5846811.936,1,76457.0,GPU-b23c3b4d-5413-4d75-cad3-74be85f8d058,481,VLLM::EngineCore,76446.0,engine,
5846813.981,1,76457.0,GPU-b23c3b4d-5413-4d75-cad3-74be85f8d058,481,VLLM::EngineCore,76446.0,engine,
5846816.026,1,76457.0,GPU-b23c3b4d-5413-4d75-cad3-74be85f8d058,481,VLLM::EngineCore,76446.0,engine,
5846818.069,1,76457.0,GPU-b23c3b4d-5413-4d75-cad3-74be85f8d058,481,VLLM::EngineCore,76446.0,engine,
5846820.107,1,76457.0,GPU-b23c3b4d-5413-4d75-cad3-74be85f8d058,481,VLLM::EngineCore,76446.0,engine,
5846822.156,1,76457.0,GPU-b23c3b4d-5413-4d75-cad3-74be85f8d058,481,VLLM::EngineCore,76446.0,engine,
5846824.231,1,76457.0,GPU-b23c3b4d-5413-4d75-cad3-74be85f8d058,481,VLLM::EngineCore,76446.0,engine,
5846826.269,1,76457.0,GPU-b23c3b4d-5413-4d75-cad3-74be85f8d058,481,VLLM::EngineCore,76446.0,engine,
5846828.308,1,76457.0,GPU-b23c3b4d-5413-4d75-cad3-74be85f8d058,481,VLLM::EngineCore,76446.0,engine,
5846830.387,1,76457.0,GPU-b23c3b4d-5413-4d75-cad3-74be85f8d058,481,VLLM::EngineCore,76446.0,engine,
5846832.427,1,76457.0,GPU-b23c3b4d-5413-4d75-cad3-74be85f8d058,481,VLLM::EngineCore,76446.0,engine,
5846834.467,1,76457.0,GPU-b23c3b4d-5413-4d75-cad3-74be85f8d058,481,VLLM::EngineCore,76446.0,engine,
5846836.505,1,76457.0,GPU-b23c3b4d-5413-4d75-cad3-74be85f8d058,481,VLLM::EngineCore,76446.0,engine,
5846838.547,1,76457.0,GPU-b23c3b4d-5413-4d75-cad3-74be85f8d058,481,VLLM::EngineCore,76446.0,engine,
5846840.595,1,76457.0,GPU-b23c3b4d-5413-4d75-cad3-74be85f8d058,481,VLLM::EngineCore,76446.0,engine,
5846842.634,1,76457.0,GPU-b23c3b4d-5413-4d75-cad3-74be85f8d058,481,VLLM::EngineCore,76446.0,engine,
5846844.690,1,76457.0,GPU-b23c3b4d-5413-4d75-cad3-74be85f8d058,481,VLLM::EngineCore,76446.0,engine,
5846846.743,1,76457.0,GPU-b23c3b4d-5413-4d75-cad3-74be85f8d058,481,VLLM::EngineCore,76446.0,engine,
5846848.783,1,76457.0,GPU-b23c3b4d-5413-4d75-cad3-74be85f8d058,481,VLLM::EngineCore,76446.0,engine,
5846850.839,1,76457.0,GPU-b23c3b4d-5413-4d75-cad3-74be85f8d058,481,VLLM::EngineCore,76446.0,engine,
5846852.892,1,76457.0,GPU-b23c3b4d-5413-4d75-cad3-74be85f8d058,481,VLLM::EngineCore,76446.0,engine,
5846854.931,1,76457.0,GPU-b23c3b4d-5413-4d75-cad3-74be85f8d058,481,VLLM::EngineCore,76446.0,engine,
5846856.990,1,76457.0,GPU-b23c3b4d-5413-4d75-cad3-74be85f8d058,481,VLLM::EngineCore,76446.0,engine,
5846859.038,1,76457.0,GPU-b23c3b4d-5413-4d75-cad3-74be85f8d058,481,VLLM::EngineCore,76446.0,engine,
5846861.079,1,76457.0,GPU-b23c3b4d-5413-4d75-cad3-74be85f8d058,481,VLLM::EngineCore,76446.0,engine,
5846863.119,1,76457.0,GPU-b23c3b4d-5413-4d75-cad3-74be85f8d058,481,VLLM::EngineCore,76446.0,engine,
5846865.166,1,76457.0,GPU-b23c3b4d-5413-4d75-cad3-74be85f8d058,481,VLLM::EngineCore,76446.0,engine,
5846867.210,1,76457.0,GPU-b23c3b4d-5413-4d75-cad3-74be85f8d058,481,VLLM::EngineCore,76446.0,engine,
5846869.300,1,76457.0,GPU-b23c3b4d-5413-4d75-cad3-74be85f8d058,481,VLLM::EngineCore,76446.0,engine,
5846871.360,1,76457.0,GPU-b23c3b4d-5413-4d75-cad3-74be85f8d058,481,VLLM::EngineCore,76446.0,engine,
5846873.408,1,76457.0,GPU-b23c3b4d-5413-4d75-cad3-74be85f8d058,481,VLLM::EngineCore,76446.0,engine,
5846875.461,1,76457.0,GPU-b23c3b4d-5413-4d75-cad3-74be85f8d058,481,VLLM::EngineCore,76446.0,engine,
5846877.515,1,76457.0,GPU-b23c3b4d-5413-4d75-cad3-74be85f8d058,481,VLLM::EngineCore,76446.0,engine,
5846879.559,1,76457.0,GPU-b23c3b4d-5413-4d75-cad3-74be85f8d058,481,VLLM::EngineCore,76446.0,engine,
5846881.606,1,76457.0,GPU-b23c3b4d-5413-4d75-cad3-74be85f8d058,481,VLLM::EngineCore,76446.0,engine,
5846883.647,1,76457.0,GPU-b23c3b4d-5413-4d75-cad3-74be85f8d058,481,VLLM::EngineCore,76446.0,engine,
5846885.716,1,76457.0,GPU-b23c3b4d-5413-4d75-cad3-74be85f8d058,481,VLLM::EngineCore,76446.0,engine,
5846887.759,1,76457.0,GPU-b23c3b4d-5413-4d75-cad3-74be85f8d058,481,VLLM::EngineCore,76446.0,engine,
5846889.803,1,76457.0,GPU-b23c3b4d-5413-4d75-cad3-74be85f8d058,481,VLLM::EngineCore,76446.0,engine,
5846891.861,1,76457.0,GPU-b23c3b4d-5413-4d75-cad3-74be85f8d058,481,VLLM::EngineCore,76446.0,engine,
5846893.904,1,76457.0,GPU-b23c3b4d-5413-4d75-cad3-74be85f8d058,481,VLLM::EngineCore,76446.0,engine,
5846895.947,1,76457.0,GPU-b23c3b4d-5413-4d75-cad3-74be85f8d058,481,VLLM::EngineCore,76446.0,engine,
5846897.990,1,76457.0,GPU-b23c3b4d-5413-4d75-cad3-74be85f8d058,481,VLLM::EngineCore,76446.0,engine,
5846900.033,1,76457.0,GPU-b23c3b4d-5413-4d75-cad3-74be85f8d058,481,VLLM::EngineCore,76446.0,engine,
5846902.076,1,76457.0,GPU-b23c3b4d-5413-4d75-cad3-74be85f8d058,481,VLLM::EngineCore,76446.0,engine,
5846904.122,1,76457.0,GPU-b23c3b4d-5413-4d75-cad3-74be85f8d058,481,VLLM::EngineCore,76446.0,engine,
5846906.160,1,76457.0,GPU-b23c3b4d-5413-4d75-cad3-74be85f8d058,481,VLLM::EngineCore,76446.0,engine,
5846908.227,1,76457.0,GPU-b23c3b4d-5413-4d75-cad3-74be85f8d058,481,VLLM::EngineCore,76446.0,engine,
5846910.271,1,76457.0,GPU-b23c3b4d-5413-4d75-cad3-74be85f8d058,481,VLLM::EngineCore,76446.0,engine,
5846912.314,1,76457.0,GPU-b23c3b4d-5413-4d75-cad3-74be85f8d058,481,VLLM::EngineCore,76446.0,engine,
5846914.359,1,76457.0,GPU-b23c3b4d-5413-4d75-cad3-74be85f8d058,481,VLLM::EngineCore,76446.0,engine,
5846916.405,1,76457.0,GPU-b23c3b4d-5413-4d75-cad3-74be85f8d058,481,VLLM::EngineCore,76446.0,engine,
5846918.449,1,76457.0,GPU-b23c3b4d-5413-4d75-cad3-74be85f8d058,481,VLLM::EngineCore,76446.0,engine,
5846920.492,1,76457.0,GPU-b23c3b4d-5413-4d75-cad3-74be85f8d058,481,VLLM::EngineCore,76446.0,engine,
5846922.538,1,76457.0,GPU-b23c3b4d-5413-4d75-cad3-74be85f8d058,481,VLLM::EngineCore,76446.0,engine,
5846924.581,1,76457.0,GPU-b23c3b4d-5413-4d75-cad3-74be85f8d058,481,VLLM::EngineCore,76446.0,engine,
5846926.623,1,76457.0,GPU-b23c3b4d-5413-4d75-cad3-74be85f8d058,481,VLLM::EngineCore,76446.0,engine,
5846928.665,1,76457.0,GPU-b23c3b4d-5413-4d75-cad3-74be85f8d058,481,VLLM::EngineCore,76446.0,engine,
5846930.710,1,76457.0,GPU-b23c3b4d-5413-4d75-cad3-74be85f8d058,481,VLLM::EngineCore,76446.0,engine,
5846932.755,1,76457.0,GPU-b23c3b4d-5413-4d75-cad3-74be85f8d058,481,VLLM::EngineCore,76446.0,engine,
5846934.798,1,76457.0,GPU-b23c3b4d-5413-4d75-cad3-74be85f8d058,481,VLLM::EngineCore,76446.0,engine,
5846936.846,1,76457.0,GPU-b23c3b4d-5413-4d75-cad3-74be85f8d058,481,VLLM::EngineCore,76446.0,engine,
5846938.887,1,76457.0,GPU-b23c3b4d-5413-4d75-cad3-74be85f8d058,481,VLLM::EngineCore,76446.0,engine,
5846940.931,1,76457.0,GPU-b23c3b4d-5413-4d75-cad3-74be85f8d058,481,VLLM::EngineCore,76446.0,engine,
5846942.976,1,76457.0,GPU-b23c3b4d-5413-4d75-cad3-74be85f8d058,481,VLLM::EngineCore,76446.0,engine,
5846945.019,1,76457.0,GPU-b23c3b4d-5413-4d75-cad3-74be85f8d058,481,VLLM::EngineCore,76446.0,engine,
5846947.062,1,76457.0,GPU-b23c3b4d-5413-4d75-cad3-74be85f8d058,481,VLLM::EngineCore,76446.0,engine,
5846949.106,1,76457.0,GPU-b23c3b4d-5413-4d75-cad3-74be85f8d058,481,VLLM::EngineCore,76446.0,engine,
5846951.149,1,76457.0,GPU-b23c3b4d-5413-4d75-cad3-74be85f8d058,481,VLLM::EngineCore,76446.0,engine,
5846953.193,1,76457.0,GPU-b23c3b4d-5413-4d75-cad3-74be85f8d058,481,VLLM::EngineCore,76446.0,engine,
5846955.235,1,76457.0,GPU-b23c3b4d-5413-4d75-cad3-74be85f8d058,481,VLLM::EngineCore,76446.0,engine,
5846957.281,1,76457.0,GPU-b23c3b4d-5413-4d75-cad3-74be85f8d058,481,VLLM::EngineCore,76446.0,engine,
5846959.323,1,76457.0,GPU-b23c3b4d-5413-4d75-cad3-74be85f8d058,481,VLLM::EngineCore,76446.0,engine,
5846961.367,1,76457.0,GPU-b23c3b4d-5413-4d75-cad3-74be85f8d058,481,VLLM::EngineCore,76446.0,engine,
5846963.409,1,76457.0,GPU-b23c3b4d-5413-4d75-cad3-74be85f8d058,481,VLLM::EngineCore,76446.0,engine,
5846965.453,1,76457.0,GPU-b23c3b4d-5413-4d75-cad3-74be85f8d058,481,VLLM::EngineCore,76446.0,engine,
5846967.497,1,76457.0,GPU-b23c3b4d-5413-4d75-cad3-74be85f8d058,481,VLLM::EngineCore,76446.0,engine,
5846969.535,1,76457.0,GPU-b23c3b4d-5413-4d75-cad3-74be85f8d058,481,VLLM::EngineCore,76446.0,engine,
5846971.576,1,76457.0,GPU-b23c3b4d-5413-4d75-cad3-74be85f8d058,481,VLLM::EngineCore,76446.0,engine,
5846973.616,1,76457.0,GPU-b23c3b4d-5413-4d75-cad3-74be85f8d058,481,VLLM::EngineCore,76446.0,engine,
5846975.658,1,76457.0,GPU-b23c3b4d-5413-4d75-cad3-74be85f8d058,481,VLLM::EngineCore,76446.0,engine,
5846977.704,1,76457.0,GPU-b23c3b4d-5413-4d75-cad3-74be85f8d058,481,VLLM::EngineCore,76446.0,engine,
5846979.746,1,76457.0,GPU-b23c3b4d-5413-4d75-cad3-74be85f8d058,481,VLLM::EngineCore,76446.0,engine,
5846981.787,1,76457.0,GPU-b23c3b4d-5413-4d75-cad3-74be85f8d058,481,VLLM::EngineCore,76446.0,engine,
5846983.831,1,76457.0,GPU-b23c3b4d-5413-4d75-cad3-74be85f8d058,481,VLLM::EngineCore,76446.0,engine,
5846985.872,1,76457.0,GPU-b23c3b4d-5413-4d75-cad3-74be85f8d058,481,VLLM::EngineCore,76446.0,engine,
5846987.913,1,76457.0,GPU-b23c3b4d-5413-4d75-cad3-74be85f8d058,481,VLLM::EngineCore,76446.0,engine,
5846989.956,1,76457.0,GPU-b23c3b4d-5413-4d75-cad3-74be85f8d058,481,VLLM::EngineCore,76446.0,engine,
5846991.998,1,76457.0,GPU-b23c3b4d-5413-4d75-cad3-74be85f8d058,481,VLLM::EngineCore,76446.0,engine,
5846994.040,1,76457.0,GPU-b23c3b4d-5413-4d75-cad3-74be85f8d058,481,VLLM::EngineCore,76446.0,engine,
5846996.084,1,76457.0,GPU-b23c3b4d-5413-4d75-cad3-74be85f8d058,481,VLLM::EngineCore,76446.0,engine,
5846998.124,1,76457.0,GPU-b23c3b4d-5413-4d75-cad3-74be85f8d058,481,VLLM::EngineCore,76446.0,engine,
5847000.164,1,76457.0,GPU-b23c3b4d-5413-4d75-cad3-74be85f8d058,481,VLLM::EngineCore,76446.0,engine,
5847002.207,1,76457.0,GPU-b23c3b4d-5413-4d75-cad3-74be85f8d058,481,VLLM::EngineCore,76446.0,engine,
5847004.246,1,76457.0,GPU-b23c3b4d-5413-4d75-cad3-74be85f8d058,481,VLLM::EngineCore,76446.0,engine,
5847006.289,1,76457.0,GPU-b23c3b4d-5413-4d75-cad3-74be85f8d058,481,VLLM::EngineCore,76446.0,engine,
5847008.707,1,76457.0,GPU-b23c3b4d-5413-4d75-cad3-74be85f8d058,481,VLLM::EngineCore,76446.0,engine,
5847010.744,1,76457.0,GPU-b23c3b4d-5413-4d75-cad3-74be85f8d058,481,VLLM::EngineCore,76446.0,engine,
5847012.783,1,76457.0,GPU-b23c3b4d-5413-4d75-cad3-74be85f8d058,481,VLLM::EngineCore,76446.0,engine,
5847014.824,1,76457.0,GPU-b23c3b4d-5413-4d75-cad3-74be85f8d058,481,VLLM::EngineCore,76446.0,engine,
5847016.866,1,76457.0,GPU-b23c3b4d-5413-4d75-cad3-74be85f8d058,481,VLLM::EngineCore,76446.0,engine,
5847018.910,1,76457.0,GPU-b23c3b4d-5413-4d75-cad3-74be85f8d058,481,VLLM::EngineCore,76446.0,engine,
5847020.951,1,76457.0,GPU-b23c3b4d-5413-4d75-cad3-74be85f8d058,481,VLLM::EngineCore,76446.0,engine,
5847023.077,1,76457.0,GPU-b23c3b4d-5413-4d75-cad3-74be85f8d058,481,VLLM::EngineCore,76446.0,engine,
5847025.121,1,76457.0,GPU-b23c3b4d-5413-4d75-cad3-74be85f8d058,481,VLLM::EngineCore,76446.0,engine,
5847027.161,1,76457.0,GPU-b23c3b4d-5413-4d75-cad3-74be85f8d058,481,VLLM::EngineCore,76446.0,engine,
5847029.202,1,76457.0,GPU-b23c3b4d-5413-4d75-cad3-74be85f8d058,481,VLLM::EngineCore,76446.0,engine,
5847031.245,1,76457.0,GPU-b23c3b4d-5413-4d75-cad3-74be85f8d058,481,VLLM::EngineCore,76446.0,engine,
5847033.286,1,76457.0,GPU-b23c3b4d-5413-4d75-cad3-74be85f8d058,481,VLLM::EngineCore,76446.0,engine,
5847035.326,1,76457.0,GPU-b23c3b4d-5413-4d75-cad3-74be85f8d058,481,VLLM::EngineCore,76446.0,engine,
5847037.369,1,76457.0,GPU-b23c3b4d-5413-4d75-cad3-74be85f8d058,481,VLLM::EngineCore,76446.0,engine,
5847039.409,1,76457.0,GPU-b23c3b4d-5413-4d75-cad3-74be85f8d058,481,VLLM::EngineCore,76446.0,engine,
5847041.449,1,76457.0,GPU-b23c3b4d-5413-4d75-cad3-74be85f8d058,481,VLLM::EngineCore,76446.0,engine,
5847043.492,1,76457.0,GPU-b23c3b4d-5413-4d75-cad3-74be85f8d058,481,VLLM::EngineCore,76446.0,engine,
5847045.533,1,76457.0,GPU-b23c3b4d-5413-4d75-cad3-74be85f8d058,481,VLLM::EngineCore,76446.0,engine,
5847047.576,1,76457.0,GPU-b23c3b4d-5413-4d75-cad3-74be85f8d058,481,VLLM::EngineCore,76446.0,engine,
5847049.637,1,76457.0,GPU-b23c3b4d-5413-4d75-cad3-74be85f8d058,481,VLLM::EngineCore,76446.0,engine,
5847051.679,1,76457.0,GPU-b23c3b4d-5413-4d75-cad3-74be85f8d058,481,VLLM::EngineCore,76446.0,engine,
5847053.718,1,76457.0,GPU-b23c3b4d-5413-4d75-cad3-74be85f8d058,481,VLLM::EngineCore,76446.0,engine,
5847055.759,1,76457.0,GPU-b23c3b4d-5413-4d75-cad3-74be85f8d058,481,VLLM::EngineCore,76446.0,engine,
5847057.799,1,76457.0,GPU-b23c3b4d-5413-4d75-cad3-74be85f8d058,481,VLLM::EngineCore,76446.0,engine,
5847059.844,1,76457.0,GPU-b23c3b4d-5413-4d75-cad3-74be85f8d058,481,VLLM::EngineCore,76446.0,engine,
5847061.885,1,76457.0,GPU-b23c3b4d-5413-4d75-cad3-74be85f8d058,481,VLLM::EngineCore,76446.0,engine,
5847063.926,1,76457.0,GPU-b23c3b4d-5413-4d75-cad3-74be85f8d058,481,VLLM::EngineCore,76446.0,engine,
5847065.970,1,76457.0,GPU-b23c3b4d-5413-4d75-cad3-74be85f8d058,481,VLLM::EngineCore,76446.0,engine,
5847068.014,1,76457.0,GPU-b23c3b4d-5413-4d75-cad3-74be85f8d058,481,VLLM::EngineCore,76446.0,engine,
5847070.052,1,76457.0,GPU-b23c3b4d-5413-4d75-cad3-74be85f8d058,481,VLLM::EngineCore,76446.0,engine,
5847072.096,1,76457.0,GPU-b23c3b4d-5413-4d75-cad3-74be85f8d058,481,VLLM::EngineCore,76446.0,engine,
5847074.135,1,76457.0,GPU-b23c3b4d-5413-4d75-cad3-74be85f8d058,481,VLLM::EngineCore,76446.0,engine,
5847076.175,1,76457.0,GPU-b23c3b4d-5413-4d75-cad3-74be85f8d058,481,VLLM::EngineCore,76446.0,engine,
5847078.219,1,76457.0,GPU-b23c3b4d-5413-4d75-cad3-74be85f8d058,481,VLLM::EngineCore,76446.0,engine,
5847080.260,1,76457.0,GPU-b23c3b4d-5413-4d75-cad3-74be85f8d058,481,VLLM::EngineCore,76446.0,engine,
5847082.299,1,76457.0,GPU-b23c3b4d-5413-4d75-cad3-74be85f8d058,481,VLLM::EngineCore,76446.0,engine,
5847084.342,1,76457.0,GPU-b23c3b4d-5413-4d75-cad3-74be85f8d058,481,VLLM::EngineCore,76446.0,engine,
5847086.382,1,76457.0,GPU-b23c3b4d-5413-4d75-cad3-74be85f8d058,481,VLLM::EngineCore,76446.0,engine,
5847088.419,1,76457.0,GPU-b23c3b4d-5413-4d75-cad3-74be85f8d058,481,VLLM::EngineCore,76446.0,engine,
5847090.469,1,76457.0,GPU-b23c3b4d-5413-4d75-cad3-74be85f8d058,481,VLLM::EngineCore,76446.0,engine,
5847092.512,1,76457.0,GPU-b23c3b4d-5413-4d75-cad3-74be85f8d058,481,VLLM::EngineCore,76446.0,engine,
5847094.550,1,76457.0,GPU-b23c3b4d-5413-4d75-cad3-74be85f8d058,481,VLLM::EngineCore,76446.0,engine,
5847096.618,1,76457.0,GPU-b23c3b4d-5413-4d75-cad3-74be85f8d058,481,VLLM::EngineCore,76446.0,engine,
5847098.657,1,76457.0,GPU-b23c3b4d-5413-4d75-cad3-74be85f8d058,481,VLLM::EngineCore,76446.0,engine,
5847100.694,1,76457.0,GPU-b23c3b4d-5413-4d75-cad3-74be85f8d058,481,VLLM::EngineCore,76446.0,engine,
5847102.731,1,76457.0,GPU-b23c3b4d-5413-4d75-cad3-74be85f8d058,481,VLLM::EngineCore,76446.0,engine,
5847104.771,1,76457.0,GPU-b23c3b4d-5413-4d75-cad3-74be85f8d058,481,VLLM::EngineCore,76446.0,engine,
5847106.810,1,76457.0,GPU-b23c3b4d-5413-4d75-cad3-74be85f8d058,481,VLLM::EngineCore,76446.0,engine,
5847108.850,1,76457.0,GPU-b23c3b4d-5413-4d75-cad3-74be85f8d058,481,VLLM::EngineCore,76446.0,engine,
5847110.890,1,76457.0,GPU-b23c3b4d-5413-4d75-cad3-74be85f8d058,481,VLLM::EngineCore,76446.0,engine,
5847112.929,1,76457.0,GPU-b23c3b4d-5413-4d75-cad3-74be85f8d058,481,VLLM::EngineCore,76446.0,engine,
5847114.973,1,76457.0,GPU-b23c3b4d-5413-4d75-cad3-74be85f8d058,481,VLLM::EngineCore,76446.0,engine,
5847117.017,1,76457.0,GPU-b23c3b4d-5413-4d75-cad3-74be85f8d058,481,VLLM::EngineCore,76446.0,engine,
5847119.055,1,76457.0,GPU-b23c3b4d-5413-4d75-cad3-74be85f8d058,481,VLLM::EngineCore,76446.0,engine,
5847121.184,1,76457.0,GPU-b23c3b4d-5413-4d75-cad3-74be85f8d058,481,VLLM::EngineCore,76446.0,engine,
5847123.224,1,76457.0,GPU-b23c3b4d-5413-4d75-cad3-74be85f8d058,481,VLLM::EngineCore,76446.0,engine,
5847125.267,1,76457.0,GPU-b23c3b4d-5413-4d75-cad3-74be85f8d058,481,VLLM::EngineCore,76446.0,engine,
5847127.307,1,76457.0,GPU-b23c3b4d-5413-4d75-cad3-74be85f8d058,481,VLLM::EngineCore,76446.0,engine,
5847129.346,1,76457.0,GPU-b23c3b4d-5413-4d75-cad3-74be85f8d058,481,VLLM::EngineCore,76446.0,engine,
5847131.386,1,76457.0,GPU-b23c3b4d-5413-4d75-cad3-74be85f8d058,481,VLLM::EngineCore,76446.0,engine,
5847133.429,1,76457.0,GPU-b23c3b4d-5413-4d75-cad3-74be85f8d058,481,VLLM::EngineCore,76446.0,engine,
5847135.473,1,76457.0,GPU-b23c3b4d-5413-4d75-cad3-74be85f8d058,481,VLLM::EngineCore,76446.0,engine,
5847137.516,1,76457.0,GPU-b23c3b4d-5413-4d75-cad3-74be85f8d058,481,VLLM::EngineCore,76446.0,engine,
5847139.554,1,76457.0,GPU-b23c3b4d-5413-4d75-cad3-74be85f8d058,481,VLLM::EngineCore,76446.0,engine,
5847141.594,1,76457.0,GPU-b23c3b4d-5413-4d75-cad3-74be85f8d058,481,VLLM::EngineCore,76446.0,engine,
5847143.634,1,76457.0,GPU-b23c3b4d-5413-4d75-cad3-74be85f8d058,481,VLLM::EngineCore,76446.0,engine,
5847145.674,1,76457.0,GPU-b23c3b4d-5413-4d75-cad3-74be85f8d058,481,VLLM::EngineCore,76446.0,engine,
5847147.714,1,76457.0,GPU-b23c3b4d-5413-4d75-cad3-74be85f8d058,481,VLLM::EngineCore,76446.0,engine,
5847149.754,1,76457.0,GPU-b23c3b4d-5413-4d75-cad3-74be85f8d058,481,VLLM::EngineCore,76446.0,engine,
5847151.795,1,76457.0,GPU-b23c3b4d-5413-4d75-cad3-74be85f8d058,481,VLLM::EngineCore,76446.0,engine,
5847153.833,1,76457.0,GPU-b23c3b4d-5413-4d75-cad3-74be85f8d058,481,VLLM::EngineCore,76446.0,engine,
5847155.873,1,76457.0,GPU-b23c3b4d-5413-4d75-cad3-74be85f8d058,481,VLLM::EngineCore,76446.0,engine,
5847157.919,1,76457.0,GPU-b23c3b4d-5413-4d75-cad3-74be85f8d058,481,VLLM::EngineCore,76446.0,engine,
5847159.962,1,76457.0,GPU-b23c3b4d-5413-4d75-cad3-74be85f8d058,481,VLLM::EngineCore,76446.0,engine,
5847162.001,1,76457.0,GPU-b23c3b4d-5413-4d75-cad3-74be85f8d058,481,VLLM::EngineCore,76446.0,engine,
5847164.044,1,76457.0,GPU-b23c3b4d-5413-4d75-cad3-74be85f8d058,481,VLLM::EngineCore,76446.0,engine,
5847166.085,1,76457.0,GPU-b23c3b4d-5413-4d75-cad3-74be85f8d058,481,VLLM::EngineCore,76446.0,engine,
5847168.123,1,76457.0,GPU-b23c3b4d-5413-4d75-cad3-74be85f8d058,481,VLLM::EngineCore,76446.0,engine,
5847170.163,1,76457.0,GPU-b23c3b4d-5413-4d75-cad3-74be85f8d058,481,VLLM::EngineCore,76446.0,engine,
5847172.204,1,76457.0,GPU-b23c3b4d-5413-4d75-cad3-74be85f8d058,481,VLLM::EngineCore,76446.0,engine,
5847174.244,1,76457.0,GPU-b23c3b4d-5413-4d75-cad3-74be85f8d058,481,VLLM::EngineCore,76446.0,engine,
5847176.283,1,76457.0,GPU-b23c3b4d-5413-4d75-cad3-74be85f8d058,481,VLLM::EngineCore,76446.0,engine,
5847178.329,1,76457.0,GPU-b23c3b4d-5413-4d75-cad3-74be85f8d058,481,VLLM::EngineCore,76446.0,engine,
5847180.382,1,76457.0,GPU-b23c3b4d-5413-4d75-cad3-74be85f8d058,481,VLLM::EngineCore,76446.0,engine,
5847182.425,1,76457.0,GPU-b23c3b4d-5413-4d75-cad3-74be85f8d058,481,VLLM::EngineCore,76446.0,engine,
5847184.474,1,76457.0,GPU-b23c3b4d-5413-4d75-cad3-74be85f8d058,481,VLLM::EngineCore,76446.0,engine,
5847186.523,1,76457.0,GPU-b23c3b4d-5413-4d75-cad3-74be85f8d058,481,VLLM::EngineCore,76446.0,engine,
5847188.564,1,76457.0,GPU-b23c3b4d-5413-4d75-cad3-74be85f8d058,481,VLLM::EngineCore,76446.0,engine,
5847190.605,1,76457.0,GPU-b23c3b4d-5413-4d75-cad3-74be85f8d058,481,VLLM::EngineCore,76446.0,engine,
5847192.650,1,76457.0,GPU-b23c3b4d-5413-4d75-cad3-74be85f8d058,481,VLLM::EngineCore,76446.0,engine,
5847194.692,1,76457.0,GPU-b23c3b4d-5413-4d75-cad3-74be85f8d058,481,VLLM::EngineCore,76446.0,engine,
5847196.734,1,76457.0,GPU-b23c3b4d-5413-4d75-cad3-74be85f8d058,481,VLLM::EngineCore,76446.0,engine,
5847198.789,1,76457.0,GPU-b23c3b4d-5413-4d75-cad3-74be85f8d058,481,VLLM::EngineCore,76446.0,engine,
5847200.832,1,76457.0,GPU-b23c3b4d-5413-4d75-cad3-74be85f8d058,481,VLLM::EngineCore,76446.0,engine,
5847202.874,1,76457.0,GPU-b23c3b4d-5413-4d75-cad3-74be85f8d058,481,VLLM::EngineCore,76446.0,engine,
5847204.920,1,76457.0,GPU-b23c3b4d-5413-4d75-cad3-74be85f8d058,481,VLLM::EngineCore,76446.0,engine,
5847206.964,1,76457.0,GPU-b23c3b4d-5413-4d75-cad3-74be85f8d058,481,VLLM::EngineCore,76446.0,engine,
5847209.026,1,76457.0,GPU-b23c3b4d-5413-4d75-cad3-74be85f8d058,481,VLLM::EngineCore,76446.0,engine,
5847211.074,1,76457.0,GPU-b23c3b4d-5413-4d75-cad3-74be85f8d058,481,VLLM::EngineCore,76446.0,engine,
5847213.121,1,76457.0,GPU-b23c3b4d-5413-4d75-cad3-74be85f8d058,481,VLLM::EngineCore,76446.0,engine,
5847215.161,1,76457.0,GPU-b23c3b4d-5413-4d75-cad3-74be85f8d058,481,VLLM::EngineCore,76446.0,engine,
5847217.204,1,76457.0,GPU-b23c3b4d-5413-4d75-cad3-74be85f8d058,481,VLLM::EngineCore,76446.0,engine,
5847219.245,1,76457.0,GPU-b23c3b4d-5413-4d75-cad3-74be85f8d058,481,VLLM::EngineCore,76446.0,engine,
5847221.283,1,76457.0,GPU-b23c3b4d-5413-4d75-cad3-74be85f8d058,481,VLLM::EngineCore,76446.0,engine,
5847223.325,1,76457.0,GPU-b23c3b4d-5413-4d75-cad3-74be85f8d058,481,VLLM::EngineCore,76446.0,engine,
5847225.363,1,76457.0,GPU-b23c3b4d-5413-4d75-cad3-74be85f8d058,481,VLLM::EngineCore,76446.0,engine,
5847227.402,1,76457.0,GPU-b23c3b4d-5413-4d75-cad3-74be85f8d058,481,VLLM::EngineCore,76446.0,engine,
5847229.441,1,76457.0,GPU-b23c3b4d-5413-4d75-cad3-74be85f8d058,481,VLLM::EngineCore,76446.0,engine,
5847231.482,1,76457.0,GPU-b23c3b4d-5413-4d75-cad3-74be85f8d058,481,VLLM::EngineCore,76446.0,engine,
5847233.523,1,76457.0,GPU-b23c3b4d-5413-4d75-cad3-74be85f8d058,481,VLLM::EngineCore,76446.0,engine,
5847235.564,1,76457.0,GPU-b23c3b4d-5413-4d75-cad3-74be85f8d058,481,VLLM::EngineCore,76446.0,engine,
5847237.603,1,76457.0,GPU-b23c3b4d-5413-4d75-cad3-74be85f8d058,481,VLLM::EngineCore,76446.0,engine,
5847239.647,1,76457.0,GPU-b23c3b4d-5413-4d75-cad3-74be85f8d058,481,VLLM::EngineCore,76446.0,engine,
5847241.691,1,76457.0,GPU-b23c3b4d-5413-4d75-cad3-74be85f8d058,481,VLLM::EngineCore,76446.0,engine,
5847243.735,1,76457.0,GPU-b23c3b4d-5413-4d75-cad3-74be85f8d058,481,VLLM::EngineCore,76446.0,engine,
5847245.770,1,76457.0,GPU-b23c3b4d-5413-4d75-cad3-74be85f8d058,481,VLLM::EngineCore,76446.0,engine,
5847247.810,1,76457.0,GPU-b23c3b4d-5413-4d75-cad3-74be85f8d058,481,VLLM::EngineCore,76446.0,engine,
5847249.848,1,76457.0,GPU-b23c3b4d-5413-4d75-cad3-74be85f8d058,481,VLLM::EngineCore,76446.0,engine,
5847251.888,1,76457.0,GPU-b23c3b4d-5413-4d75-cad3-74be85f8d058,481,VLLM::EngineCore,76446.0,engine,
5847253.929,1,76457.0,GPU-b23c3b4d-5413-4d75-cad3-74be85f8d058,481,VLLM::EngineCore,76446.0,engine,
5847255.967,1,76457.0,GPU-b23c3b4d-5413-4d75-cad3-74be85f8d058,481,VLLM::EngineCore,76446.0,engine,
5847258.007,1,76457.0,GPU-b23c3b4d-5413-4d75-cad3-74be85f8d058,481,VLLM::EngineCore,76446.0,engine,
5847260.048,1,76457.0,GPU-b23c3b4d-5413-4d75-cad3-74be85f8d058,481,VLLM::EngineCore,76446.0,engine,
5847262.091,1,76457.0,GPU-b23c3b4d-5413-4d75-cad3-74be85f8d058,481,VLLM::EngineCore,76446.0,engine,
5847264.132,1,76457.0,GPU-b23c3b4d-5413-4d75-cad3-74be85f8d058,481,VLLM::EngineCore,76446.0,engine,
5847266.171,1,76457.0,GPU-b23c3b4d-5413-4d75-cad3-74be85f8d058,481,VLLM::EngineCore,76446.0,engine,
5847268.209,1,76457.0,GPU-b23c3b4d-5413-4d75-cad3-74be85f8d058,481,VLLM::EngineCore,76446.0,engine,
5847270.247,1,76457.0,GPU-b23c3b4d-5413-4d75-cad3-74be85f8d058,481,VLLM::EngineCore,76446.0,engine,
5847272.287,1,76457.0,GPU-b23c3b4d-5413-4d75-cad3-74be85f8d058,481,VLLM::EngineCore,76446.0,engine,
5847274.331,1,76457.0,GPU-b23c3b4d-5413-4d75-cad3-74be85f8d058,481,VLLM::EngineCore,76446.0,engine,
5847276.377,1,76457.0,GPU-b23c3b4d-5413-4d75-cad3-74be85f8d058,481,VLLM::EngineCore,76446.0,engine,
5847278.433,1,76457.0,GPU-b23c3b4d-5413-4d75-cad3-74be85f8d058,481,VLLM::EngineCore,76446.0,engine,
5847280.476,1,76457.0,GPU-b23c3b4d-5413-4d75-cad3-74be85f8d058,481,VLLM::EngineCore,76446.0,engine,
5847282.516,1,76457.0,GPU-b23c3b4d-5413-4d75-cad3-74be85f8d058,481,VLLM::EngineCore,76446.0,engine,
5847284.558,1,76457.0,GPU-b23c3b4d-5413-4d75-cad3-74be85f8d058,481,VLLM::EngineCore,76446.0,engine,
5847286.602,1,76457.0,GPU-b23c3b4d-5413-4d75-cad3-74be85f8d058,481,VLLM::EngineCore,76446.0,engine,
5847288.797,1,76457.0,GPU-b23c3b4d-5413-4d75-cad3-74be85f8d058,481,VLLM::EngineCore,76446.0,engine,
5847290.837,1,76457.0,GPU-b23c3b4d-5413-4d75-cad3-74be85f8d058,481,VLLM::EngineCore,76446.0,engine,
5847292.878,1,76457.0,GPU-b23c3b4d-5413-4d75-cad3-74be85f8d058,481,VLLM::EngineCore,76446.0,engine,
5847294.917,1,76457.0,GPU-b23c3b4d-5413-4d75-cad3-74be85f8d058,481,VLLM::EngineCore,76446.0,engine,
5847296.956,1,76457.0,GPU-b23c3b4d-5413-4d75-cad3-74be85f8d058,481,VLLM::EngineCore,76446.0,engine,
5847299.006,1,76457.0,GPU-b23c3b4d-5413-4d75-cad3-74be85f8d058,481,VLLM::EngineCore,76446.0,engine,
5847301.049,1,76457.0,GPU-b23c3b4d-5413-4d75-cad3-74be85f8d058,481,VLLM::EngineCore,76446.0,engine,
5847303.089,1,76457.0,GPU-b23c3b4d-5413-4d75-cad3-74be85f8d058,481,VLLM::EngineCore,76446.0,engine,
5847305.130,1,76457.0,GPU-b23c3b4d-5413-4d75-cad3-74be85f8d058,481,VLLM::EngineCore,76446.0,engine,
5847307.170,1,76457.0,GPU-b23c3b4d-5413-4d75-cad3-74be85f8d058,481,VLLM::EngineCore,76446.0,engine,
5847309.212,1,76457.0,GPU-b23c3b4d-5413-4d75-cad3-74be85f8d058,481,VLLM::EngineCore,76446.0,engine,
5847311.250,1,76457.0,GPU-b23c3b4d-5413-4d75-cad3-74be85f8d058,481,VLLM::EngineCore,76446.0,engine,
5847313.288,1,76457.0,GPU-b23c3b4d-5413-4d75-cad3-74be85f8d058,481,VLLM::EngineCore,76446.0,engine,
5847315.329,1,76457.0,GPU-b23c3b4d-5413-4d75-cad3-74be85f8d058,481,VLLM::EngineCore,76446.0,engine,
5847317.369,1,76457.0,GPU-b23c3b4d-5413-4d75-cad3-74be85f8d058,481,VLLM::EngineCore,76446.0,engine,
5847319.411,1,76457.0,GPU-b23c3b4d-5413-4d75-cad3-74be85f8d058,481,VLLM::EngineCore,76446.0,engine,
5847321.454,1,76457.0,GPU-b23c3b4d-5413-4d75-cad3-74be85f8d058,481,VLLM::EngineCore,76446.0,engine,
5847323.492,1,76457.0,GPU-b23c3b4d-5413-4d75-cad3-74be85f8d058,481,VLLM::EngineCore,76446.0,engine,
5847325.534,1,76457.0,GPU-b23c3b4d-5413-4d75-cad3-74be85f8d058,481,VLLM::EngineCore,76446.0,engine,
5847327.574,1,76457.0,GPU-b23c3b4d-5413-4d75-cad3-74be85f8d058,481,VLLM::EngineCore,76446.0,engine,
5847329.616,1,76457.0,GPU-b23c3b4d-5413-4d75-cad3-74be85f8d058,481,VLLM::EngineCore,76446.0,engine,
5847331.659,1,76457.0,GPU-b23c3b4d-5413-4d75-cad3-74be85f8d058,481,VLLM::EngineCore,76446.0,engine,
5847333.702,1,76457.0,GPU-b23c3b4d-5413-4d75-cad3-74be85f8d058,481,VLLM::EngineCore,76446.0,engine,
5847335.741,1,76457.0,GPU-b23c3b4d-5413-4d75-cad3-74be85f8d058,481,VLLM::EngineCore,76446.0,engine,
5847337.782,1,76457.0,GPU-b23c3b4d-5413-4d75-cad3-74be85f8d058,481,VLLM::EngineCore,76446.0,engine,
5847339.820,1,76457.0,GPU-b23c3b4d-5413-4d75-cad3-74be85f8d058,481,VLLM::EngineCore,76446.0,engine,
5847341.867,1,76457.0,GPU-b23c3b4d-5413-4d75-cad3-74be85f8d058,481,VLLM::EngineCore,76446.0,engine,
5847343.910,1,76457.0,GPU-b23c3b4d-5413-4d75-cad3-74be85f8d058,481,VLLM::EngineCore,76446.0,engine,
5847345.951,1,76457.0,GPU-b23c3b4d-5413-4d75-cad3-74be85f8d058,481,VLLM::EngineCore,76446.0,engine,
5847347.989,1,76457.0,GPU-b23c3b4d-5413-4d75-cad3-74be85f8d058,481,VLLM::EngineCore,76446.0,engine,
5847350.030,1,76457.0,GPU-b23c3b4d-5413-4d75-cad3-74be85f8d058,481,VLLM::EngineCore,76446.0,engine,
5847352.074,1,76457.0,GPU-b23c3b4d-5413-4d75-cad3-74be85f8d058,481,VLLM::EngineCore,76446.0,engine,
5847354.119,1,76457.0,GPU-b23c3b4d-5413-4d75-cad3-74be85f8d058,481,VLLM::EngineCore,76446.0,engine,
5847356.161,1,76457.0,GPU-b23c3b4d-5413-4d75-cad3-74be85f8d058,481,VLLM::EngineCore,76446.0,engine,
5847358.201,1,76457.0,GPU-b23c3b4d-5413-4d75-cad3-74be85f8d058,481,VLLM::EngineCore,76446.0,engine,
5847360.241,1,76457.0,GPU-b23c3b4d-5413-4d75-cad3-74be85f8d058,481,VLLM::EngineCore,76446.0,engine,
5847362.280,1,76457.0,GPU-b23c3b4d-5413-4d75-cad3-74be85f8d058,481,VLLM::EngineCore,76446.0,engine,
5847364.318,1,76457.0,GPU-b23c3b4d-5413-4d75-cad3-74be85f8d058,481,VLLM::EngineCore,76446.0,engine,
5847366.360,1,76457.0,GPU-b23c3b4d-5413-4d75-cad3-74be85f8d058,481,VLLM::EngineCore,76446.0,engine,
5847368.400,1,76457.0,GPU-b23c3b4d-5413-4d75-cad3-74be85f8d058,481,VLLM::EngineCore,76446.0,engine,
5847370.441,1,76457.0,GPU-b23c3b4d-5413-4d75-cad3-74be85f8d058,481,VLLM::EngineCore,76446.0,engine,
5847372.480,1,76457.0,GPU-b23c3b4d-5413-4d75-cad3-74be85f8d058,481,VLLM::EngineCore,76446.0,engine,
5847374.519,1,76457.0,GPU-b23c3b4d-5413-4d75-cad3-74be85f8d058,481,VLLM::EngineCore,76446.0,engine,
5847376.559,1,76457.0,GPU-b23c3b4d-5413-4d75-cad3-74be85f8d058,481,VLLM::EngineCore,76446.0,engine,
5847378.600,1,76457.0,GPU-b23c3b4d-5413-4d75-cad3-74be85f8d058,481,VLLM::EngineCore,76446.0,engine,
5847380.644,1,76457.0,GPU-b23c3b4d-5413-4d75-cad3-74be85f8d058,481,VLLM::EngineCore,76446.0,engine,
5847382.685,1,76457.0,GPU-b23c3b4d-5413-4d75-cad3-74be85f8d058,481,VLLM::EngineCore,76446.0,engine,
5847384.730,1,76457.0,GPU-b23c3b4d-5413-4d75-cad3-74be85f8d058,481,VLLM::EngineCore,76446.0,engine,
5847386.773,1,4.0,,,,,,
5847388.953,1,0.0,,,,,,
5847390.987,1,0.0,,,,,,
5847393.026,1,0.0,,,,,,
5847395.066,1,0.0,,,,,,
5847397.108,1,0.0,,,,,,
5847399.149,1,0.0,,,,,,
5847401.188,1,0.0,,,,,,
5847403.227,1,0.0,,,,,,
5847405.268,1,0.0,,,,,,
5847407.311,1,0.0,,,,,,
5847409.351,1,4.0,,,,,,
5847411.392,1,4.0,,,,,,
5847413.435,1,4.0,,,,,,
5847415.476,1,4.0,,,,,,
5847417.518,1,4.0,,,,,,
5847419.558,1,4.0,,,,,,
5847421.599,1,4.0,,,,,,
5847423.642,1,4.0,,,,,,
5847425.681,1,689.0,GPU-b23c3b4d-5413-4d75-cad3-74be85f8d058,3764,VLLM::EngineCore,680.0,engine,
5847427.721,1,5549.0,GPU-b23c3b4d-5413-4d75-cad3-74be85f8d058,3764,VLLM::EngineCore,5540.0,engine,
5847429.758,1,19325.0,GPU-b23c3b4d-5413-4d75-cad3-74be85f8d058,3764,VLLM::EngineCore,19316.0,engine,
5847431.798,1,19127.0,GPU-b23c3b4d-5413-4d75-cad3-74be85f8d058,3764,VLLM::EngineCore,19118.0,engine,
5847433.836,1,19127.0,GPU-b23c3b4d-5413-4d75-cad3-74be85f8d058,3764,VLLM::EngineCore,19118.0,engine,
5847435.873,1,19253.0,GPU-b23c3b4d-5413-4d75-cad3-74be85f8d058,3764,VLLM::EngineCore,19244.0,engine,
5847437.911,1,19767.0,GPU-b23c3b4d-5413-4d75-cad3-74be85f8d058,3764,VLLM::EngineCore,19758.0,engine,
5847439.949,1,19767.0,GPU-b23c3b4d-5413-4d75-cad3-74be85f8d058,3764,VLLM::EngineCore,19758.0,engine,
5847441.986,1,19767.0,GPU-b23c3b4d-5413-4d75-cad3-74be85f8d058,3764,VLLM::EngineCore,19758.0,engine,
5847444.024,1,19215.0,GPU-b23c3b4d-5413-4d75-cad3-74be85f8d058,3764,VLLM::EngineCore,19206.0,engine,
5847446.062,1,24537.0,GPU-b23c3b4d-5413-4d75-cad3-74be85f8d058,3764,VLLM::EngineCore,24528.0,engine,
5847448.099,1,23839.0,GPU-b23c3b4d-5413-4d75-cad3-74be85f8d058,3764,VLLM::EngineCore,24396.0,engine,
5847450.140,1,23805.0,GPU-b23c3b4d-5413-4d75-cad3-74be85f8d058,3764,VLLM::EngineCore,23884.0,engine,
5847452.178,1,72065.0,GPU-b23c3b4d-5413-4d75-cad3-74be85f8d058,3764,VLLM::EngineCore,72054.0,engine,
5847454.216,1,73061.0,GPU-b23c3b4d-5413-4d75-cad3-74be85f8d058,3764,VLLM::EngineCore,73050.0,engine,
5847456.256,1,72207.0,GPU-b23c3b4d-5413-4d75-cad3-74be85f8d058,3764,VLLM::EngineCore,72198.0,engine,
5847458.295,1,72499.0,GPU-b23c3b4d-5413-4d75-cad3-74be85f8d058,3764,VLLM::EngineCore,72482.0,engine,
5847460.334,1,72509.0,GPU-b23c3b4d-5413-4d75-cad3-74be85f8d058,3764,VLLM::EngineCore,72498.0,engine,
5847462.372,1,73057.0,GPU-b23c3b4d-5413-4d75-cad3-74be85f8d058,3764,VLLM::EngineCore,73046.0,engine,
5847464.414,1,74197.0,GPU-b23c3b4d-5413-4d75-cad3-74be85f8d058,3764,VLLM::EngineCore,74186.0,engine,
5847466.473,1,74197.0,GPU-b23c3b4d-5413-4d75-cad3-74be85f8d058,3764,VLLM::EngineCore,74186.0,engine,
5847468.519,1,74197.0,GPU-b23c3b4d-5413-4d75-cad3-74be85f8d058,3764,VLLM::EngineCore,74186.0,engine,
5847470.564,1,74197.0,GPU-b23c3b4d-5413-4d75-cad3-74be85f8d058,3764,VLLM::EngineCore,74186.0,engine,
5847472.604,1,74197.0,GPU-b23c3b4d-5413-4d75-cad3-74be85f8d058,3764,VLLM::EngineCore,74186.0,engine,
5847474.645,1,74197.0,GPU-b23c3b4d-5413-4d75-cad3-74be85f8d058,3764,VLLM::EngineCore,74186.0,engine,
5847476.701,1,74197.0,GPU-b23c3b4d-5413-4d75-cad3-74be85f8d058,3764,VLLM::EngineCore,74186.0,engine,
5847478.740,1,75325.0,GPU-b23c3b4d-5413-4d75-cad3-74be85f8d058,3764,VLLM::EngineCore,75314.0,engine,
5847480.780,1,75325.0,GPU-b23c3b4d-5413-4d75-cad3-74be85f8d058,3764,VLLM::EngineCore,75314.0,engine,
5847482.833,1,75325.0,GPU-b23c3b4d-5413-4d75-cad3-74be85f8d058,3764,VLLM::EngineCore,75314.0,engine,
5847484.887,1,75325.0,GPU-b23c3b4d-5413-4d75-cad3-74be85f8d058,3764,VLLM::EngineCore,75314.0,engine,
5847486.929,1,75325.0,GPU-b23c3b4d-5413-4d75-cad3-74be85f8d058,3764,VLLM::EngineCore,75314.0,engine,
5847488.983,1,75325.0,GPU-b23c3b4d-5413-4d75-cad3-74be85f8d058,3764,VLLM::EngineCore,75314.0,engine,
5847491.028,1,75325.0,GPU-b23c3b4d-5413-4d75-cad3-74be85f8d058,3764,VLLM::EngineCore,75314.0,engine,
5847493.067,1,75325.0,GPU-b23c3b4d-5413-4d75-cad3-74be85f8d058,3764,VLLM::EngineCore,75314.0,engine,
5847495.125,1,75325.0,GPU-b23c3b4d-5413-4d75-cad3-74be85f8d058,3764,VLLM::EngineCore,75314.0,engine,
5847497.164,1,75325.0,GPU-b23c3b4d-5413-4d75-cad3-74be85f8d058,3764,VLLM::EngineCore,75314.0,engine,
5847499.204,1,75325.0,GPU-b23c3b4d-5413-4d75-cad3-74be85f8d058,3764,VLLM::EngineCore,75314.0,engine,
5847501.262,1,75325.0,GPU-b23c3b4d-5413-4d75-cad3-74be85f8d058,3764,VLLM::EngineCore,75314.0,engine,
5847503.301,1,75325.0,GPU-b23c3b4d-5413-4d75-cad3-74be85f8d058,3764,VLLM::EngineCore,75314.0,engine,
5847505.345,1,75325.0,GPU-b23c3b4d-5413-4d75-cad3-74be85f8d058,3764,VLLM::EngineCore,75314.0,engine,
5847507.400,1,75325.0,GPU-b23c3b4d-5413-4d75-cad3-74be85f8d058,3764,VLLM::EngineCore,75314.0,engine,
5847509.446,1,75325.0,GPU-b23c3b4d-5413-4d75-cad3-74be85f8d058,3764,VLLM::EngineCore,75314.0,engine,
5847511.486,1,75325.0,GPU-b23c3b4d-5413-4d75-cad3-74be85f8d058,3764,VLLM::EngineCore,75314.0,engine,
5847513.529,1,75325.0,GPU-b23c3b4d-5413-4d75-cad3-74be85f8d058,3764,VLLM::EngineCore,75314.0,engine,
5847515.570,1,75325.0,GPU-b23c3b4d-5413-4d75-cad3-74be85f8d058,3764,VLLM::EngineCore,75314.0,engine,
5847517.609,1,75325.0,GPU-b23c3b4d-5413-4d75-cad3-74be85f8d058,3764,VLLM::EngineCore,75314.0,engine,
5847519.648,1,75325.0,GPU-b23c3b4d-5413-4d75-cad3-74be85f8d058,3764,VLLM::EngineCore,75314.0,engine,
5847521.688,1,75325.0,GPU-b23c3b4d-5413-4d75-cad3-74be85f8d058,3764,VLLM::EngineCore,75314.0,engine,
5847523.727,1,75325.0,GPU-b23c3b4d-5413-4d75-cad3-74be85f8d058,3764,VLLM::EngineCore,75314.0,engine,
5847525.766,1,75325.0,GPU-b23c3b4d-5413-4d75-cad3-74be85f8d058,3764,VLLM::EngineCore,75314.0,engine,
5847527.805,1,75325.0,GPU-b23c3b4d-5413-4d75-cad3-74be85f8d058,3764,VLLM::EngineCore,75314.0,engine,
5847529.845,1,75325.0,GPU-b23c3b4d-5413-4d75-cad3-74be85f8d058,3764,VLLM::EngineCore,75314.0,engine,
5847531.886,1,75325.0,GPU-b23c3b4d-5413-4d75-cad3-74be85f8d058,3764,VLLM::EngineCore,75314.0,engine,
5847533.925,1,75325.0,GPU-b23c3b4d-5413-4d75-cad3-74be85f8d058,3764,VLLM::EngineCore,75314.0,engine,
5847535.966,1,75325.0,GPU-b23c3b4d-5413-4d75-cad3-74be85f8d058,3764,VLLM::EngineCore,75314.0,engine,
5847538.010,1,75325.0,GPU-b23c3b4d-5413-4d75-cad3-74be85f8d058,3764,VLLM::EngineCore,75314.0,engine,
5847540.055,1,75325.0,GPU-b23c3b4d-5413-4d75-cad3-74be85f8d058,3764,VLLM::EngineCore,75314.0,engine,
5847542.091,1,75325.0,GPU-b23c3b4d-5413-4d75-cad3-74be85f8d058,3764,VLLM::EngineCore,75314.0,engine,
5847544.299,1,75325.0,GPU-b23c3b4d-5413-4d75-cad3-74be85f8d058,3764,VLLM::EngineCore,75314.0,engine,
5847546.338,1,75325.0,GPU-b23c3b4d-5413-4d75-cad3-74be85f8d058,3764,VLLM::EngineCore,75314.0,engine,
5847548.378,1,75325.0,GPU-b23c3b4d-5413-4d75-cad3-74be85f8d058,3764,VLLM::EngineCore,75314.0,engine,
5847550.418,1,75325.0,GPU-b23c3b4d-5413-4d75-cad3-74be85f8d058,3764,VLLM::EngineCore,75314.0,engine,
5847552.460,1,75325.0,GPU-b23c3b4d-5413-4d75-cad3-74be85f8d058,3764,VLLM::EngineCore,75314.0,engine,
5847554.504,1,75325.0,GPU-b23c3b4d-5413-4d75-cad3-74be85f8d058,3764,VLLM::EngineCore,75314.0,engine,
5847556.545,1,75325.0,GPU-b23c3b4d-5413-4d75-cad3-74be85f8d058,3764,VLLM::EngineCore,75314.0,engine,
5847558.582,1,75325.0,GPU-b23c3b4d-5413-4d75-cad3-74be85f8d058,3764,VLLM::EngineCore,75314.0,engine,
5847560.626,1,75325.0,GPU-b23c3b4d-5413-4d75-cad3-74be85f8d058,3764,VLLM::EngineCore,75314.0,engine,
5847562.680,1,75325.0,GPU-b23c3b4d-5413-4d75-cad3-74be85f8d058,3764,VLLM::EngineCore,75314.0,engine,
5847564.720,1,75325.0,GPU-b23c3b4d-5413-4d75-cad3-74be85f8d058,3764,VLLM::EngineCore,75314.0,engine,
5847566.763,1,75325.0,GPU-b23c3b4d-5413-4d75-cad3-74be85f8d058,3764,VLLM::EngineCore,75314.0,engine,
5847568.804,1,75325.0,GPU-b23c3b4d-5413-4d75-cad3-74be85f8d058,3764,VLLM::EngineCore,75314.0,engine,
5847570.844,1,75325.0,GPU-b23c3b4d-5413-4d75-cad3-74be85f8d058,3764,VLLM::EngineCore,75314.0,engine,
5847572.889,1,75325.0,GPU-b23c3b4d-5413-4d75-cad3-74be85f8d058,3764,VLLM::EngineCore,75314.0,engine,
5847574.953,1,75325.0,GPU-b23c3b4d-5413-4d75-cad3-74be85f8d058,3764,VLLM::EngineCore,75314.0,engine,
5847576.994,1,75325.0,GPU-b23c3b4d-5413-4d75-cad3-74be85f8d058,3764,VLLM::EngineCore,75314.0,engine,
5847579.039,1,75325.0,GPU-b23c3b4d-5413-4d75-cad3-74be85f8d058,3764,VLLM::EngineCore,75314.0,engine,
5847581.085,1,75325.0,GPU-b23c3b4d-5413-4d75-cad3-74be85f8d058,3764,VLLM::EngineCore,75314.0,engine,
5847583.139,1,75325.0,GPU-b23c3b4d-5413-4d75-cad3-74be85f8d058,3764,VLLM::EngineCore,75314.0,engine,
5847585.194,1,75325.0,GPU-b23c3b4d-5413-4d75-cad3-74be85f8d058,3764,VLLM::EngineCore,75314.0,engine,
5847587.241,1,75325.0,GPU-b23c3b4d-5413-4d75-cad3-74be85f8d058,3764,VLLM::EngineCore,75314.0,engine,
5847589.286,1,75325.0,GPU-b23c3b4d-5413-4d75-cad3-74be85f8d058,3764,VLLM::EngineCore,75314.0,engine,
5847591.330,1,75325.0,GPU-b23c3b4d-5413-4d75-cad3-74be85f8d058,3764,VLLM::EngineCore,75314.0,engine,
5847593.374,1,75327.0,GPU-b23c3b4d-5413-4d75-cad3-74be85f8d058,3764,VLLM::EngineCore,75316.0,engine,
5847595.431,1,75327.0,GPU-b23c3b4d-5413-4d75-cad3-74be85f8d058,3764,VLLM::EngineCore,75316.0,engine,
5847597.489,1,75327.0,GPU-b23c3b4d-5413-4d75-cad3-74be85f8d058,3764,VLLM::EngineCore,75316.0,engine,
5847599.529,1,75327.0,GPU-b23c3b4d-5413-4d75-cad3-74be85f8d058,3764,VLLM::EngineCore,75316.0,engine,
5847601.573,1,75327.0,GPU-b23c3b4d-5413-4d75-cad3-74be85f8d058,3764,VLLM::EngineCore,75316.0,engine,
5847603.620,1,75327.0,GPU-b23c3b4d-5413-4d75-cad3-74be85f8d058,3764,VLLM::EngineCore,75316.0,engine,
5847605.672,1,75327.0,GPU-b23c3b4d-5413-4d75-cad3-74be85f8d058,3764,VLLM::EngineCore,75316.0,engine,
5847607.737,1,75327.0,GPU-b23c3b4d-5413-4d75-cad3-74be85f8d058,3764,VLLM::EngineCore,75316.0,engine,
5847609.780,1,75327.0,GPU-b23c3b4d-5413-4d75-cad3-74be85f8d058,3764,VLLM::EngineCore,75316.0,engine,
5847611.819,1,75327.0,GPU-b23c3b4d-5413-4d75-cad3-74be85f8d058,3764,VLLM::EngineCore,75316.0,engine,
5847613.859,1,75327.0,GPU-b23c3b4d-5413-4d75-cad3-74be85f8d058,3764,VLLM::EngineCore,75316.0,engine,
5847615.900,1,75327.0,GPU-b23c3b4d-5413-4d75-cad3-74be85f8d058,3764,VLLM::EngineCore,75316.0,engine,
5847617.942,1,75327.0,GPU-b23c3b4d-5413-4d75-cad3-74be85f8d058,3764,VLLM::EngineCore,75316.0,engine,
5847619.985,1,75327.0,GPU-b23c3b4d-5413-4d75-cad3-74be85f8d058,3764,VLLM::EngineCore,75316.0,engine,
5847622.022,1,75327.0,GPU-b23c3b4d-5413-4d75-cad3-74be85f8d058,3764,VLLM::EngineCore,75316.0,engine,
5847624.063,1,75327.0,GPU-b23c3b4d-5413-4d75-cad3-74be85f8d058,3764,VLLM::EngineCore,75316.0,engine,
5847626.103,1,75327.0,GPU-b23c3b4d-5413-4d75-cad3-74be85f8d058,3764,VLLM::EngineCore,75316.0,engine,
5847628.145,1,75327.0,GPU-b23c3b4d-5413-4d75-cad3-74be85f8d058,3764,VLLM::EngineCore,75316.0,engine,
5847630.190,1,75327.0,GPU-b23c3b4d-5413-4d75-cad3-74be85f8d058,3764,VLLM::EngineCore,75316.0,engine,
5847632.228,1,75327.0,GPU-b23c3b4d-5413-4d75-cad3-74be85f8d058,3764,VLLM::EngineCore,75316.0,engine,
5847634.265,1,75327.0,GPU-b23c3b4d-5413-4d75-cad3-74be85f8d058,3764,VLLM::EngineCore,75316.0,engine,
5847636.304,1,75327.0,GPU-b23c3b4d-5413-4d75-cad3-74be85f8d058,3764,VLLM::EngineCore,75316.0,engine,
5847638.350,1,75327.0,GPU-b23c3b4d-5413-4d75-cad3-74be85f8d058,3764,VLLM::EngineCore,75316.0,engine,
5847640.394,1,75327.0,GPU-b23c3b4d-5413-4d75-cad3-74be85f8d058,3764,VLLM::EngineCore,75316.0,engine,
5847642.438,1,75327.0,GPU-b23c3b4d-5413-4d75-cad3-74be85f8d058,3764,VLLM::EngineCore,75316.0,engine,
5847644.485,1,75327.0,GPU-b23c3b4d-5413-4d75-cad3-74be85f8d058,3764,VLLM::EngineCore,75316.0,engine,
5847646.529,1,75327.0,GPU-b23c3b4d-5413-4d75-cad3-74be85f8d058,3764,VLLM::EngineCore,75316.0,engine,
5847648.572,1,75327.0,GPU-b23c3b4d-5413-4d75-cad3-74be85f8d058,3764,VLLM::EngineCore,75316.0,engine,
5847650.612,1,75327.0,GPU-b23c3b4d-5413-4d75-cad3-74be85f8d058,3764,VLLM::EngineCore,75316.0,engine,
5847652.652,1,75327.0,GPU-b23c3b4d-5413-4d75-cad3-74be85f8d058,3764,VLLM::EngineCore,75316.0,engine,
5847654.692,1,75327.0,GPU-b23c3b4d-5413-4d75-cad3-74be85f8d058,3764,VLLM::EngineCore,75316.0,engine,
5847656.732,1,75327.0,GPU-b23c3b4d-5413-4d75-cad3-74be85f8d058,3764,VLLM::EngineCore,75316.0,engine,
5847658.773,1,75327.0,GPU-b23c3b4d-5413-4d75-cad3-74be85f8d058,3764,VLLM::EngineCore,75316.0,engine,
5847660.813,1,75327.0,GPU-b23c3b4d-5413-4d75-cad3-74be85f8d058,3764,VLLM::EngineCore,75316.0,engine,
5847662.853,1,75327.0,GPU-b23c3b4d-5413-4d75-cad3-74be85f8d058,3764,VLLM::EngineCore,75316.0,engine,
5847664.897,1,75327.0,GPU-b23c3b4d-5413-4d75-cad3-74be85f8d058,3764,VLLM::EngineCore,75316.0,engine,
5847666.939,1,75327.0,GPU-b23c3b4d-5413-4d75-cad3-74be85f8d058,3764,VLLM::EngineCore,75316.0,engine,
5847668.981,1,75327.0,GPU-b23c3b4d-5413-4d75-cad3-74be85f8d058,3764,VLLM::EngineCore,75316.0,engine,
5847671.021,1,75327.0,GPU-b23c3b4d-5413-4d75-cad3-74be85f8d058,3764,VLLM::EngineCore,75316.0,engine,
5847673.063,1,4.0,,,,,,
