t,kv_cache_usage_perc,num_requests_running,num_requests_waiting
5847589.26608528,0.0,0.0,0.0
5847591.27390642,0.05569540591567024,20.0,0.0
5847593.284584982,0.1145374449339207,40.0,0.0
5847595.294941854,0.1145374449339207,40.0,0.0
5847597.305180682,0.0,0.0,0.0
5847599.316071671,0.01541850220264318,3.0,0.0
5847601.323317063,0.08086847073631209,18.0,9.0
5847603.33545196,0.13467589679043424,31.0,9.0
5847605.343947066,0.16425424795468846,40.0,0.0
5847607.354346916,0.16425424795468846,40.0,0.0
5847609.361194491,0.0,0.0,0.0
5847611.376918065,0.05034612964128382,8.0,4.0
5847613.384127896,0.13593455003146637,24.0,16.0
5847615.392918543,0.21082441787287598,38.0,2.0
5847617.401537092,0.22718691000629332,40.0,0.0
5847619.40864535,0.0,0.0,0.0
5847621.415971084,0.0,0.0,0.0
5847623.425890941,0.09062303335431088,12.0,8.0
5847625.432375546,0.18753933291378222,26.0,14.0
5847627.441617409,0.2844556324732537,40.0,0.0
5847629.448841809,0.27753303964757714,40.0,0.0
5847631.454536789,0.1806167400881057,26.0,0.0
5847633.461553932,0.0,0.0,0.0
5847635.47225683,0.08936438011327874,10.0,3.0
5847637.479189804,0.1541850220264317,18.0,0.0
5847639.491350452,0.18659534298300817,22.0,0.0
5847641.498275246,0.06891126494650723,8.0,0.0
5847643.50487788,0.0676526117054751,8.0,0.0
5847645.51489445,0.07614852108244174,9.0,0.0
5847647.522889837,0.0827564505978603,10.0,0.0
5847649.530422592,0.1145374449339207,14.0,0.0
5847651.537735021,0.14757709251101325,18.0,0.0
5847653.545637882,0.18533668974197604,22.0,2.0
5847655.552681689,0.21743234738829453,26.0,3.0
5847657.5670146,0.25424795468848327,31.0,3.0
5847659.573323841,0.2778477029578351,34.0,4.0
5847661.580179266,0.315921963499056,38.0,1.0
5847663.586101177,0.3190685966016362,38.0,0.0
5847665.592186023,0.289490245437382,34.0,0.0
5847667.599520003,0.30742605412208934,36.0,0.0
5847669.607986897,0.29578351164254246,35.0,0.0
5847671.614959592,0.060100692259282606,7.0,0.0
