domain,task_id,web_dependent_v1,run1_score,run1_source,run1_flags,run1_elapsed_s,run1_agp_outcome,run2_score,run2_flags,run2_elapsed_s,run2_agp_outcome,H072452_reward,H072955_reward,H073458_reward
chrome,bb5e4c0d-f964-439c-97b6-bdb9747de3f4,0,1.0,main,,58.23122429847717,Completed,1.0,,50.639907360076904,Completed,1.0,1.0,1.0
chrome,7b6c7e24-c58a-49fc-a5bb-d57b80e5b4c3,1,1.0,main,,55.566797494888306,Completed,1.0,,50.30955505371094,Completed,1.0,1.0,1.0
chrome,06fe7178-4491-4589-810f-2e2bc9502122,1,,error,F1|F2,,,,F1|F2,,,1.0,,1.0
chrome,e1e75309-3ddb-4d09-92ec-de869c928143,1,0.9595887245841035,main,,87.84115171432495,Completed,0.9595887245841035,,76.51042032241821,Completed,0.9595887245841035,0.9595887245841035,0.9595887245841035
chrome,35253b65-1c19-4304-8aa4-6884b8218fc0,1,1.0,main,,56.15773582458496,Completed,1.0,,55.982922315597534,Completed,1.0,1.0,1.0
chrome,2ad9387a-65d8-4e33-ad5b-7580065a27ca,0,1.0,main,,82.56433820724487,Completed,1.0,,50.21176743507385,Completed,1.0,1.0,1.0
chrome,7a5a7856-f1b6-42a4-ade9-1ca81ca0f263,1,1.0,main,,55.3249351978302,Completed,1.0,,45.02570724487305,Completed,1.0,1.0,1.0
chrome,2ae9ba84-3a0d-4d4c-8338-3a1478dc5fe3,0,1.0,main,,72.35119795799255,Completed,1.0,,60.7193341255188,Completed,1.0,1.0,0.0
chrome,480bcfea-d68f-4aaa-a0a9-2589ef319381,0,0.0,main,,130.32402443885803,Completed,0.0,,139.66940093040466,Completed,0.0,0.0,0.0
chrome,af630914-714e-4a24-a7bb-f9af687d3b91,0,1.0,main,,56.36924338340759,Completed,1.0,,50.43836784362793,Completed,1.0,1.0,1.0
chrome,3720f614-37fd-4d04-8a6b-76f54f8c222d,0,1.0,main,,87.63953018188477,Infeasible,1.0,,94.43563556671143,Infeasible,1.0,1.0,1.0
chrome,99146c54-4f37-4ab8-9327-5f3291665e1e,0,1.0,main,,189.02670621871948,Completed,1.0,,91.62587523460388,Completed,1.0,1.0,1.0
chrome,12086550-11c0-466b-b367-1d9e75b3910e,0,1.0,main,,39.75498580932617,Completed,1.0,,50.28296756744385,Completed,1.0,1.0,1.0
chrome,6766f2b8-8a72-417f-a9e5-56fcaa735837,0,1.0,main,,86.71773386001587,Completed,1.0,,79.14619731903076,Completed,1.0,1.0,1.0
chrome,93eabf48-6a27-4cb6-b963-7d5fe1e0d3a9,0,1.0,main,,65.60058903694153,Completed,1.0,,50.19455409049988,Completed,1.0,1.0,1.0
chrome,ae78f875-5b98-4907-bbb5-9c737fc68c03,0,1.0,main,,99.95621228218079,Infeasible,1.0,,239.02473878860474,Infeasible,1.0,1.0,0.0
chrome,3299584d-8f11-4457-bf4c-ce98f7600250,1,1.0,main,,45.15836811065674,Completed,1.0,,45.04719662666321,Completed,1.0,1.0,1.0
chrome,030eeff7-b492-4218-b312-701ec99ee0cc,0,1.0,main,,55.37596368789673,Completed,1.0,,58.171894788742065,Completed,1.0,1.0,1.0
chrome,9656a811-9b5b-4ddf-99c7-5117bcef0626,0,1.0,main,,57.88966107368469,Completed,1.0,,50.39219808578491,Completed,0.0,0.0,1.0
chrome,fc6d8143-9452-4171-9459-7f515143419a,1,1.0,main,,134.02015495300293,Completed,1.0,,138.73213458061218,Completed,0.0,0.0,0.0
chrome,a96b564e-dbe9-42c3-9ccf-b4498073438a,1,0.0,main,,75.173335313797,Completed,0.0,,56.398582220077515,Completed,0.0,0.0,0.0
chrome,1704f00f-79e6-43a7-961b-cedd3724d5fd,1,1.0,main,,113.0979676246643,Completed,1.0,,107.74189567565918,Completed,1.0,1.0,1.0
chrome,f3b19d1e-2d48-44e9-b4e1-defcae1a0197,1,0.0,main,,45.240373849868774,Completed,0.0,,55.066224813461304,Completed,1.0,0.0,0.0
chrome,82bc8d6a-36eb-4d2d-8801-ef714fb1e55a,1,1.0,main,,107.71664810180664,Completed,1.0,,144.21584606170654,Completed,1.0,1.0,1.0
chrome,47543840-672a-467d-80df-8f7c3b9788c9,1,1.0,main,,396.13197112083435,Completed,1.0,,126.31514024734497,Completed,1.0,1.0,1.0
chrome,c1fa57f3-c3db-4596-8f09-020701085416,1,1.0,main,,55.5888135433197,Completed,0.0,,129.1466805934906,Completed,1.0,1.0,1.0
chrome,da46d875-6b82-4681-9284-653b0c7ae241,1,,error,F1,,,,F1|F2,,,,,
chrome,6c4c23a1-42a4-43cc-9db1-2f86ff3738cc,1,1.0,main,,226.15955448150635,Completed,0.0,,175.83504247665405,Completed,0.0,0.0,0.0
chrome,f79439ad-3ee8-4f99-a518-0eb60e5652b0,1,1.0,main,,108.87602806091309,Completed,1.0,,104.68297982215881,Completed,1.0,1.0,1.0
chrome,b7895e80-f4d1-4648-bee0-4eb45a6f1fa8,1,0.0,main,,123.61948227882385,Completed,0.0,,144.5144820213318,Completed,0.0,0.0,1.0
chrome,9f3f70fc-5afc-4958-a7b7-3bb4fcb01805,1,1.0,main,,441.9831266403198,Completed,1.0,,641.053463935852,Completed,0.0,0.0,0.0
chrome,7f52cab9-535c-4835-ac8c-391ee64dc930,1,1.0,main,,118.23484301567078,Completed,0.0,,168.26540637016296,Completed,1.0,1.0,1.0
chrome,82279c77-8fc6-46f6-9622-3ba96f61b477,1,1.0,main,,128.47657918930054,Completed,1.0,,149.77452039718628,Completed,1.0,1.0,1.0
chrome,2888b4e6-5b47-4b57-8bf5-c73827890774,1,0.0,main,,757.8587164878845,Completed,0.0,,735.1007862091064,Completed,0.0,0.0,0.0
chrome,b4f95342-463e-4179-8c3f-193cd7241fb2,1,0.0,main,,60.1869797706604,Completed,0.0,,155.20560693740845,Completed,0.0,0.0,0.0
chrome,f5d96daf-83a8-4c86-9686-bada31fc66ab,1,1.0,main,,186.12980604171753,Completed,1.0,,254.066303730011,Completed,1.0,1.0,1.0
chrome,121ba48f-9e17-48ce-9bc6-a4fb17a7ebba,1,1.0,main,,75.98878574371338,Completed,0.0,,109.12652039527893,Completed,1.0,1.0,1.0
chrome,368d9ba4-203c-40c1-9fa3-da2f1430ce63,1,1.0,main,,149.49371647834778,Completed,1.0,,126.11467671394348,Completed,1.0,1.0,1.0
chrome,59155008-fe71-45ec-8a8f-dc35497b6aa8,1,1.0,main,,138.85580372810364,Completed,0.0,,781.4288821220398,Completed,1.0,1.0,1.0
chrome,a728a36e-8bf1-4bb6-9a03-ef039a5233f0,1,1.0,main,,284.3888258934021,Completed,1.0,,269.9550678730011,Completed,1.0,1.0,1.0
chrome,b070486d-e161-459b-aa2b-ef442d973b92,1,1.0,main,,247.86004257202148,Completed,1.0,,142.50319075584412,Completed,1.0,1.0,1.0
chrome,0d8b7de3-e8de-4d86-b9fd-dd2dce58a217,1,1.0,main,,42.284624338150024,Completed,1.0,,50.02507734298706,Completed,1.0,0.0,0.0
chrome,9f935cce-0a9f-435f-8007-817732bfc0a5,1,1.0,main,,80.96261548995972,Completed,1.0,,60.86386060714722,Completed,1.0,1.0,1.0
chrome,f0b971a1-6831-4b9b-a50e-22a6e47f45ba,1,1.0,main,,99.64936971664429,Completed,1.0,,75.91303563117981,Completed,1.0,1.0,1.0
chrome,cabb3bae-cccb-41bd-9f5d-0f3a9fecd825,1,0.0,main,,107.75874185562134,Completed,0.0,,86.75924301147461,Completed,0.0,0.0,0.0
chrome,44ee5668-ecd5-4366-a6ce-c1c9b8d4e938,1,1.0,main,,128.5707404613495,Completed,1.0,,76.57847285270691,Completed,1.0,1.0,1.0
gimp,7a4deb26-d57d-4ea9-9a73-630f66a7b568,0,1.0,main,,63.20496964454651,Completed,1.0,,60.41591501235962,Completed,1.0,1.0,1.0
gimp,554785e9-4523-4e7a-b8e1-8016f565f56a,0,1.0,main,,67.0739734172821,Completed,1.0,,71.28614473342896,Completed,1.0,1.0,1.0
gimp,77b8ab4d-994f-43ac-8930-8ca087d7c4b4,0,1.0,main,,65.61583924293518,Completed,1.0,,70.73905158042908,Completed,,1.0,1.0
gimp,f4aec372-4fb0-4df5-a52b-79e0e2a5d6ce,0,0.0,repair,F6,315.19853711128235,Completed,0.0,,612.1959075927734,Completed,1.0,1.0,0.0
gimp,d52d6308-ec58-42b7-a2c9-de80e4837b2b,0,1.0,main,,29.077189207077026,Completed,1.0,,29.475566148757935,Completed,1.0,1.0,1.0
gimp,2a729ded-3296-423d-aec4-7dd55ed5fbb3,0,1.0,main,,107.80938458442688,Completed,1.0,,112.91756701469421,Completed,1.0,1.0,1.0
gimp,b148e375-fe0b-4bec-90e7-38632b0d73c2,0,1.0,main,,42.28187537193298,Completed,1.0,,50.15066885948181,Completed,1.0,1.0,1.0
gimp,a746add2-cab0-4740-ac36-c3769d9bfb46,0,1.0,main,,45.08712935447693,Completed,1.0,,44.502708196640015,Completed,1.0,1.0,1.0
gimp,7b7617bd-57cc-468e-9c91-40c4ec2bcb3d,0,1.0,main,,47.68406271934509,Completed,1.0,,50.01644515991211,Completed,1.0,1.0,1.0
gimp,d16c99dc-2a1e-46f2-b350-d97c86c85c15,0,1.0,main,,66.06176209449768,Completed,1.0,,65.72931241989136,Completed,1.0,1.0,1.0
gimp,06ca5602-62ca-47f6-ad4f-da151cde54cc,0,1.0,main,,63.2998321056366,Completed,1.0,,70.66989922523499,Completed,1.0,1.0,1.0
gimp,e2dd0213-26db-4349-abe5-d5667bfd725c,0,0.0,main,,52.939332008361816,Completed,0.0,,39.76506423950195,Completed,0.0,0.0,0.0
gimp,f723c744-e62c-4ae6-98d1-750d3cd7d79d,0,1.0,main,,60.682992458343506,Completed,1.0,,61.03159189224243,Completed,1.0,1.0,1.0
gimp,72f83cdc-bf76-4531-9a1b-eb893a13f8aa,0,1.0,main,,60.8627290725708,Completed,1.0,,58.04157829284668,Completed,1.0,1.0,1.0
gimp,7767eef2-56a3-4cea-8c9f-48c070c7d65b,0,1.0,main,,65.82967019081116,Completed,1.0,,84.59492659568787,Completed,1.0,1.0,1.0
gimp,734d6579-c07d-47a8-9ae2-13339795476b,0,1.0,main,,76.34108901023865,Completed,1.0,,63.40192103385925,Completed,1.0,1.0,1.0
gimp,e19bd559-633b-4b02-940f-d946248f088e,0,1.0,main,,254.74868750572205,Infeasible,0.0,,186.39545035362244,Completed,1.0,1.0,0.0
gimp,38f48d40-764e-4e77-a7cf-51dfce880291,0,1.0,main,,160.86358880996704,Infeasible,1.0,,136.66273593902588,Infeasible,1.0,1.0,1.0
gimp,fbb548ca-c2a6-4601-9204-e39a2efc507b,0,1.0,main,,60.788668155670166,Infeasible,1.0,,79.24698901176453,Infeasible,1.0,1.0,1.0
gimp,5ca86c6f-f317-49d8-b6a7-b527541caae8,0,1.0,main,,259.6639268398285,Infeasible,1.0,,238.31475973129272,Infeasible,1.0,1.0,1.0
gimp,62f7fd55-0687-4a43-b6e1-3eda16fc6252,0,1.0,main,,117.77632975578308,Infeasible,1.0,,123.32764625549316,Infeasible,1.0,1.0,1.0
gimp,8ea73f6f-9689-42ad-8c60-195bbf06a7ba,0,1.0,main,,150.43204641342163,Infeasible,1.0,,159.9025273323059,Infeasible,1.0,1.0,1.0
gimp,58d3eeeb-e9d0-499f-962e-fd0db2a744d8,0,1.0,main,,375.6964519023895,Infeasible,1.0,,239.14157462120056,Infeasible,1.0,1.0,1.0
gimp,2e6f678f-472d-4c55-99cc-8e7c5c402a71,0,0.0,main,,207.43068265914917,Completed,1.0,,798.9120464324951,Infeasible,0.0,1.0,0.0
gimp,045bf3ff-9077-4b86-b483-a1040a949cff,0,1.0,main,,129.2227156162262,Infeasible,1.0,,228.18122744560242,Infeasible,1.0,1.0,1.0
gimp,dbbf4b99-2253-4b10-9274-45f246af2466,0,1.0,main,,411.6141541004181,Infeasible,1.0,,260.0196797847748,Infeasible,1.0,1.0,1.0
libreoffice_calc,357ef137-7eeb-4c80-a3bb-0951f26a8aff,0,1.0,main,,50.26723551750183,Completed,1.0,,47.91130471229553,Completed,1.0,1.0,1.0
libreoffice_calc,42e0a640-4f19-4b28-973d-729602b5a4a7,0,0.0,main,,89.24320340156555,Completed,1.0,,90.17896366119385,Completed,1.0,1.0,1.0
libreoffice_calc,51719eea-10bc-4246-a428-ac7c433dd4b3,0,1.0,main,,463.7949686050415,Completed,0.0,,717.2292697429657,Completed,0.0,0.0,0.0
libreoffice_calc,1954cced-e748-45c4-9c26-9855b97fbc5e,0,1.0,main,,254.34675478935242,Completed,0.0,,724.1390724182129,Completed,0.0,0.0,0.0
libreoffice_calc,2bd59342-0664-4ccb-ba87-79379096cc08,0,1.0,main,,123.8459153175354,Infeasible,1.0,,146.96622586250305,Infeasible,1.0,1.0,1.0
libreoffice_calc,3aaa4e37-dc91-482e-99af-132a612d40f3,0,1.0,main,,71.23166751861572,Completed,1.0,,87.18913984298706,Completed,1.0,1.0,1.0
libreoffice_calc,1273e544-688f-496b-8d89-3e0f40aa0606,0,1.0,main,,50.20023512840271,Completed,1.0,,49.85891532897949,Completed,1.0,1.0,1.0
libreoffice_calc,12382c62-0cd1-4bf2-bdc8-1d20bf9b2371,0,0.0,main,,123.5772716999054,Completed,1.0,,112.74030756950378,Completed,1.0,1.0,1.0
libreoffice_calc,f9584479-3d0d-4c79-affa-9ad7afdd8850,0,1.0,main,,331.14601826667786,Completed,1.0,,343.772337436676,Completed,1.0,1.0,1.0
libreoffice_calc,535364ea-05bd-46ea-9937-9f55c68507e8,0,0.0,main,,690.1589579582214,Completed,0.0,,686.0574085712433,Completed,0.0,0.0,0.0
libreoffice_calc,7e429b8d-a3f0-4ed0-9b58-08957d00b127,0,1.0,main,,73.68901109695435,Completed,1.0,,68.44480204582214,Completed,1.0,1.0,1.0
libreoffice_calc,4f07fbe9-70de-4927-a4d5-bb28bc12c52c,0,1.0,main,,76.54325842857361,Completed,1.0,,58.609222412109375,Completed,1.0,1.0,1.0
libreoffice_calc,04d9aeaf-7bed-4024-bedb-e10e6f00eb7f,0,1.0,main,,202.6941328048706,Completed,1.0,,281.76211404800415,Completed,1.0,1.0,1.0
libreoffice_calc,0bf05a7d-b28b-44d2-955a-50b41e24012a,0,1.0,main,,91.94947338104248,Completed,1.0,,95.39275407791138,Completed,1.0,1.0,1.0
libreoffice_calc,6054afcb-5bab-4702-90a0-b259b5d3217c,0,1.0,main,,281.2600598335266,Completed,1.0,,170.9858009815216,Completed,0.0,0.0,0.0
libreoffice_calc,abed40dc-063f-4598-8ba5-9fe749c0615d,0,1.0,main,,76.36322832107544,Completed,1.0,,71.27128672599792,Completed,1.0,1.0,1.0
libreoffice_calc,37608790-6147-45d0-9f20-1137bb35703d,0,1.0,main,,86.80948114395142,Completed,0.0,,65.8539686203003,Completed,1.0,0.0,1.0
libreoffice_calc,26a8440e-c166-4c50-aef4-bfb77314b46b,0,0.0,main,,45.102659940719604,Completed,1.0,,145.06630873680115,Completed,0.0,1.0,0.0
libreoffice_calc,d681960f-7bc3-4286-9913-a8812ba3261a,0,1.0,main,,69.05023050308228,Completed,1.0,,91.92070865631104,Completed,1.0,1.0,1.0
libreoffice_calc,035f41ba-6653-43ab-aa63-c86d449d62e5,0,1.0,main,,137.24509716033936,Completed,1.0,,464.3496708869934,Completed,1.0,1.0,1.0
libreoffice_calc,7efeb4b1-3d19-4762-b163-63328d66303b,0,1.0,main,,227.78436398506165,Completed,1.0,,204.7550573348999,Completed,1.0,0.0,1.0
libreoffice_calc,1de60575-bb6e-4c3d-9e6a-2fa699f9f197,0,0.0,main,,705.8096787929535,Completed,0.0,,731.9704616069794,Infeasible,0.0,0.0,0.0
libreoffice_calc,aa3a8974-2e85-438b-b29e-a64df44deb4b,0,1.0,main,,87.19991970062256,Completed,1.0,,92.30033040046692,Completed,1.0,1.0,1.0
libreoffice_calc,51b11269-2ca8-4b2a-9163-f21758420e78,0,1.0,main,,42.20185375213623,Completed,1.0,,45.01532816886902,Completed,1.0,1.0,1.0
libreoffice_calc,1e8df695-bd1b-45b3-b557-e7d599cf7597,0,1.0,main,,86.88863277435303,Completed,1.0,,76.68267107009888,Completed,1.0,1.0,1.0
libreoffice_calc,ecb0df7a-4e8d-4a03-b162-053391d3afaf,0,1.0,main,,102.66220450401306,Completed,0.0,,91.77696561813354,Completed,1.0,1.0,1.0
libreoffice_calc,8b1ce5f2-59d2-4dcc-b0b0-666a714b9a14,0,1.0,main,,131.7878143787384,Completed,1.0,,139.0531919002533,Completed,1.0,1.0,1.0
libreoffice_calc,a01fbce3-2793-461f-ab86-43680ccbae25,0,1.0,main,,87.12668633460999,Completed,1.0,,87.09151673316956,Completed,1.0,1.0,1.0
libreoffice_calc,0326d92d-d218-48a8-9ca1-981cd6d064c7,0,1.0,main,,389.764865398407,Completed,1.0,,712.1210479736328,Completed,1.0,0.0,1.0
libreoffice_calc,0a2e43bf-b26c-4631-a966-af9dfa12c9e5,0,1.0,main,,178.3459153175354,Completed,1.0,,170.75183272361755,Completed,1.0,0.0,1.0
libreoffice_calc,4188d3a4-077d-46b7-9c86-23e1a036f6c1,0,1.0,main,,45.13943028450012,Completed,1.0,,50.388033390045166,Completed,1.0,1.0,1.0
libreoffice_calc,347ef137-7eeb-4c80-a3bb-0951f26a8aff,0,0.0,main,,134.5482885837555,Completed,1.0,,128.61299800872803,Completed,0.0,0.0,0.0
libreoffice_calc,eb03d19a-b88d-4de4-8a64-ca0ac66f426b,0,1.0,main,,59.10023069381714,Completed,1.0,,60.70052886009216,Completed,1.0,1.0,1.0
libreoffice_calc,0cecd4f3-74de-457b-ba94-29ad6b5dafb6,0,1.0,main,,107.98254466056824,Completed,1.0,,118.81270432472229,Completed,1.0,1.0,1.0
libreoffice_calc,1d17d234-e39d-4ed7-b46f-4417922a4e7c,0,1.0,main,,92.70782923698425,Completed,1.0,,81.77101254463196,Completed,1.0,1.0,1.0
libreoffice_calc,4e6fcf72-daf3-439f-a232-c434ce416af6,0,1.0,main,,86.82978010177612,Completed,1.0,,92.13989925384521,Completed,1.0,1.0,1.0
libreoffice_calc,01b269ae-2111-4a07-81fd-3fcd711993b0,0,1.0,main,,286.8259952068329,Completed,1.0,,313.5552628040314,Completed,1.0,,1.0
libreoffice_calc,21df9241-f8d7-4509-b7f1-37e501a823f7,0,1.0,main,,133.83325052261353,Completed,0.0,,137.50099325180054,Completed,1.0,1.0,0.0
libreoffice_calc,a9f325aa-8c05-4e4f-8341-9e4358565f4f,0,1.0,main,,76.0814790725708,Completed,1.0,,69.21688866615295,Completed,1.0,1.0,1.0
libreoffice_calc,6e99a1ad-07d2-4b66-a1ce-ece6d99c20a5,0,1.0,main,,65.75230097770691,Completed,1.0,,66.22073483467102,Completed,1.0,1.0,1.0
libreoffice_calc,7a4e4bc8-922c-4c84-865c-25ba34136be1,0,1.0,main,,123.52773356437683,Completed,1.0,,239.01796293258667,Completed,1.0,0.0,1.0
libreoffice_calc,4de54231-e4b5-49e3-b2ba-61a0bec721c0,0,1.0,main,,123.32294416427612,Completed,1.0,,129.37548208236694,Completed,1.0,1.0,1.0
libreoffice_calc,30e3e107-1cfb-46ee-a755-2cd080d7ba6a,0,0.0,main,,676.7455523014069,Completed,0.0,,660.562554359436,Infeasible,0.0,0.0,0.0
libreoffice_calc,4172ea6e-6b77-4edb-a9cc-c0014bd1603b,0,1.0,main,,76.1142807006836,Completed,1.0,,102.8619031906128,Completed,1.0,1.0,1.0
libreoffice_calc,1334ca3e-f9e3-4db8-9ca7-b4c653be7d17,0,1.0,main,,45.919034481048584,Completed,1.0,,39.895761251449585,Completed,1.0,1.0,1.0
libreoffice_calc,3a7c8185-25c1-4941-bd7b-96e823c9f21f,0,1.0,main,,123.30407881736755,Completed,0.0,,765.725832939148,Completed,1.0,1.0,1.0
libreoffice_calc,21ab7b40-77c2-4ae6-8321-e00d3a086c73,0,1.0,main,,121.21088314056396,Completed,1.0,F2,160.62808227539062,Completed,1.0,1.0,1.0
libreoffice_impress,5d901039-a89c-4bfb-967b-bf66f4df075e,0,0.0,main,,84.24438691139221,Completed,0.0,,134.04191398620605,Completed,1.0,1.0,1.0
libreoffice_impress,550ce7e7-747b-495f-b122-acdc4d0b8e54,0,1.0,main,F2,60.61069321632385,Completed,0.0,,55.275325775146484,Completed,0.0,1.0,1.0
libreoffice_impress,455d3c66-7dc6-4537-a39a-36d3e9119df7,0,0.9582815825830243,main,,71.09008288383484,Completed,0.9582815825830243,,76.70106744766235,Completed,0.9582815825830243,0.9582815825830243,0.9582815825830243
libreoffice_impress,af23762e-2bfd-4a1d-aada-20fa8de9ce07,0,1.0,main,,40.82798409461975,Completed,1.0,,37.15945649147034,Completed,1.0,1.0,1.0
libreoffice_impress,c59742c0-4323-4b9d-8a02-723c251deaa0,0,1.0,main,,50.42156219482422,Completed,1.0,,55.20796084403992,Completed,1.0,1.0,1.0
libreoffice_impress,ef9d12bd-bcee-4ba0-a40e-918400f43ddf,0,1.0,main,,29.386371612548828,Completed,1.0,,29.41365098953247,Completed,1.0,1.0,1.0
libreoffice_impress,9ec204e4-f0a3-42f8-8458-b772a6797cab,0,0.0,main,,108.35283041000366,Completed,0.0,,110.44773530960083,Completed,0.0,1.0,0.0
libreoffice_impress,0f84bef9-9790-432e-92b7-eece357603fb,0,1.0,main,,76.11847376823425,Completed,1.0,,55.80261588096619,Completed,1.0,1.0,1.0
libreoffice_impress,ce88f674-ab7a-43da-9201-468d38539e4a,0,1.0,main,,50.42564082145691,Completed,1.0,,47.715006589889526,Completed,1.0,1.0,1.0
libreoffice_impress,3b27600c-3668-4abd-8f84-7bcdebbccbdb,0,0.5919204601281675,main,,123.81103658676147,Completed,0.5919204601281675,,186.53109192848206,Completed,0.035205885722018215,0.028626288575876013,0.035205885722018215
libreoffice_impress,a097acff-6266-4291-9fbd-137af7ecd439,0,1.0,main,,50.70515847206116,Completed,1.0,,65.68242979049683,Completed,1.0,1.0,1.0
libreoffice_impress,bf4e9888-f10f-47af-8dba-76413038b73c,0,1.0,main,F2,238.6828167438507,Completed,1.0,,239.19142889976501,Completed,1.0,1.0,1.0
libreoffice_impress,21760ecb-8f62-40d2-8d85-0cee5725cb72,0,1.0,main,,39.56448149681091,Completed,1.0,,42.45974683761597,Completed,1.0,1.0,1.0
libreoffice_impress,ac9bb6cb-1888-43ab-81e4-a98a547918cd,0,1.0,main,,123.78701567649841,Completed,1.0,,87.21569228172302,Completed,1.0,0.0,1.0
libreoffice_impress,2cd43775-7085-45d8-89fa-9e35c0a915cf,0,1.0,main,,92.30123376846313,Completed,1.0,,94.95000839233398,Completed,1.0,1.0,1.0
libreoffice_impress,358aa0a7-6677-453f-ae35-e440f004c31e,0,1.0,main,,92.05692720413208,Completed,1.0,,76.80768322944641,Completed,1.0,1.0,1.0
libreoffice_impress,a669ef01-ded5-4099-9ea9-25e99b569840,0,0.0,main,,771.370165348053,Completed,0.0,,691.8601522445679,Infeasible,0.0,1.0,1.0
libreoffice_impress,73c99fb9-f828-43ce-b87a-01dc07faa224,0,1.0,main,,45.335710287094116,Completed,1.0,,47.56478977203369,Completed,1.0,1.0,1.0
libreoffice_impress,15aece23-a215-4579-91b4-69eec72e18da,0,1.0,main,,50.23211073875427,Completed,0.0,,128.92528748512268,Completed,1.0,1.0,1.0
libreoffice_impress,986fc832-6af2-417c-8845-9272b3a1528b,0,1.0,main,,91.16229152679443,Completed,1.0,,110.70586013793945,Completed,1.0,0.0,1.0
libreoffice_impress,a434992a-89df-4577-925c-0c58b747f0f4,0,1.0,main,,144.11207151412964,Completed,1.0,,115.64796352386475,Completed,1.0,1.0,1.0
libreoffice_impress,7dbc52a6-11e0-4c9a-a2cb-1e36cfda80d8,0,1.0,main,,75.76587629318237,Completed,1.0,,81.54814672470093,Completed,1.0,1.0,1.0
libreoffice_impress,841b50aa-df53-47bd-a73a-22d3a9f73160,0,1.0,main,,71.23174691200256,Completed,1.0,,86.87076997756958,Completed,1.0,1.0,1.0
libreoffice_impress,8979838c-54a5-4454-a2b8-3d135a1a5c8f,0,1.0,main,,76.76115226745605,Completed,1.0,,76.54890203475952,Completed,1.0,1.0,1.0
libreoffice_impress,b8adbc24-cef2-4b15-99d5-ecbe7ff445eb,0,1.0,main,,65.4893410205841,Completed,1.0,,60.49930715560913,Completed,1.0,1.0,0.0
libreoffice_impress,2b94c692-6abb-48ae-ab0b-b3e8a19cb340,0,1.0,main,,50.31353163719177,Completed,1.0,,44.724531173706055,Completed,1.0,1.0,1.0
libreoffice_impress,9cf05d24-6bd9-4dae-8967-f67d88f5d38a,0,1.0,main,,45.097365617752075,Completed,1.0,,44.919071435928345,Completed,1.0,1.0,1.0
libreoffice_impress,08aced46-45a2-48d7-993b-ed3fb5b32302,0,1.0,main,,44.937264919281006,Completed,1.0,,50.45943999290466,Completed,1.0,1.0,1.0
libreoffice_impress,edb61b14-a854-4bf5-a075-c8075c11293a,0,1.0,main,,60.330679178237915,Completed,1.0,,60.7180860042572,Completed,1.0,1.0,1.0
libreoffice_impress,c82632a4-56b6-4db4-9dd1-3820ee3388e4,0,1.0,main,,101.90001511573792,Completed,1.0,,102.21392130851746,Completed,1.0,1.0,1.0
libreoffice_impress,39be0d19-634d-4475-8768-09c130f5425d,0,1.0,main,,60.445406436920166,Completed,1.0,,107.629319190979,Completed,1.0,1.0,1.0
libreoffice_impress,ac1b39ff-ee4d-4483-abce-c117e98942f0,0,1.0,main,,55.08521246910095,Completed,0.0,,345.7043879032135,Completed,1.0,1.0,1.0
libreoffice_impress,f23acfd2-c485-4b7c-a1e7-d4303ddfe864,0,1.0,main,,39.896753549575806,Completed,1.0,,39.65806579589844,Completed,1.0,1.0,1.0
libreoffice_impress,70bca0cc-c117-427e-b0be-4df7299ebeb6,0,1.0,main,,55.063528537750244,Completed,1.0,,60.6364369392395,Completed,1.0,1.0,1.0
libreoffice_impress,af2d657a-e6b3-4c6a-9f67-9e3ed015974c,0,1.0,main,,76.32530498504639,Completed,1.0,,63.23828625679016,Completed,1.0,1.0,0.0
libreoffice_impress,57667013-ea97-417c-9dce-2713091e6e2a,0,0.0,main,,701.4728980064392,Infeasible,0.0,,700.735330581665,Completed,0.0,0.0,1.0
libreoffice_impress,0a211154-fda0-48d0-9274-eaac4ce5486d,0,1.0,main,,108.41767072677612,Completed,0.0,,163.08270502090454,Completed,1.0,1.0,1.0
libreoffice_impress,a53f80cd-4a90-4490-8310-097b011433f6,0,1.0,main,,170.50143694877625,Completed,1.0,,244.67643427848816,Completed,0.0,0.0,0.0
libreoffice_impress,7ae48c60-f143-4119-b659-15b8f485eb9a,0,1.0,main,,133.39732933044434,Completed,1.0,,188.72597551345825,Completed,1.0,1.0,1.0
libreoffice_impress,5cfb9197-e72b-454b-900e-c06b0c802b40,0,1.0,main,,102.392254114151,Completed,1.0,,105.674156665802,Completed,1.0,1.0,1.0
libreoffice_impress,05dd4c1d-c489-4c85-8389-a7836c4f0567,0,0.0,main,,107.43371033668518,Completed,0.0,,134.0478069782257,Completed,0.0,0.0,1.0
libreoffice_impress,5c1a6c3d-c1b3-47cb-9b01-8d1b7544ffa1,0,1.0,repair,F6,71.32269477844238,Completed,1.0,,75.92846417427063,Completed,1.0,1.0,1.0
libreoffice_impress,4ed5abd0-8b5d-47bd-839f-cacfa15ca37a,0,1.0,main,,164.76400351524353,Completed,1.0,,154.97646689414978,Completed,1.0,1.0,1.0
libreoffice_impress,e4ef0baf-4b52-4590-a47e-d4d464cca2d7,0,1.0,main,,133.21841430664062,Completed,1.0,,139.05282402038574,Completed,1.0,1.0,1.0
libreoffice_impress,ed43c15f-00cb-4054-9c95-62c880865d68,0,1.0,main,,179.84946298599243,Completed,1.0,,118.24317383766174,Completed,1.0,1.0,1.0
libreoffice_impress,3161d64e-3120-47b4-aaad-6a764a92493b,0,1.0,main,,123.01180958747864,Completed,0.0,,160.3241581916809,Completed,1.0,1.0,1.0
libreoffice_impress,04578141-1d42-4146-b9cf-6fab4ce5fd74,0,1.0,main,,99.95227861404419,Completed,1.0,,104.97619152069092,Completed,1.0,1.0,1.0
libreoffice_writer,0810415c-bde4-4443-9047-d5f70165a697,0,1.0,main,,57.773550510406494,Completed,1.0,,58.37810206413269,Completed,1.0,1.0,1.0
libreoffice_writer,0a0faba3-5580-44df-965d-f562a99b291c,0,0.9691239316239316,main,,141.18452644348145,Completed,0.9691239316239316,,129.35434985160828,Completed,0.9691239316239316,0.9691239316239316,0.9691239316239316
libreoffice_writer,0b17a146-2934-46c7-8727-73ff6b6483e8,0,1.0,main,,44.61527681350708,Completed,1.0,,44.69581413269043,Completed,1.0,1.0,1.0
libreoffice_writer,0e47de2a-32e0-456c-a366-8c607ef7a9d2,0,1.0,main,,115.55505132675171,Completed,1.0,,100.43822765350342,Completed,1.0,1.0,1.0
libreoffice_writer,0e763496-b6bb-4508-a427-fad0b6c3e195,0,1.0,main,,54.64398431777954,Completed,1.0,,50.18845343589783,Completed,1.0,1.0,1.0
libreoffice_writer,3ef2b351-8a84-4ff2-8724-d86eae9b842e,0,1.0,main,,39.87594246864319,Completed,1.0,,39.643431186676025,Completed,1.0,1.0,1.0
libreoffice_writer,4bcb1253-a636-4df4-8cb0-a35c04dfef31,0,0.9985405333687143,main,,58.865856885910034,Completed,0.9985405333687143,,60.67138171195984,Completed,0.9985405333687143,0.9985405333687143,0.9985405333687143
libreoffice_writer,66399b0d-8fda-4618-95c4-bfc6191617e9,0,1.0,main,,60.29916477203369,Completed,1.0,,63.60789394378662,Completed,1.0,1.0,1.0
libreoffice_writer,6a33f9b9-0a56-4844-9c3f-96ec3ffb3ba2,0,1.0,main,,50.07785415649414,Completed,1.0,,60.8746223449707,Completed,1.0,1.0,1.0
libreoffice_writer,6ada715d-3aae-4a32-a6a7-429b2e43fb93,0,1.0,main,,53.10259938240051,Completed,1.0,,53.08727717399597,Completed,1.0,1.0,1.0
libreoffice_writer,6f81754e-285d-4ce0-b59e-af7edb02d108,0,0.0,main,,637.8205161094666,Completed,0.0,,162.68823719024658,Completed,0.0,0.0,0.0
libreoffice_writer,72b810ef-4156-4d09-8f08-a0cf57e7cefe,0,1.0,main,,44.860023498535156,Completed,1.0,,39.688857078552246,Completed,1.0,1.0,1.0
libreoffice_writer,8472fece-c7dd-4241-8d65-9b3cd1a0b568,0,0.0,main,,639.7667565345764,Completed,0.0,,699.791389465332,Completed,0.0,0.0,0.0
libreoffice_writer,88fe4b2d-3040-4c70-9a70-546a47764b48,0,1.0,main,,86.64464807510376,Completed,1.0,,92.62936854362488,Completed,1.0,1.0,1.0
libreoffice_writer,936321ce-5236-426a-9a20-e0e3c5dc536f,0,1.0,main,,82.95330309867859,Completed,1.0,,74.06289982795715,Completed,1.0,1.0,1.0
libreoffice_writer,adf5e2c3-64c7-4644-b7b6-d2f0167927e7,0,0.0,main,,738.7165427207947,Completed,0.0,,343.60157775878906,Completed,0.0,0.0,0.0
libreoffice_writer,b21acd93-60fd-4127-8a43-2f5178f4a830,0,0.0,main,,176.42425394058228,Completed,1.0,,155.10164189338684,Completed,0.0,1.0,0.0
libreoffice_writer,d53ff5ee-3b1a-431e-b2be-30ed2673079b,0,1.0,main,,52.216113567352295,Completed,1.0,,50.49780774116516,Completed,1.0,1.0,1.0
libreoffice_writer,e246f6d8-78d7-44ac-b668-fcf47946cb50,0,1.0,main,,102.86698937416077,Completed,1.0,,112.73926067352295,Completed,1.0,1.0,1.0
libreoffice_writer,e528b65e-1107-4b8c-8988-490e4fece599,0,1.0,main,,50.02158808708191,Completed,1.0,,49.87860321998596,Completed,1.0,1.0,1.0
libreoffice_writer,ecc2413d-8a48-416e-a3a2-d30106ca36cb,0,1.0,main,,37.25250959396362,Completed,1.0,,37.27451944351196,Completed,1.0,1.0,1.0
libreoffice_writer,f178a4a9-d090-4b56-bc4c-4b72a61a035d,0,1.0,main,,97.22752928733826,Completed,1.0,,134.240873336792,Completed,1.0,1.0,1.0
libreoffice_writer,bb8ccc78-479f-4a2f-a71e-d565e439436b,0,1.0,main,,125.93800687789917,Infeasible,1.0,,167.1379292011261,Infeasible,1.0,1.0,1.0
multi_apps,2b9493d7-49b8-493a-a71b-56cd1f4d6908,0,1.0,main,,28.982425451278687,Completed,1.0,,24.21305799484253,Completed,1.0,1.0,1.0
multi_apps,2c9fc0de-3ee7-45e1-a5df-c86206ad78b5,0,1.0,main,,50.47599196434021,Completed,1.0,,55.65518593788147,Completed,1.0,1.0,1.0
multi_apps,2fe4b718-3bd7-46ec-bdce-b184f5653624,0,0.8425115519341435,main,,262.8136451244354,Completed,0.8425115519341435,,207.64659690856934,Completed,0.8425115519341435,0.8425115519341435,0.8425115519341435
multi_apps,3680a5ee-6870-426a-a997-eba929a0d25c,0,0.0,main,,738.6804618835449,Completed,1.0,,715.5636179447174,Completed,1.0,1.0,0.0
multi_apps,510f64c8-9bcc-4be1-8d30-638705850618,0,1.0,main,,29.192748069763184,Completed,1.0,,26.581639289855957,Completed,1.0,1.0,1.0
multi_apps,51f5801c-18b3-4f25-b0c3-02f85507a078,0,0.0,main,,1051.1691660881042,Completed,0.0,,380.6938970088959,Completed,0.0,0.0,0.0
multi_apps,58565672-7bfe-48ab-b828-db349231de6b,1,1.0,main,,47.799511194229126,Completed,0.0,,91.59426712989807,Completed,1.0,0.0,1.0
multi_apps,937087b6-f668-4ba6-9110-60682ee33441,0,1.0,main,,72.22697043418884,Completed,1.0,,66.21313500404358,Completed,1.0,1.0,1.0
multi_apps,c867c42d-a52d-4a24-8ae3-f75d256b5618,0,1.0,main,,157.49771356582642,Completed,1.0,,152.64100217819214,Completed,1.0,1.0,1.0
multi_apps,d9b7c649-c975-4f53-88f5-940b29c47247,0,1.0,main,,238.77014636993408,Completed,0.0,,252.22845196723938,Completed,1.0,1.0,1.0
multi_apps,e135df7c-7687-4ac0-a5f0-76b74438b53e,1,1.0,main,,78.66671085357666,Completed,1.0,,81.65583086013794,Completed,1.0,1.0,1.0
multi_apps,ee9a3c83-f437-4879-8918-be5efbb9fac7,0,1.0,main,,42.27176547050476,Completed,1.0,F2,45.29046082496643,Completed,1.0,1.0,1.0
multi_apps,f7dfbef3-7697-431c-883a-db8583a4e4f9,0,0.9963542335333624,main,,579.6728417873383,Completed,0.9963542335333624,,323.20384454727173,Completed,0.9963542335333624,0.9963542335333624,0.9963542335333624
multi_apps,f8cfa149-d1c1-4215-8dac-4a0932bad3c2,1,1.0,main,,60.50618839263916,Completed,1.0,,60.83387231826782,Completed,1.0,0.0,1.0
multi_apps,6d72aad6-187a-4392-a4c4-ed87269c51cf,0,1.0,main,,181.39668703079224,Infeasible,1.0,,118.10604953765869,Infeasible,1.0,1.0,1.0
multi_apps,f918266a-b3e0-4914-865d-4faa564f1aef,0,1.0,main,,254.39141535758972,Completed,1.0,,191.36715984344482,Completed,0.0,0.0,0.0
multi_apps,da52d699-e8d2-4dc5-9191-a2199e0b6a9b,0,1.0,main,,63.165276288986206,Completed,1.0,,50.23076820373535,Completed,1.0,1.0,1.0
multi_apps,bc2b57f3-686d-4ec9-87ce-edf850b7e442,0,1.0,main,,394.0326347351074,Completed,1.0,,405.5997488498688,Completed,1.0,1.0,1.0
multi_apps,74d5859f-ed66-4d3e-aa0e-93d7a592ce41,1,1.0,main,,166.722553730011,Completed,1.0,F2,176.23616099357605,Completed,1.0,1.0,1.0
multi_apps,b5062e3e-641c-4e3a-907b-ac864d2e7652,0,0.0,main,,525.0801301002502,Completed,0.0,,663.2214527130127,Completed,0.0,0.0,1.0
multi_apps,00fa164e-2612-4439-992e-157d019a8436,0,1.0,main,,102.5996584892273,Completed,1.0,,196.71191382408142,Completed,1.0,1.0,1.0
multi_apps,acb0f96b-e27c-44d8-b55f-7cb76609dfcd,0,1.0,main,,74.01728224754333,Completed,1.0,,71.05003118515015,Completed,1.0,1.0,1.0
multi_apps,69acbb55-d945-4927-a87b-8480e1a5bb7e,0,1.0,main,,258.5031683444977,Completed,0.0,,230.832044839859,Completed,1.0,1.0,1.0
multi_apps,48d05431-6cd5-4e76-82eb-12b60d823f7d,0,1.0,main,,81.32698392868042,Completed,1.0,,108.08599424362183,Completed,1.0,1.0,1.0
multi_apps,68a25bd4-59c7-4f4d-975e-da0c8509c848,0,1.0,main,,144.2812945842743,Completed,1.0,,122.96261763572693,Completed,1.0,1.0,1.0
multi_apps,eb303e01-261e-4972-8c07-c9b4e7a4922a,0,0.0,main,,436.4691104888916,Completed,0.0,,362.67724657058716,Completed,0.0,0.0,0.0
multi_apps,c7c1e4c3-9e92-4eba-a4b8-689953975ea4,0,0.0,main,,142.0126175880432,Completed,0.0,,178.002459526062,Completed,0.0,0.0,0.0
multi_apps,d1acdb87-bb67-4f30-84aa-990e56a09c92,0,0.0,main,,481.3438973426819,Completed,0.0,,738.3665211200714,Completed,0.0,0.0,
multi_apps,deec51c9-3b1e-4b9e-993c-4776f20e8bb2,0,0.0,main,,650.9612867832184,Completed,0.0,,759.5868363380432,Completed,0.0,0.0,0.0
multi_apps,8e116af7-7db7-4e35-a68b-b0939c066c78,0,1.0,main,,434.9447445869446,Completed,1.0,,495.1842324733734,Completed,0.0,0.0,1.0
multi_apps,337d318b-aa07-4f4f-b763-89d9a2dd013f,0,1.0,main,,110.43638467788696,Completed,1.0,,119.462411403656,Completed,1.0,1.0,1.0
multi_apps,82e3c869-49f6-4305-a7ce-f3e64a0618e7,0,0.0,main,,173.05685019493103,Completed,0.0,,161.52005910873413,Completed,0.0,0.0,0.0
multi_apps,185f29bd-5da0-40a6-b69c-ba7f4e0324ef,0,0.0,main,,1821.516152381897,Completed,0.0,,1535.154477596283,Completed,0.0,0.0,0.0
multi_apps,869de13e-bef9-4b91-ba51-f6708c40b096,0,1.0,main,,362.7721652984619,Completed,1.0,,295.1469271183014,Completed,1.0,0.0,0.0
multi_apps,2c1ebcd7-9c6d-4c9a-afad-900e381ecd5e,0,0.7923767751101063,main,,701.8648779392242,Completed,0.815086787072043,,717.1366128921509,Completed,0.7692413643798887,0.8192588072544743,0.0
multi_apps,3a93cae4-ad3e-403e-8c12-65303b271818,0,1.0,main,,55.10814380645752,Completed,1.0,,250.01430940628052,Completed,0.0,1.0,1.0
multi_apps,1f18aa87-af6f-41ef-9853-cdb8f32ebdea,0,1.0,main,,185.296621799469,Completed,1.0,,192.11028838157654,Completed,1.0,1.0,0.0
multi_apps,26150609-0da3-4a7d-8868-0faf9c5f01bb,0,0.0,main,,881.21901679039,Completed,1.0,,485.0385859012604,Completed,0.0,1.0,0.0
multi_apps,9219480b-3aed-47fc-8bac-d2cffc5849f7,0,0.0,main,,1514.9783203601837,Completed,1.0,,423.93007469177246,Completed,0.0,0.0,1.0
multi_apps,881deb30-9549-4583-a841-8270c65f2a17,0,0.0,main,,869.8144943714142,Completed,0.0,,1116.8402976989746,Infeasible,0.0,0.0,0.0
multi_apps,7e287123-70ca-47b9-8521-47db09b69b14,0,0.0,main,,628.151093006134,Infeasible,0.0,,563.7193558216095,Completed,0.0,0.0,0.0
multi_apps,e2392362-125e-4f76-a2ee-524b183a3412,1,1.0,main,,170.6662678718567,Completed,1.0,,155.48290014266968,Completed,0.0,1.0,1.0
multi_apps,5bc63fb9-276a-4439-a7c1-9dc76401737f,0,0.0,main,,893.6128470897675,Completed,0.0,,719.6204626560211,Completed,0.0,0.0,0.0
multi_apps,26660ad1-6ebb-4f59-8cba-a8432dfe8d38,1,1.0,main,,117.54234766960144,Completed,1.0,,122.97328543663025,Completed,1.0,1.0,1.0
multi_apps,a82b78bb-7fde-4cb3-94a4-035baf10bcf0,1,1.0,main,,316.88385009765625,Completed,1.0,,249.77513074874878,Completed,0.0,1.0,1.0
multi_apps,36037439-2044-4b50-b9d1-875b5a332143,1,0.0,main,,1044.895408153534,Infeasible,0.0,,450.91760063171387,Infeasible,1.0,0.0,0.0
multi_apps,716a6079-22da-47f1-ba73-c9d58f986a38,0,1.0,main,,55.131715536117554,Completed,1.0,,52.89940619468689,Completed,1.0,1.0,1.0
multi_apps,873cafdd-a581-47f6-8b33-b9696ddb7b05,0,1.0,main,,228.76430106163025,Completed,1.0,,223.96280717849731,Completed,1.0,1.0,1.0
multi_apps,a74b607e-6bb5-4ea8-8a7c-5d97c7bbcd2a,0,1.0,main,,60.83212351799011,Completed,1.0,,71.00242257118225,Completed,1.0,0.0,1.0
multi_apps,6f4073b8-d8ea-4ade-8a18-c5d1d5d5aa9a,0,1.0,main,,176.58619451522827,Completed,1.0,,168.96783709526062,Completed,1.0,1.0,1.0
multi_apps,da922383-bfa4-4cd3-bbad-6bebab3d7742,1,1.0,main,,160.19993591308594,Completed,1.0,,154.5805435180664,Completed,1.0,1.0,1.0
multi_apps,2373b66a-092d-44cb-bfd7-82e86e7a3b4d,0,1.0,main,F2,81.31348252296448,Completed,1.0,,81.79382848739624,Completed,1.0,1.0,1.0
multi_apps,81c425f5-78f3-4771-afd6-3d2973825947,0,1.0,main,,75.82136344909668,Completed,0.0,,92.03582978248596,Completed,1.0,1.0,1.0
multi_apps,bb83cab4-e5c7-42c7-a67b-e46068032b86,0,0.9384811200678829,main,,94.07916140556335,Completed,0.9384811200678829,,97.36531281471252,Completed,0.9384811200678829,0.9384811200678829,0.9384811200678829
multi_apps,227d2f97-562b-4ccb-ae47-a5ec9e142fbb,0,1.0,main,,81.51636600494385,Completed,1.0,,95.05945825576782,Completed,1.0,1.0,1.0
multi_apps,b337d106-053f-4d37-8da0-7f9c4043a66b,0,1.0,main,,53.99184274673462,Completed,1.0,,219.06493473052979,Completed,1.0,1.0,1.0
multi_apps,20236825-b5df-46e7-89bf-62e1d640a897,0,0.0,main,,768.5422399044037,Completed,0.0,,719.2042145729065,Completed,0.0,1.0,1.0
multi_apps,8df7e444-8e06-4f93-8a1a-c5c974269d82,0,0.0,main,,164.80477476119995,Completed,0.0,,150.62286734580994,Completed,0.0,0.0,0.0
multi_apps,aad10cd7-9337-4b62-b704-a857848cedf2,0,0.7207897451009282,main,,533.3155450820923,Completed,0.7190911773384479,,715.3492612838745,Completed,0.7203889216263994,0.0,0.0
multi_apps,02ce9a50-7af2-47ed-8596-af0c230501f8,0,1.0,main,,60.349985122680664,Completed,1.0,,128.9359450340271,Completed,0.0,0.0,0.0
multi_apps,4c26e3f3-3a14-4d86-b44a-d3cedebbb487,0,1.0,main,,97.48267412185669,Completed,1.0,,115.99403142929077,Completed,1.0,1.0,1.0
multi_apps,a503b07f-9119-456b-b75d-f5146737d24f,0,1.0,main,,94.64715909957886,Completed,1.0,,92.56362438201904,Completed,1.0,1.0,1.0
multi_apps,09a37c51-e625-49f4-a514-20a773797a8a,0,0.7459701603455807,main,,297.87732100486755,Completed,0.7736358541214946,,250.11395072937012,Completed,0.8567581858362635,0.7332784878385551,0.0
multi_apps,3e3fc409-bff3-4905-bf16-c968eee3f807,1,0.0,main,,689.0941481590271,Completed,0.0,,471.4087300300598,Completed,0.0,0.0,0.0
multi_apps,f5c13cdd-205c-4719-a562-348ae5cd1d91,0,1.0,main,,65.95865845680237,Completed,1.0,,64.0603666305542,Completed,1.0,1.0,1.0
multi_apps,5990457f-2adb-467b-a4af-5c857c92d762,1,1.0,main,,192.17312669754028,Completed,0.0,,776.3404204845428,Completed,1.0,1.0,0.0
multi_apps,415ef462-bed3-493a-ac36-ca8c6d23bf1b,0,1.0,main,,234.2453989982605,Completed,0.0,,254.9478120803833,Completed,1.0,1.0,0.0
multi_apps,7ff48d5b-2df2-49da-b500-a5150ffc7f18,0,0.0,main,,831.886687040329,Completed,0.0,,764.3711829185486,Completed,0.0,0.0,0.0
multi_apps,9f3bb592-209d-43bc-bb47-d77d9df56504,0,1.0,main,,83.99913430213928,Completed,1.0,,84.75685691833496,Completed,1.0,1.0,1.0
multi_apps,dd60633f-2c72-42ba-8547-6f2c8cb0fdb0,1,0.0,main,,696.5242967605591,Completed,0.0,,121.13746047019958,Completed,0.0,0.0,0.0
multi_apps,ce2b64a2-ddc1-4f91-8c7d-a88be7121aac,0,0.0,main,,324.6503689289093,Completed,0.0,,186.78152632713318,Completed,1.0,1.0,1.0
multi_apps,3f05f3b9-29ba-4b6b-95aa-2204697ffc06,1,1.0,main,,143.7451310157776,Completed,1.0,,150.09210538864136,Completed,1.0,1.0,1.0
multi_apps,e1fc0df3-c8b9-4ee7-864c-d0b590d3aa56,0,1.0,main,,698.1467208862305,Completed,1.0,,707.5839879512787,Completed,1.0,1.0,1.0
multi_apps,f8369178-fafe-40c2-adc4-b9b08a125456,0,1.0,main,,117.9250226020813,Completed,1.0,,134.44632506370544,Completed,0.0,1.0,1.0
multi_apps,778efd0a-153f-4842-9214-f05fc176b877,0,0.9961747822781825,main,,136.24883198738098,Completed,0.0,,139.76129913330078,Completed,0.9961747824418323,0.9961747824418323,0.9961747824418323
multi_apps,47f7c0ce-a5fb-4100-a5e6-65cd0e7429e5,0,0.0,main,,779.179518699646,Completed,0.0,,147.3532521724701,Completed,0.0,0.9859571950803253,0.0
multi_apps,c2751594-0cd5-4088-be1b-b5f2f9ec97c4,0,1.0,main,,297.2944920063019,Completed,1.0,,155.25968599319458,Completed,0.0,1.0,1.0
multi_apps,788b3701-3ec9-4b67-b679-418bfa726c22,0,1.0,main,,117.26849389076233,Completed,1.0,,113.23617172241211,Completed,1.0,1.0,1.0
multi_apps,48c46dc7-fe04-4505-ade7-723cba1aa6f6,1,1.0,main,F2,121.20380544662476,Completed,0.0,,105.51345992088318,Completed,1.0,1.0,1.0
multi_apps,42d25c08-fb87-4927-8b65-93631280a26f,1,0.0,main,,694.307678937912,Completed,0.0,,611.7533905506134,Completed,0.0,0.01946645952663489,0.01946645952663489
multi_apps,e8172110-ec08-421b-a6f5-842e6451911f,0,0.0,main,,945.8784966468811,Completed,0.0,,1055.0788836479187,Completed,0.0,0.0,0.0
multi_apps,42f4d1c7-4521-4161-b646-0a8934e36081,0,0.0,main,,442.30731773376465,Completed,0.0,,271.19058632850647,Completed,0.0,0.0,0.0
multi_apps,3c8f201a-009d-4bbe-8b65-a6f8b35bb57f,0,1.0,main,,171.97552156448364,Completed,1.0,,165.5576639175415,Completed,1.0,1.0,1.0
multi_apps,d68204bf-11c1-4b13-b48b-d303c73d4bf6,0,1.0,main,,227.8922791481018,Completed,1.0,,97.42036509513855,Completed,1.0,0.0,0.0
multi_apps,91190194-f406-4cd6-b3f9-c43fac942b22,0,1.0,main,,133.41250658035278,Completed,1.0,,134.54447054862976,Completed,1.0,1.0,1.0
multi_apps,7f35355e-02a6-45b5-b140-f0be698bcf85,0,0.0,main,,1175.3903682231903,Completed,0.0,,1214.1761856079102,Completed,0.0,0.0,0.0
multi_apps,98e8e339-5f91-4ed2-b2b2-12647cb134f4,0,1.0,main,,133.18027091026306,Completed,1.0,,191.98450088500977,Completed,1.0,1.0,1.0
multi_apps,0e5303d4-8820-42f6-b18d-daf7e633de21,1,0.9081725656995291,main,,508.4296314716339,Completed,1.0,,321.7582859992981,Completed,1.0,1.0,1.0
multi_apps,df67aebb-fb3a-44fd-b75b-51b6012df509,1,0.0,main,,657.8993201255798,Completed,0.0,,714.8218188285828,Completed,0.0,0.0,0.0
multi_apps,5df7b33a-9f77-4101-823e-02f863e1c1ae,0,0.0,main,,164.71571469306946,Completed,0.0,,158.0041069984436,Completed,0.0,0.0,0.9955130101445285
multi_apps,aceb0368-56b8-4073-b70e-3dc9aee184e0,0,0.0,main,,683.4715588092804,Completed,0.0,,703.8001756668091,Completed,0.0,0.0,0.0
multi_apps,236833a3-5704-47fc-888c-4f298f09f799,1,0.0,main,,592.6199517250061,Completed,0.0,,857.1576912403107,Completed,0.0,0.0,0.0
multi_apps,67890eb6-6ce5-4c00-9e3d-fb4972699b06,1,0.0,main,F2,711.5493359565735,Completed,0.0,,741.1733267307281,Completed,0.0,0.0,0.0
os,94d95f96-9699-4208-98ba-3c3119edf9c2,0,1.0,main,,170.2825722694397,Completed,1.0,,176.8344922065735,Completed,1.0,1.0,1.0
os,bedcedc4-4d72-425e-ad62-21960b11fe0d,0,1.0,main,,55.17512559890747,Completed,1.0,,55.53034162521362,Completed,1.0,1.0,1.0
os,ec4e3f68-9ea4-4c18-a5c9-69f89d1178b3,0,1.0,main,,34.390066623687744,Completed,1.0,,34.50175952911377,Completed,1.0,1.0,1.0
os,a462a795-fdc7-4b23-b689-e8b6df786b78,0,1.0,main,,201.32923674583435,Infeasible,1.0,,142.57134819030762,Infeasible,1.0,1.0,1.0
os,f9be0997-4b7c-45c5-b05c-4612b44a6118,0,1.0,main,,34.51240563392639,Completed,1.0,,37.72308874130249,Completed,1.0,1.0,1.0
os,28cc3b7e-b194-4bc9-8353-d04c0f4d56d2,0,1.0,main,,45.76687788963318,Completed,1.0,,34.731988191604614,Completed,1.0,1.0,1.0
os,5ea617a3-0e86-4ba6-aab2-dac9aa2e8d57,0,1.0,main,,47.54920434951782,Completed,1.0,,44.89113235473633,Completed,1.0,1.0,1.0
os,e0df059f-28a6-4169-924f-b9623e7184cc,0,1.0,main,,47.43226432800293,Completed,1.0,,50.054070711135864,Completed,1.0,1.0,1.0
os,b6781586-6346-41cd-935a-a6b1487918fc,0,1.0,main,,91.78113222122192,Completed,1.0,,105.96652483940125,Completed,1.0,1.0,1.0
os,b3d4a89c-53f2-4d6b-8b6a-541fb5d205fa,0,1.0,main,,95.10997462272644,Infeasible,1.0,,139.31311702728271,Infeasible,1.0,1.0,1.0
os,3ce045a0-877b-42aa-8d2c-b4a863336ab8,0,1.0,main,,60.437809228897095,Completed,1.0,,55.33566856384277,Completed,1.0,1.0,1.0
os,fe41f596-a71b-4c2f-9b2f-9dcd40b568c3,0,1.0,main,,112.63895869255066,Infeasible,1.0,,197.55770325660706,Infeasible,1.0,1.0,1.0
os,a4d98375-215b-4a4d-aee9-3d4370fccc41,0,1.0,main,,77.11436462402344,Completed,1.0,,68.98284101486206,Completed,1.0,1.0,1.0
os,13584542-872b-42d8-b299-866967b5c3ef,0,1.0,main,,102.1627345085144,Completed,1.0,,97.19831347465515,Completed,1.0,1.0,1.0
os,23393935-50c7-4a86-aeea-2b78fd089c5c,0,1.0,main,,44.65945887565613,Completed,1.0,,44.909998416900635,Completed,1.0,1.0,1.0
os,5812b315-e7bd-4265-b51f-863c02174c28,0,1.0,main,,144.17401003837585,Completed,1.0,,144.70984363555908,Completed,1.0,1.0,1.0
os,c288e301-e626-4b98-a1ab-159dcb162af5,0,1.0,main,,227.63685774803162,Infeasible,1.0,,155.49000906944275,Infeasible,1.0,1.0,1.0
os,4783cc41-c03c-4e1b-89b4-50658f642bd5,0,0.0,main,,83.88430571556091,Completed,0.0,,108.15477156639099,Completed,0.0,1.0,1.0
os,5c1075ca-bb34-46a3-a7a0-029bd7463e79,0,1.0,main,,50.099541902542114,Completed,1.0,,44.64624094963074,Completed,1.0,1.0,1.0
os,5ced85fc-fa1a-4217-95fd-0fb530545ce2,0,1.0,main,,39.7496178150177,Completed,1.0,,34.5706000328064,Completed,1.0,1.0,1.0
os,37887e8c-da15-4192-923c-08fa390a176d,0,1.0,main,,110.33167862892151,Completed,1.0,,128.56046867370605,Completed,1.0,1.0,1.0
os,4127319a-8b79-4410-b58a-7a151e15f3d7,0,1.0,main,,34.051090717315674,Completed,1.0,,34.576226234436035,Completed,1.0,1.0,1.0
os,4d117223-a354-47fb-8b45-62ab1390a95f,0,1.0,main,,35.05914855003357,Completed,1.0,,34.68014860153198,Completed,1.0,1.0,1.0
os,6f56bf42-85b8-4fbb-8e06-6c44960184ba,0,1.0,main,,34.47315454483032,Completed,1.0,,34.539899826049805,Completed,1.0,1.0,1.0
thunderbird,dfac9ee8-9bc4-4cdc-b465-4a4bfcd2f397,0,1.0,main,,50.416605949401855,Completed,1.0,,60.827635526657104,Completed,1.0,1.0,1.0
thunderbird,15c3b339-88f7-4a86-ab16-e71c58dcb01e,0,1.0,main,,52.82585072517395,Completed,1.0,,50.87170743942261,Completed,1.0,1.0,1.0
thunderbird,7b1e1ff9-bb85-49be-b01d-d6424be18cd0,0,1.0,main,,57.961058378219604,Completed,1.0,,55.559582471847534,Completed,1.0,1.0,1.0
thunderbird,9bc3cc16-074a-45ac-9bdc-b2a362e1daf3,0,1.0,main,,91.8437910079956,Completed,1.0,,95.26916241645813,Completed,1.0,1.0,1.0
thunderbird,3f28fe4f-5d9d-4994-a456-efd78cfae1a3,0,1.0,main,,50.62871170043945,Completed,1.0,,50.551270961761475,Completed,1.0,1.0,1.0
thunderbird,5203d847-2572-4150-912a-03f062254390,0,1.0,main,,100.0149712562561,Completed,1.0,,107.85907554626465,Completed,1.0,1.0,1.0
thunderbird,dd84e895-72fd-4023-a336-97689ded257c,0,1.0,main,,37.20357394218445,Completed,1.0,,37.28077936172485,Completed,1.0,1.0,1.0
thunderbird,9b7bc335-06b5-4cd3-9119-1a649c478509,0,1.0,main,,102.49026846885681,Completed,1.0,,102.60157179832458,Completed,1.0,1.0,1.0
thunderbird,d38192b0-17dc-4e1d-99c3-786d0117de77,0,1.0,main,,39.55800414085388,Completed,1.0,,39.76683831214905,Completed,1.0,1.0,1.0
thunderbird,a10b69e1-6034-4a2b-93e1-571d45194f75,0,1.0,main,,68.59143877029419,Completed,1.0,,66.00022530555725,Completed,1.0,1.0,1.0
thunderbird,3f49d2cc-f400-4e7d-90cc-9b18e401cc31,0,1.0,main,,50.16714310646057,Completed,1.0,,55.52767014503479,Completed,1.0,1.0,1.0
thunderbird,f201fbc3-44e6-46fc-bcaa-432f9815454c,0,1.0,main,,50.46227788925171,Completed,1.0,,45.09550595283508,Completed,1.0,1.0,1.0
thunderbird,10a730d5-d414-4b40-b479-684bed1ae522,0,1.0,main,,49.99505853652954,Completed,1.0,,44.906594038009644,Completed,1.0,1.0,1.0
thunderbird,a1af9f1c-50d5-4bc3-a51e-4d9b425ff638,0,1.0,main,,395.6763286590576,Infeasible,1.0,,621.3121469020844,Infeasible,1.0,1.0,1.0
thunderbird,08c73485-7c6d-4681-999d-919f5c32dcfa,0,0.0,main,,102.09508991241455,Completed,0.0,,278.1096177101135,Infeasible,0.0,0.0,0.0
vlc,59f21cfb-0120-4326-b255-a5b827b38967,0,1.0,main,,66.152841091156,Completed,1.0,,63.33140277862549,Completed,1.0,1.0,1.0
vlc,8ba5ae7a-5ae5-4eab-9fcc-5dd4fe3abf89,0,1.0,main,,96.90253162384033,Completed,1.0,,87.39280486106873,Completed,1.0,1.0,1.0
vlc,8f080098-ddb1-424c-b438-4e96e5e4786e,0,0.9869547350861213,main,,70.81180572509766,Completed,0.986866507586889,,69.01802825927734,Completed,0.9869547349287899,0.9869547349287899,0.9869547349287899
vlc,bba3381f-b5eb-4439-bd9e-80c22218d5a7,1,1.0,main,,66.00554203987122,Completed,1.0,,58.38918495178223,Completed,1.0,1.0,1.0
vlc,fba2c100-79e8-42df-ae74-b592418d54f4,0,1.0,main,,89.13709545135498,Completed,1.0,,92.41587901115417,Completed,1.0,1.0,1.0
vlc,efcf0d81-0835-4880-b2fd-d866e8bc2294,0,1.0,main,,60.76982021331787,Completed,1.0,,65.82195138931274,Completed,1.0,0.8737647954489237,1.0
vlc,8d9fd4e2-6fdb-46b0-b9b9-02f06495c62f,0,1.0,main,,23.87863540649414,Completed,1.0,,26.80314803123474,Completed,1.0,1.0,1.0
vlc,aa4b5023-aef6-4ed9-bdc9-705f59ab9ad6,0,0.0,main,,609.5405297279358,Completed,0.0,,291.7808027267456,Completed,,,
vlc,386dbd0e-0241-4a0a-b6a2-6704fba26b1c,0,1.0,main,,86.43939447402954,Completed,1.0,,587.9808142185211,Completed,1.0,1.0,1.0
vlc,9195653c-f4aa-453d-aa95-787f6ccfaae9,0,1.0,main,,160.3244240283966,Completed,1.0,,142.62238931655884,Completed,1.0,1.0,1.0
vlc,d06f0d4d-2cd5-4ede-8de9-598629438c6e,0,1.0,main,,126.59177994728088,Completed,1.0,,118.9548614025116,Completed,1.0,1.0,1.0
vlc,a5bbbcd5-b398-4c91-83d4-55e1e31bbb81,0,1.0,main,,63.591426849365234,Completed,1.0,,55.60836362838745,Completed,1.0,1.0,1.0
vlc,5ac2891a-eacd-4954-b339-98abba077adb,0,1.0,main,,203.10702347755432,Completed,1.0,,191.50801014900208,Completed,1.0,1.0,1.0
vlc,f3977615-2b45-4ac5-8bba-80c17dbe2a37,0,1.0,main,,63.24014210700989,Completed,1.0,,65.9216787815094,Completed,1.0,1.0,1.0
vlc,215dfd39-f493-4bc3-a027-8a97d72c61bf,0,1.0,main,,101.7851915359497,Completed,1.0,,118.68731665611267,Completed,1.0,1.0,1.0
vlc,cb130f0d-d36f-4302-9838-b3baf46139b6,0,1.0,main,,164.99760913848877,Infeasible,1.0,,170.69799065589905,Infeasible,1.0,1.0,1.0
vlc,7882ed6e-bece-4bf0-bada-c32dc1ddae72,0,1.0,main,,217.93738269805908,Infeasible,1.0,,196.62043404579163,Infeasible,1.0,1.0,1.0
vs_code,0ed39f63-6049-43d4-ba4d-5fa2fe04a951,0,1.0,main,,84.33089447021484,Completed,1.0,F2,55.92558670043945,Completed,1.0,1.0,1.0
vs_code,53ad5833-3455-407b-bbc6-45b4c79ab8fb,0,1.0,main,,37.246055364608765,Completed,1.0,,39.49958562850952,Completed,1.0,1.0,1.0
vs_code,eabc805a-bfcf-4460-b250-ac92135819f6,0,1.0,main,,79.22962260246277,Completed,1.0,,81.27178168296814,Completed,1.0,1.0,1.0
vs_code,982d12a5-beab-424f-8d38-d2a48429e511,0,1.0,main,,41.944806814193726,Completed,1.0,,44.9339337348938,Completed,1.0,1.0,1.0
vs_code,4e60007a-f5be-4bfc-9723-c39affa0a6d3,0,1.0,main,,50.08849000930786,Completed,1.0,,60.37224102020264,Completed,1.0,1.0,1.0
vs_code,e2b5e914-ffe1-44d2-8e92-58f8c5d92bb2,0,1.0,main,F2,55.81016278266907,Completed,1.0,F2,51.307472467422485,Completed,1.0,1.0,1.0
vs_code,9439a27b-18ae-42d8-9778-5f68f891805e,0,1.0,main,,39.595518827438354,Completed,1.0,F2,34.79214096069336,Completed,1.0,1.0,1.0
vs_code,ea98c5d7-3cf9-4f9b-8ad3-366b58e0fcae,0,1.0,main,,50.3301362991333,Completed,1.0,,44.680743932724,Completed,1.0,1.0,1.0
vs_code,930fdb3b-11a8-46fe-9bac-577332e2640e,0,0.0,main,,55.07641077041626,Completed,0.0,,61.22612380981445,Completed,0.0,0.0,0.0
vs_code,276cc624-87ea-4f08-ab93-f770e3790175,0,1.0,main,,44.964993715286255,Completed,1.0,,50.43422532081604,Completed,1.0,1.0,1.0
vs_code,9d425400-e9b2-4424-9a4b-d4c7abac4140,0,1.0,main,,39.810171127319336,Completed,1.0,F2,37.40568494796753,Completed,1.0,1.0,1.0
vs_code,5e2d93d8-8ad0-4435-b150-1692aacaa994,0,1.0,main,,50.251075744628906,Completed,1.0,,45.16315579414368,Completed,1.0,1.0,1.0
vs_code,6ed0a554-cbee-4b44-84ea-fd6c042f4fe1,0,1.0,main,,196.50958633422852,Completed,1.0,,194.23803091049194,Completed,1.0,1.0,1.0
vs_code,ec71221e-ac43-46f9-89b8-ee7d80f7e1c5,0,1.0,main,,42.660078048706055,Completed,1.0,,44.854886293411255,Completed,1.0,1.0,1.0
vs_code,70745df8-f2f5-42bd-8074-fbc10334fcc5,0,1.0,main,,97.5785300731659,Completed,1.0,F2,87.47464728355408,Completed,1.0,1.0,1.0
vs_code,57242fad-77ca-454f-b71b-f187181a9f23,0,1.0,main,,53.4486608505249,Completed,1.0,F2,50.589099407196045,Completed,1.0,1.0,1.0
vs_code,c6bf789c-ba3a-4209-971d-b63abf0ab733,0,1.0,main,,50.04988670349121,Completed,1.0,,49.63896083831787,Completed,1.0,1.0,1.0
vs_code,0512bb38-d531-4acf-9e7e-0add90816068,0,1.0,main,,54.821112871170044,Completed,1.0,,53.27590227127075,Completed,1.0,1.0,1.0
vs_code,847a96b6-df94-4927-97e6-8cc9ea66ced7,0,1.0,main,,276.6926989555359,Infeasible,1.0,,613.7977197170258,Infeasible,1.0,1.0,1.0
vs_code,7aeae0e2-70ee-4705-821d-1bba5d5b2ddd,0,1.0,main,,707.431637763977,Infeasible,1.0,F2,673.5200550556183,Infeasible,0.0,1.0,1.0
vs_code,dcbe20e8-647f-4f1d-8696-f1c5bbb570e3,0,1.0,main,,221.76057720184326,Infeasible,1.0,,123.98258185386658,Infeasible,1.0,1.0,
vs_code,7c4cc09e-7a92-40dd-8338-b2286535c4ed,0,1.0,main,,138.71980714797974,Infeasible,1.0,,134.60592675209045,Infeasible,1.0,1.0,1.0
vs_code,971cbb5b-3cbf-4ff7-9e24-b5c84fcebfa6,0,1.0,main,,160.71095609664917,Infeasible,1.0,,311.2108199596405,Infeasible,1.0,1.0,1.0
