y,size,harness,task,session,rerun
0,4B,H-OSW-fixed,t000,4B:S1,1
0,4B,H-OSW-fixed,t000,4B:S1,2
0,4B,H-OSW-fixed,t000,4B:S2,1
0,4B,H-OSW-fixed,t000,4B:S2,2
0,4B,H-GA,t000,4B:S1,1
1,4B,H-GA,t000,4B:S1,2
0,4B,H-GA,t000,4B:S2,1
0,4B,H-GA,t000,4B:S2,2
0,4B,H-OSW-fixed,t001,4B:S1,1
0,4B,H-OSW-fixed,t001,4B:S1,2
1,4B,H-OSW-fixed,t001,4B:S2,1
0,4B,H-OSW-fixed,t001,4B:S2,2
0,4B,H-GA,t001,4B:S1,1
0,4B,H-GA,t001,4B:S1,2
0,4B,H-GA,t001,4B:S2,1
0,4B,H-GA,t001,4B:S2,2
0,4B,H-OSW-fixed,t002,4B:S1,1
0,4B,H-OSW-fixed,t002,4B:S1,2
1,4B,H-OSW-fixed,t002,4B:S2,1
1,4B,H-OSW-fixed,t002,4B:S2,2
1,4B,H-GA,t002,4B:S1,1
1,4B,H-GA,t002,4B:S1,2
1,4B,H-GA,t002,4B:S2,1
1,4B,H-GA,t002,4B:S2,2
1,4B,H-OSW-fixed,t003,4B:S1,1
1,4B,H-OSW-fixed,t003,4B:S1,2
1,4B,H-OSW-fixed,t003,4B:S2,1
1,4B,H-OSW-fixed,t003,4B:S2,2
1,4B,H-GA,t003,4B:S1,1
1,4B,H-GA,t003,4B:S1,2
0,4B,H-GA,t003,4B:S2,1
1,4B,H-GA,t003,4B:S2,2
0,4B,H-OSW-fixed,t004,4B:S1,1
0,4B,H-OSW-fixed,t004,4B:S1,2
0,4B,H-OSW-fixed,t004,4B:S2,1
0,4B,H-OSW-fixed,t004,4B:S2,2
0,4B,H-GA,t004,4B:S1,1
0,4B,H-GA,t004,4B:S1,2
0,4B,H-GA,t004,4B:S2,1
0,4B,H-GA,t004,4B:S2,2
0,4B,H-OSW-fixed,t005,4B:S1,1
0,4B,H-OSW-fixed,t005,4B:S1,2
0,4B,H-OSW-fixed,t005,4B:S2,1
0,4B,H-OSW-fixed,t005,4B:S2,2
0,4B,H-GA,t005,4B:S1,1
0,4B,H-GA,t005,4B:S1,2
0,4B,H-GA,t005,4B:S2,1
0,4B,H-GA,t005,4B:S2,2
1,4B,H-OSW-fixed,t006,4B:S1,1
1,4B,H-OSW-fixed,t006,4B:S1,2
1,4B,H-OSW-fixed,t006,4B:S2,1
1,4B,H-OSW-fixed,t006,4B:S2,2
0,4B,H-GA,t006,4B:S1,1
1,4B,H-GA,t006,4B:S1,2
1,4B,H-GA,t006,4B:S2,1
1,4B,H-GA,t006,4B:S2,2
1,4B,H-OSW-fixed,t007,4B:S1,1
0,4B,H-OSW-fixed,t007,4B:S1,2
0,4B,H-OSW-fixed,t007,4B:S2,1
0,4B,H-OSW-fixed,t007,4B:S2,2
0,4B,H-GA,t007,4B:S1,1
0,4B,H-GA,t007,4B:S1,2
1,4B,H-GA,t007,4B:S2,1
0,4B,H-GA,t007,4B:S2,2
0,4B,H-OSW-fixed,t008,4B:S1,1
0,4B,H-OSW-fixed,t008,4B:S1,2
0,4B,H-OSW-fixed,t008,4B:S2,1
0,4B,H-OSW-fixed,t008,4B:S2,2
0,4B,H-GA,t008,4B:S1,1
0,4B,H-GA,t008,4B:S1,2
0,4B,H-GA,t008,4B:S2,1
0,4B,H-GA,t008,4B:S2,2
0,4B,H-OSW-fixed,t009,4B:S1,1
0,4B,H-OSW-fixed,t009,4B:S1,2
0,4B,H-OSW-fixed,t009,4B:S2,1
0,4B,H-OSW-fixed,t009,4B:S2,2
0,4B,H-GA,t009,4B:S1,1
0,4B,H-GA,t009,4B:S1,2
0,4B,H-GA,t009,4B:S2,1
0,4B,H-GA,t009,4B:S2,2
1,4B,H-OSW-fixed,t010,4B:S1,1
1,4B,H-OSW-fixed,t010,4B:S1,2
1,4B,H-OSW-fixed,t010,4B:S2,1
1,4B,H-OSW-fixed,t010,4B:S2,2
1,4B,H-GA,t010,4B:S1,1
1,4B,H-GA,t010,4B:S1,2
0,4B,H-GA,t010,4B:S2,1
0,4B,H-GA,t010,4B:S2,2
1,4B,H-OSW-fixed,t011,4B:S1,1
1,4B,H-OSW-fixed,t011,4B:S1,2
0,4B,H-OSW-fixed,t011,4B:S2,1
0,4B,H-OSW-fixed,t011,4B:S2,2
1,4B,H-GA,t011,4B:S1,1
1,4B,H-GA,t011,4B:S1,2
0,4B,H-GA,t011,4B:S2,1
1,4B,H-GA,t011,4B:S2,2
0,4B,H-OSW-fixed,t012,4B:S1,1
0,4B,H-OSW-fixed,t012,4B:S1,2
1,4B,H-OSW-fixed,t012,4B:S2,1
1,4B,H-OSW-fixed,t012,4B:S2,2
0,4B,H-GA,t012,4B:S1,1
0,4B,H-GA,t012,4B:S1,2
1,4B,H-GA,t012,4B:S2,1
0,4B,H-GA,t012,4B:S2,2
0,4B,H-OSW-fixed,t013,4B:S1,1
1,4B,H-OSW-fixed,t013,4B:S1,2
1,4B,H-OSW-fixed,t013,4B:S2,1
1,4B,H-OSW-fixed,t013,4B:S2,2
1,4B,H-GA,t013,4B:S1,1
1,4B,H-GA,t013,4B:S1,2
1,4B,H-GA,t013,4B:S2,1
1,4B,H-GA,t013,4B:S2,2
0,4B,H-OSW-fixed,t014,4B:S1,1
1,4B,H-OSW-fixed,t014,4B:S1,2
0,4B,H-OSW-fixed,t014,4B:S2,1
1,4B,H-OSW-fixed,t014,4B:S2,2
0,4B,H-GA,t014,4B:S1,1
1,4B,H-GA,t014,4B:S1,2
0,4B,H-GA,t014,4B:S2,1
0,4B,H-GA,t014,4B:S2,2
0,4B,H-OSW-fixed,t015,4B:S1,1
0,4B,H-OSW-fixed,t015,4B:S1,2
0,4B,H-OSW-fixed,t015,4B:S2,1
0,4B,H-OSW-fixed,t015,4B:S2,2
0,4B,H-GA,t015,4B:S1,1
0,4B,H-GA,t015,4B:S1,2
0,4B,H-GA,t015,4B:S2,1
0,4B,H-GA,t015,4B:S2,2
1,4B,H-OSW-fixed,t016,4B:S1,1
0,4B,H-OSW-fixed,t016,4B:S1,2
0,4B,H-OSW-fixed,t016,4B:S2,1
0,4B,H-OSW-fixed,t016,4B:S2,2
1,4B,H-GA,t016,4B:S1,1
0,4B,H-GA,t016,4B:S1,2
0,4B,H-GA,t016,4B:S2,1
0,4B,H-GA,t016,4B:S2,2
0,4B,H-OSW-fixed,t017,4B:S1,1
0,4B,H-OSW-fixed,t017,4B:S1,2
0,4B,H-OSW-fixed,t017,4B:S2,1
0,4B,H-OSW-fixed,t017,4B:S2,2
0,4B,H-GA,t017,4B:S1,1
0,4B,H-GA,t017,4B:S1,2
0,4B,H-GA,t017,4B:S2,1
0,4B,H-GA,t017,4B:S2,2
1,4B,H-OSW-fixed,t018,4B:S1,1
0,4B,H-OSW-fixed,t018,4B:S1,2
1,4B,H-OSW-fixed,t018,4B:S2,1
1,4B,H-OSW-fixed,t018,4B:S2,2
0,4B,H-GA,t018,4B:S1,1
0,4B,H-GA,t018,4B:S1,2
0,4B,H-GA,t018,4B:S2,1
1,4B,H-GA,t018,4B:S2,2
0,4B,H-OSW-fixed,t019,4B:S1,1
0,4B,H-OSW-fixed,t019,4B:S1,2
0,4B,H-OSW-fixed,t019,4B:S2,1
0,4B,H-OSW-fixed,t019,4B:S2,2
0,4B,H-GA,t019,4B:S1,1
0,4B,H-GA,t019,4B:S1,2
0,4B,H-GA,t019,4B:S2,1
1,4B,H-GA,t019,4B:S2,2
0,4B,H-OSW-fixed,t020,4B:S1,1
0,4B,H-OSW-fixed,t020,4B:S1,2
0,4B,H-OSW-fixed,t020,4B:S2,1
0,4B,H-OSW-fixed,t020,4B:S2,2
0,4B,H-GA,t020,4B:S1,1
0,4B,H-GA,t020,4B:S1,2
0,4B,H-GA,t020,4B:S2,1
0,4B,H-GA,t020,4B:S2,2
1,4B,H-OSW-fixed,t021,4B:S1,1
0,4B,H-OSW-fixed,t021,4B:S1,2
0,4B,H-OSW-fixed,t021,4B:S2,1
1,4B,H-OSW-fixed,t021,4B:S2,2
1,4B,H-GA,t021,4B:S1,1
1,4B,H-GA,t021,4B:S1,2
1,4B,H-GA,t021,4B:S2,1
1,4B,H-GA,t021,4B:S2,2
1,4B,H-OSW-fixed,t022,4B:S1,1
1,4B,H-OSW-fixed,t022,4B:S1,2
1,4B,H-OSW-fixed,t022,4B:S2,1
0,4B,H-OSW-fixed,t022,4B:S2,2
1,4B,H-GA,t022,4B:S1,1
1,4B,H-GA,t022,4B:S1,2
0,4B,H-GA,t022,4B:S2,1
0,4B,H-GA,t022,4B:S2,2
0,4B,H-OSW-fixed,t023,4B:S1,1
0,4B,H-OSW-fixed,t023,4B:S1,2
0,4B,H-OSW-fixed,t023,4B:S2,1
0,4B,H-OSW-fixed,t023,4B:S2,2
0,4B,H-GA,t023,4B:S1,1
0,4B,H-GA,t023,4B:S1,2
1,4B,H-GA,t023,4B:S2,1
0,4B,H-GA,t023,4B:S2,2
0,4B,H-OSW-fixed,t024,4B:S1,1
0,4B,H-OSW-fixed,t024,4B:S1,2
0,4B,H-OSW-fixed,t024,4B:S2,1
0,4B,H-OSW-fixed,t024,4B:S2,2
0,4B,H-GA,t024,4B:S1,1
0,4B,H-GA,t024,4B:S1,2
0,4B,H-GA,t024,4B:S2,1
0,4B,H-GA,t024,4B:S2,2
0,4B,H-OSW-fixed,t025,4B:S1,1
0,4B,H-OSW-fixed,t025,4B:S1,2
0,4B,H-OSW-fixed,t025,4B:S2,1
0,4B,H-OSW-fixed,t025,4B:S2,2
1,4B,H-GA,t025,4B:S1,1
1,4B,H-GA,t025,4B:S1,2
0,4B,H-GA,t025,4B:S2,1
0,4B,H-GA,t025,4B:S2,2
1,4B,H-OSW-fixed,t026,4B:S1,1
0,4B,H-OSW-fixed,t026,4B:S1,2
0,4B,H-OSW-fixed,t026,4B:S2,1
0,4B,H-OSW-fixed,t026,4B:S2,2
1,4B,H-GA,t026,4B:S1,1
1,4B,H-GA,t026,4B:S1,2
1,4B,H-GA,t026,4B:S2,1
0,4B,H-GA,t026,4B:S2,2
0,4B,H-OSW-fixed,t027,4B:S1,1
0,4B,H-OSW-fixed,t027,4B:S1,2
0,4B,H-OSW-fixed,t027,4B:S2,1
0,4B,H-OSW-fixed,t027,4B:S2,2
0,4B,H-GA,t027,4B:S1,1
0,4B,H-GA,t027,4B:S1,2
0,4B,H-GA,t027,4B:S2,1
0,4B,H-GA,t027,4B:S2,2
0,4B,H-OSW-fixed,t028,4B:S1,1
1,4B,H-OSW-fixed,t028,4B:S1,2
0,4B,H-OSW-fixed,t028,4B:S2,1
1,4B,H-OSW-fixed,t028,4B:S2,2
1,4B,H-GA,t028,4B:S1,1
0,4B,H-GA,t028,4B:S1,2
1,4B,H-GA,t028,4B:S2,1
1,4B,H-GA,t028,4B:S2,2
0,4B,H-OSW-fixed,t029,4B:S1,1
1,4B,H-OSW-fixed,t029,4B:S1,2
0,4B,H-OSW-fixed,t029,4B:S2,1
0,4B,H-OSW-fixed,t029,4B:S2,2
0,4B,H-GA,t029,4B:S1,1
1,4B,H-GA,t029,4B:S1,2
1,4B,H-GA,t029,4B:S2,1
1,4B,H-GA,t029,4B:S2,2
1,4B,H-OSW-fixed,t030,4B:S1,1
1,4B,H-OSW-fixed,t030,4B:S1,2
0,4B,H-OSW-fixed,t030,4B:S2,1
0,4B,H-OSW-fixed,t030,4B:S2,2
1,4B,H-GA,t030,4B:S1,1
1,4B,H-GA,t030,4B:S1,2
1,4B,H-GA,t030,4B:S2,1
1,4B,H-GA,t030,4B:S2,2
0,4B,H-OSW-fixed,t031,4B:S1,1
0,4B,H-OSW-fixed,t031,4B:S1,2
0,4B,H-OSW-fixed,t031,4B:S2,1
0,4B,H-OSW-fixed,t031,4B:S2,2
0,4B,H-GA,t031,4B:S1,1
0,4B,H-GA,t031,4B:S1,2
0,4B,H-GA,t031,4B:S2,1
0,4B,H-GA,t031,4B:S2,2
0,9B,H-OSW-fixed,t000,9B:S1,1
1,9B,H-OSW-fixed,t000,9B:S1,2
0,9B,H-OSW-fixed,t000,9B:S2,1
1,9B,H-OSW-fixed,t000,9B:S2,2
1,9B,H-GA,t000,9B:S1,1
0,9B,H-GA,t000,9B:S1,2
0,9B,H-GA,t000,9B:S2,1
0,9B,H-GA,t000,9B:S2,2
0,9B,H-OSW-fixed,t001,9B:S1,1
0,9B,H-OSW-fixed,t001,9B:S1,2
0,9B,H-OSW-fixed,t001,9B:S2,1
1,9B,H-OSW-fixed,t001,9B:S2,2
0,9B,H-GA,t001,9B:S1,1
0,9B,H-GA,t001,9B:S1,2
0,9B,H-GA,t001,9B:S2,1
0,9B,H-GA,t001,9B:S2,2
1,9B,H-OSW-fixed,t002,9B:S1,1
0,9B,H-OSW-fixed,t002,9B:S1,2
1,9B,H-OSW-fixed,t002,9B:S2,1
1,9B,H-OSW-fixed,t002,9B:S2,2
1,9B,H-GA,t002,9B:S1,1
1,9B,H-GA,t002,9B:S1,2
1,9B,H-GA,t002,9B:S2,1
1,9B,H-GA,t002,9B:S2,2
0,9B,H-OSW-fixed,t003,9B:S1,1
1,9B,H-OSW-fixed,t003,9B:S1,2
0,9B,H-OSW-fixed,t003,9B:S2,1
1,9B,H-OSW-fixed,t003,9B:S2,2
1,9B,H-GA,t003,9B:S1,1
1,9B,H-GA,t003,9B:S1,2
0,9B,H-GA,t003,9B:S2,1
1,9B,H-GA,t003,9B:S2,2
0,9B,H-OSW-fixed,t004,9B:S1,1
0,9B,H-OSW-fixed,t004,9B:S1,2
0,9B,H-OSW-fixed,t004,9B:S2,1
0,9B,H-OSW-fixed,t004,9B:S2,2
0,9B,H-GA,t004,9B:S1,1
0,9B,H-GA,t004,9B:S1,2
0,9B,H-GA,t004,9B:S2,1
0,9B,H-GA,t004,9B:S2,2
0,9B,H-OSW-fixed,t005,9B:S1,1
0,9B,H-OSW-fixed,t005,9B:S1,2
0,9B,H-OSW-fixed,t005,9B:S2,1
0,9B,H-OSW-fixed,t005,9B:S2,2
0,9B,H-GA,t005,9B:S1,1
0,9B,H-GA,t005,9B:S1,2
0,9B,H-GA,t005,9B:S2,1
0,9B,H-GA,t005,9B:S2,2
0,9B,H-OSW-fixed,t006,9B:S1,1
0,9B,H-OSW-fixed,t006,9B:S1,2
1,9B,H-OSW-fixed,t006,9B:S2,1
1,9B,H-OSW-fixed,t006,9B:S2,2
0,9B,H-GA,t006,9B:S1,1
0,9B,H-GA,t006,9B:S1,2
0,9B,H-GA,t006,9B:S2,1
0,9B,H-GA,t006,9B:S2,2
0,9B,H-OSW-fixed,t007,9B:S1,1
1,9B,H-OSW-fixed,t007,9B:S1,2
0,9B,H-OSW-fixed,t007,9B:S2,1
1,9B,H-OSW-fixed,t007,9B:S2,2
0,9B,H-GA,t007,9B:S1,1
1,9B,H-GA,t007,9B:S1,2
0,9B,H-GA,t007,9B:S2,1
0,9B,H-GA,t007,9B:S2,2
0,9B,H-OSW-fixed,t008,9B:S1,1
0,9B,H-OSW-fixed,t008,9B:S1,2
0,9B,H-OSW-fixed,t008,9B:S2,1
0,9B,H-OSW-fixed,t008,9B:S2,2
0,9B,H-GA,t008,9B:S1,1
0,9B,H-GA,t008,9B:S1,2
0,9B,H-GA,t008,9B:S2,1
0,9B,H-GA,t008,9B:S2,2
1,9B,H-OSW-fixed,t009,9B:S1,1
0,9B,H-OSW-fixed,t009,9B:S1,2
0,9B,H-OSW-fixed,t009,9B:S2,1
0,9B,H-OSW-fixed,t009,9B:S2,2
1,9B,H-GA,t009,9B:S1,1
0,9B,H-GA,t009,9B:S1,2
0,9B,H-GA,t009,9B:S2,1
0,9B,H-GA,t009,9B:S2,2
0,9B,H-OSW-fixed,t010,9B:S1,1
1,9B,H-OSW-fixed,t010,9B:S1,2
1,9B,H-OSW-fixed,t010,9B:S2,1
1,9B,H-OSW-fixed,t010,9B:S2,2
1,9B,H-GA,t010,9B:S1,1
1,9B,H-GA,t010,9B:S1,2
1,9B,H-GA,t010,9B:S2,1
1,9B,H-GA,t010,9B:S2,2
0,9B,H-OSW-fixed,t011,9B:S1,1
1,9B,H-OSW-fixed,t011,9B:S1,2
1,9B,H-OSW-fixed,t011,9B:S2,1
1,9B,H-OSW-fixed,t011,9B:S2,2
0,9B,H-GA,t011,9B:S1,1
0,9B,H-GA,t011,9B:S1,2
1,9B,H-GA,t011,9B:S2,1
0,9B,H-GA,t011,9B:S2,2
1,9B,H-OSW-fixed,t012,9B:S1,1
0,9B,H-OSW-fixed,t012,9B:S1,2
1,9B,H-OSW-fixed,t012,9B:S2,1
0,9B,H-OSW-fixed,t012,9B:S2,2
1,9B,H-GA,t012,9B:S1,1
1,9B,H-GA,t012,9B:S1,2
0,9B,H-GA,t012,9B:S2,1
0,9B,H-GA,t012,9B:S2,2
1,9B,H-OSW-fixed,t013,9B:S1,1
0,9B,H-OSW-fixed,t013,9B:S1,2
1,9B,H-OSW-fixed,t013,9B:S2,1
1,9B,H-OSW-fixed,t013,9B:S2,2
1,9B,H-GA,t013,9B:S1,1
1,9B,H-GA,t013,9B:S1,2
1,9B,H-GA,t013,9B:S2,1
1,9B,H-GA,t013,9B:S2,2
1,9B,H-OSW-fixed,t014,9B:S1,1
0,9B,H-OSW-fixed,t014,9B:S1,2
0,9B,H-OSW-fixed,t014,9B:S2,1
0,9B,H-OSW-fixed,t014,9B:S2,2
0,9B,H-GA,t014,9B:S1,1
0,9B,H-GA,t014,9B:S1,2
0,9B,H-GA,t014,9B:S2,1
0,9B,H-GA,t014,9B:S2,2
1,9B,H-OSW-fixed,t015,9B:S1,1
1,9B,H-OSW-fixed,t015,9B:S1,2
1,9B,H-OSW-fixed,t015,9B:S2,1
0,9B,H-OSW-fixed,t015,9B:S2,2
0,9B,H-GA,t015,9B:S1,1
0,9B,H-GA,t015,9B:S1,2
0,9B,H-GA,t015,9B:S2,1
0,9B,H-GA,t015,9B:S2,2
1,9B,H-OSW-fixed,t016,9B:S1,1
0,9B,H-OSW-fixed,t016,9B:S1,2
0,9B,H-OSW-fixed,t016,9B:S2,1
1,9B,H-OSW-fixed,t016,9B:S2,2
1,9B,H-GA,t016,9B:S1,1
1,9B,H-GA,t016,9B:S1,2
0,9B,H-GA,t016,9B:S2,1
0,9B,H-GA,t016,9B:S2,2
0,9B,H-OSW-fixed,t017,9B:S1,1
0,9B,H-OSW-fixed,t017,9B:S1,2
0,9B,H-OSW-fixed,t017,9B:S2,1
0,9B,H-OSW-fixed,t017,9B:S2,2
0,9B,H-GA,t017,9B:S1,1
0,9B,H-GA,t017,9B:S1,2
0,9B,H-GA,t017,9B:S2,1
0,9B,H-GA,t017,9B:S2,2
1,9B,H-OSW-fixed,t018,9B:S1,1
0,9B,H-OSW-fixed,t018,9B:S1,2
0,9B,H-OSW-fixed,t018,9B:S2,1
1,9B,H-OSW-fixed,t018,9B:S2,2
1,9B,H-GA,t018,9B:S1,1
0,9B,H-GA,t018,9B:S1,2
1,9B,H-GA,t018,9B:S2,1
0,9B,H-GA,t018,9B:S2,2
0,9B,H-OSW-fixed,t019,9B:S1,1
1,9B,H-OSW-fixed,t019,9B:S1,2
0,9B,H-OSW-fixed,t019,9B:S2,1
0,9B,H-OSW-fixed,t019,9B:S2,2
0,9B,H-GA,t019,9B:S1,1
0,9B,H-GA,t019,9B:S1,2
0,9B,H-GA,t019,9B:S2,1
0,9B,H-GA,t019,9B:S2,2
0,9B,H-OSW-fixed,t020,9B:S1,1
0,9B,H-OSW-fixed,t020,9B:S1,2
0,9B,H-OSW-fixed,t020,9B:S2,1
0,9B,H-OSW-fixed,t020,9B:S2,2
1,9B,H-GA,t020,9B:S1,1
0,9B,H-GA,t020,9B:S1,2
0,9B,H-GA,t020,9B:S2,1
1,9B,H-GA,t020,9B:S2,2
1,9B,H-OSW-fixed,t021,9B:S1,1
1,9B,H-OSW-fixed,t021,9B:S1,2
1,9B,H-OSW-fixed,t021,9B:S2,1
0,9B,H-OSW-fixed,t021,9B:S2,2
1,9B,H-GA,t021,9B:S1,1
1,9B,H-GA,t021,9B:S1,2
1,9B,H-GA,t021,9B:S2,1
1,9B,H-GA,t021,9B:S2,2
1,9B,H-OSW-fixed,t022,9B:S1,1
1,9B,H-OSW-fixed,t022,9B:S1,2
1,9B,H-OSW-fixed,t022,9B:S2,1
1,9B,H-OSW-fixed,t022,9B:S2,2
0,9B,H-GA,t022,9B:S1,1
0,9B,H-GA,t022,9B:S1,2
1,9B,H-GA,t022,9B:S2,1
0,9B,H-GA,t022,9B:S2,2
0,9B,H-OSW-fixed,t023,9B:S1,1
0,9B,H-OSW-fixed,t023,9B:S1,2
0,9B,H-OSW-fixed,t023,9B:S2,1
0,9B,H-OSW-fixed,t023,9B:S2,2
1,9B,H-GA,t023,9B:S1,1
1,9B,H-GA,t023,9B:S1,2
1,9B,H-GA,t023,9B:S2,1
0,9B,H-GA,t023,9B:S2,2
1,9B,H-OSW-fixed,t024,9B:S1,1
0,9B,H-OSW-fixed,t024,9B:S1,2
0,9B,H-OSW-fixed,t024,9B:S2,1
0,9B,H-OSW-fixed,t024,9B:S2,2
0,9B,H-GA,t024,9B:S1,1
0,9B,H-GA,t024,9B:S1,2
0,9B,H-GA,t024,9B:S2,1
0,9B,H-GA,t024,9B:S2,2
0,9B,H-OSW-fixed,t025,9B:S1,1
1,9B,H-OSW-fixed,t025,9B:S1,2
0,9B,H-OSW-fixed,t025,9B:S2,1
0,9B,H-OSW-fixed,t025,9B:S2,2
0,9B,H-GA,t025,9B:S1,1
0,9B,H-GA,t025,9B:S1,2
0,9B,H-GA,t025,9B:S2,1
0,9B,H-GA,t025,9B:S2,2
1,9B,H-OSW-fixed,t026,9B:S1,1
1,9B,H-OSW-fixed,t026,9B:S1,2
1,9B,H-OSW-fixed,t026,9B:S2,1
1,9B,H-OSW-fixed,t026,9B:S2,2
1,9B,H-GA,t026,9B:S1,1
1,9B,H-GA,t026,9B:S1,2
1,9B,H-GA,t026,9B:S2,1
1,9B,H-GA,t026,9B:S2,2
1,9B,H-OSW-fixed,t027,9B:S1,1
0,9B,H-OSW-fixed,t027,9B:S1,2
0,9B,H-OSW-fixed,t027,9B:S2,1
0,9B,H-OSW-fixed,t027,9B:S2,2
1,9B,H-GA,t027,9B:S1,1
0,9B,H-GA,t027,9B:S1,2
0,9B,H-GA,t027,9B:S2,1
0,9B,H-GA,t027,9B:S2,2
0,9B,H-OSW-fixed,t028,9B:S1,1
0,9B,H-OSW-fixed,t028,9B:S1,2
0,9B,H-OSW-fixed,t028,9B:S2,1
1,9B,H-OSW-fixed,t028,9B:S2,2
1,9B,H-GA,t028,9B:S1,1
0,9B,H-GA,t028,9B:S1,2
1,9B,H-GA,t028,9B:S2,1
0,9B,H-GA,t028,9B:S2,2
0,9B,H-OSW-fixed,t029,9B:S1,1
1,9B,H-OSW-fixed,t029,9B:S1,2
0,9B,H-OSW-fixed,t029,9B:S2,1
0,9B,H-OSW-fixed,t029,9B:S2,2
1,9B,H-GA,t029,9B:S1,1
1,9B,H-GA,t029,9B:S1,2
1,9B,H-GA,t029,9B:S2,1
1,9B,H-GA,t029,9B:S2,2
1,9B,H-OSW-fixed,t030,9B:S1,1
1,9B,H-OSW-fixed,t030,9B:S1,2
1,9B,H-OSW-fixed,t030,9B:S2,1
1,9B,H-OSW-fixed,t030,9B:S2,2
1,9B,H-GA,t030,9B:S1,1
1,9B,H-GA,t030,9B:S1,2
1,9B,H-GA,t030,9B:S2,1
1,9B,H-GA,t030,9B:S2,2
0,9B,H-OSW-fixed,t031,9B:S1,1
0,9B,H-OSW-fixed,t031,9B:S1,2
0,9B,H-OSW-fixed,t031,9B:S2,1
1,9B,H-OSW-fixed,t031,9B:S2,2
1,9B,H-GA,t031,9B:S1,1
0,9B,H-GA,t031,9B:S1,2
0,9B,H-GA,t031,9B:S2,1
0,9B,H-GA,t031,9B:S2,2
