fonts_20250608_fixed.zip	82301614	3c6c9d4cea35bc755f6e2bc20078c035db3ecefa4ece8f16c58e06566014875c	3c6c9d4cea35bc755f6e2bc20078c035db3ecefa4ece8f16c58e06566014875c	downloaded
gimp/06ca5602-62ca-47f6-ad4f-da151cde54cc/computer.png	3684162	86abbfa5cc068d9ed1ea21c15d7a31a72130ec6c6d3e3832355f3bd3f53e015b	86abbfa5cc068d9ed1ea21c15d7a31a72130ec6c6d3e3832355f3bd3f53e015b	reused
gimp/2a729ded-3296-423d-aec4-7dd55ed5fbb3/dog_cutout_gold.png	957253	8be70fdebe02f0a5d54aeecfcc37baa0cc381019cc9770a0c347db491748ddc4	8be70fdebe02f0a5d54aeecfcc37baa0cc381019cc9770a0c347db491748ddc4	reused
gimp/2a729ded-3296-423d-aec4-7dd55ed5fbb3/dog_with_background.png	1139372	e08ef7f647e9394682f3ee4858137c69cc931d2ace8b7bc618e25da83618d581	e08ef7f647e9394682f3ee4858137c69cc931d2ace8b7bc618e25da83618d581	reused
gimp/554785e9-4523-4e7a-b8e1-8016f565f56a/woman_sitting_by_the_tree2.png	1038965	4acbf30f243b4098fe571534d67f3b71f3aa17fe0abebbeba27db9fc79c52367	4acbf30f243b4098fe571534d67f3b71f3aa17fe0abebbeba27db9fc79c52367	reused
gimp/72f83cdc-bf76-4531-9a1b-eb893a13f8aa/berry.jpeg	266836	1ec94535c02ac32c5a492f1277312c28ab6567ba6cf1783c01721eba5b914b0b	1ec94535c02ac32c5a492f1277312c28ab6567ba6cf1783c01721eba5b914b0b	reused
gimp/734d6579-c07d-47a8-9ae2-13339795476b/white_background_with_object.png	25070	ffa7c94ac7307394e62a6c7a37c9d6718a9b24bd05d31e519250bb9609f2b806	ffa7c94ac7307394e62a6c7a37c9d6718a9b24bd05d31e519250bb9609f2b806	reused
gimp/734d6579-c07d-47a8-9ae2-13339795476b/white_background_with_object.xcf	16935	d353c8899bbb85f6aa8fd4038dab453e46f731532d92451567022f9671f4e08a	-	reused
gimp/77b8ab4d-994f-43ac-8930-8ca087d7c4b4/The_Lost_River_Of_Dreams.jpg	129365	884c9747c1e21ccdfc6663121758f1dbe358a1852483868fd76b6401ba349496	884c9747c1e21ccdfc6663121758f1dbe358a1852483868fd76b6401ba349496	reused
gimp/7a4deb26-d57d-4ea9-9a73-630f66a7b568/woman_sitting_by_the_tree.png	1038965	4acbf30f243b4098fe571534d67f3b71f3aa17fe0abebbeba27db9fc79c52367	4acbf30f243b4098fe571534d67f3b71f3aa17fe0abebbeba27db9fc79c52367	reused
gimp/b148e375-fe0b-4bec-90e7-38632b0d73c2/white_background.xcf	4129	413858462dcf5e9c808847565f48985efb556851feb9b555e5eda6ed0ff1c37c	-	reused
gimp/d16c99dc-2a1e-46f2-b350-d97c86c85c15/dog_with_background.png	1139372	e08ef7f647e9394682f3ee4858137c69cc931d2ace8b7bc618e25da83618d581	e08ef7f647e9394682f3ee4858137c69cc931d2ace8b7bc618e25da83618d581	reused
gimp/d16c99dc-2a1e-46f2-b350-d97c86c85c15/dog_with_background_two_layers.xcf	1892105	ce178e548eea89d31c6836873ede95774f59f55284cb9dc9355e13fb8be214c2	ce178e548eea89d31c6836873ede95774f59f55284cb9dc9355e13fb8be214c2	reused
gimp/e2dd0213-26db-4349-abe5-d5667bfd725c/orange_background.xcf	24108	ed1466b3fe6f3f59fd3ff73b284b33775b2411d9a5a69777e4eefa7afebe703b	-	reused
gimp/f4aec372-4fb0-4df5-a52b-79e0e2a5d6ce/Triangle_On_The_Side.png	6363	77d0eb7a65794fc72173bd158e14668c01613cae62324464c6dcbe244201d0bf	77d0eb7a65794fc72173bd158e14668c01613cae62324464c6dcbe244201d0bf	reused
gimp/f4aec372-4fb0-4df5-a52b-79e0e2a5d6ce/Triangle_On_The_Side.xcf	12879	69465bf3e952ba7dacc22547cce379a7ac3ac7e5a4edd9e25d08c441209155c5	-	reused
gimp/f723c744-e62c-4ae6-98d1-750d3cd7d79d/file_1X42_kOanL74vu_p6QdcZuiyzDQi3kA7F.jpg	266836	1ec94535c02ac32c5a492f1277312c28ab6567ba6cf1783c01721eba5b914b0b	1ec94535c02ac32c5a492f1277312c28ab6567ba6cf1783c01721eba5b914b0b	reused
libreoffice_calc/01b269ae-2111-4a07-81fd-3fcd711993b0/Student_Level_Fill_Blank.xlsx	5620	44a4981d2dd13a56f4a4b9d4dff4d51e1e36d057d5d08cd74961302bedaf8f70	-	reused
libreoffice_calc/01b269ae-2111-4a07-81fd-3fcd711993b0/Student_Level_Fill_Blank_gold.xlsx	6052	a7d02419d122a3d755a41c7ca2e2bb3afabcc88138ef29b740148528ea0b6f8b	-	reused
libreoffice_calc/0326d92d-d218-48a8-9ca1-981cd6d064c7/2_SalesRep_gt1.xlsx	15067	29e996f4e508b49a40429d5c383fdc3d424b0ca064a3b3d0c41f1af10e72d690	-	reused
libreoffice_calc/0326d92d-d218-48a8-9ca1-981cd6d064c7/SalesRep.xlsx	9500	f4e54c5b2394e7c7dc5975d1f0bea29f93227aa435827d6649ce86b64734428f	-	reused
libreoffice_calc/035f41ba-6653-43ab-aa63-c86d449d62e5/5_IncomeStatement2_gt1.xlsx	10555	dce5ec128f2fcb633591ce430f73dc6a1f5041fa2e003fca42af2cb89d2ad0a9	-	reused
libreoffice_calc/035f41ba-6653-43ab-aa63-c86d449d62e5/IncomeStatement2.xlsx	9941	8f9da5481c2bcefefebae562e037a71b5b93163ff6b48295fd4df30b86cf8279	-	reused
libreoffice_calc/04d9aeaf-7bed-4024-bedb-e10e6f00eb7f/4_SmallBalanceSheet_gt1.xlsx	11776	5f832b5537dd3e36920d2bced63c239f9b60f1b6d385c1c35cf6c75715daf1f5	-	reused
libreoffice_calc/04d9aeaf-7bed-4024-bedb-e10e6f00eb7f/SmallBalanceSheet.xlsx	11976	4249084517378a0c24a0ff20b5e7b771942f2bf96dce95fbee22598d337fcc5a	-	reused
libreoffice_calc/0a2e43bf-b26c-4631-a966-af9dfa12c9e5/5_SalesRep_gt1.xlsx	15287	bc60d9c9d12ecf24fdbed627f4f501b4036effa73599b12a23e299ba2dc84444	-	reused
libreoffice_calc/0bf05a7d-b28b-44d2-955a-50b41e24012a/Customers_New_7digit_Id.xlsx	5741	3b83aba5790e91f538ee5d6f0856efa73e59d86730f857b7ed186eda0a3a329f	-	reused
libreoffice_calc/0bf05a7d-b28b-44d2-955a-50b41e24012a/Customers_New_7digit_Id_gold.csv	861	916e6766e0243aab25c43dbf88c30d56a598aede0b8128dde85c351c7a98895b	-	reused
libreoffice_calc/0bf05a7d-b28b-44d2-955a-50b41e24012a/Customers_New_7digit_Id_gold.xlsx	6631	7b6e9a8897f371bdab4d73d11599e6b376c1229493374cdb779e334feb906286	-	reused
libreoffice_calc/0cecd4f3-74de-457b-ba94-29ad6b5dafb6/LARS_Science_Assessment_Resource_List_7-30-21.xlsx	16046	86d5618bbdc2ebbd7de484564fa39b905c7077129278ba9a3f50d2fa7454ee1f	-	reused
libreoffice_calc/0cecd4f3-74de-457b-ba94-29ad6b5dafb6/LARS_Science_Assessment_Resource_List_7-30-21_gold.xlsx	19637	165192c2a2f342e54a80a41addfad5d3e6a5cdb916cf4d0f63022b2eb7d7c52b	-	reused
libreoffice_calc/12382c62-0cd1-4bf2-bdc8-1d20bf9b2371/13_WeeklySales_gt1.xlsx	9818	8bc85b93043c2e2efdfe8ba83fe227dd495f0732c62ba883844ff17c1be88f2b	-	reused
libreoffice_calc/1273e544-688f-496b-8d89-3e0f40aa0606/3_NetIncome_gt1.xlsx	6194	42d66bba3e1906eb41b397d010394da08cc296b017ec295bcffc139788341fb6	-	reused
libreoffice_calc/1273e544-688f-496b-8d89-3e0f40aa0606/NetIncome.xlsx	9201	4bf3c94407240969c2dc55b098d2fab6b247f3b530fe48bae0f39a923b397300	-	reused
libreoffice_calc/1334ca3e-f9e3-4db8-9ca7-b4c653be7d17/Zoom_Out_Oversized_Cells.xlsx	7176	5eff9cf0ce47825fcac953282fcbc7cf144f12cf99f1ad6914ae345a0a995967	-	reused
libreoffice_calc/1334ca3e-f9e3-4db8-9ca7-b4c653be7d17/Zoom_Out_Oversized_Cells_gold.xlsx	7176	1037fff18170ffc1b38eee0f812b958339980e0b220b92a1628b32fdd26be7f0	-	reused
libreoffice_calc/1954cced-e748-45c4-9c26-9855b97fbc5e/8_Invoices_gt1.xlsx	10697	9aebd631ba0cac0157f3ab035b27af8f0e086bb4f1e22249f1bcc860aa814231	-	reused
libreoffice_calc/1954cced-e748-45c4-9c26-9855b97fbc5e/Invoices.xlsx	11432	ec2b02ac769ef4d7fd1821c8b7d27a128c064223ead4d80f98a31c3776eb0e4b	-	reused
libreoffice_calc/1d17d234-e39d-4ed7-b46f-4417922a4e7c/5_FutureValue_gt1.xlsx	5994	a87b2fbb532017840c289ba43bfd46d837ae5972ae8a92d5da603b312727fd22	-	reused
libreoffice_calc/1d17d234-e39d-4ed7-b46f-4417922a4e7c/FutureValue.xlsx	9124	10bf193a7f5de4f534acb34ad4de622b7556bdc1b523b9c832fd6119b56d2211	-	reused
libreoffice_calc/1de60575-bb6e-4c3d-9e6a-2fa699f9f197/6_EntireSummerSales_gt1.xlsx	104604	2715c3ce74255c63a3c261efa77ef4cd7aca5833d4ff694e4fcd5729828378ef	2715c3ce74255c63a3c261efa77ef4cd7aca5833d4ff694e4fcd5729828378ef	reused
libreoffice_calc/1de60575-bb6e-4c3d-9e6a-2fa699f9f197/EntireSummerSales.xlsx	104602	af5da0ac14d0ef8044becabba3392d1a06cb3f64cfba347ed84f862f44d0a93f	af5da0ac14d0ef8044becabba3392d1a06cb3f64cfba347ed84f862f44d0a93f	reused
libreoffice_calc/1e8df695-bd1b-45b3-b557-e7d599cf7597/6_WeeklySales_gt1.xlsx	9755	5a5f87debbd93162632e069162857cc754ee428d0300d2b5dd393f89b70bded3	-	reused
libreoffice_calc/1e8df695-bd1b-45b3-b557-e7d599cf7597/WeeklySales.xlsx	9162	5add57623a183f18267bd53129a9638ef30d5553665946395e8c5ee590e0ce51	-	reused
libreoffice_calc/21ab7b40-77c2-4ae6-8321-e00d3a086c73/1_PeriodRate_gt1.xlsx	6186	599cbdc6fe16b64b9628022bf55f26a488d1912c4b036359f3564c6146e1407a	-	reused
libreoffice_calc/21ab7b40-77c2-4ae6-8321-e00d3a086c73/PeriodRate.xlsx	9226	3a3d75fae5a1ef3b91ac5fbba9ab94aadabce8f833e608634bbf8dda7e7afcfc	-	reused
libreoffice_calc/21df9241-f8d7-4509-b7f1-37e501a823f7/Represent_in_millions_billions.xlsx	4811	16c0de6f2a771e71c5ffea2ab5b8969353342babfd0532c133ffc75e53859d9e	-	reused
libreoffice_calc/21df9241-f8d7-4509-b7f1-37e501a823f7/Represent_in_millions_billions_gold.csv	178	9cbe41c8f629068a6c165a5c4e332cd4318fdc27ecbc21061406bd738432c0a8	-	reused
libreoffice_calc/21df9241-f8d7-4509-b7f1-37e501a823f7/Represent_in_millions_billions_gold.xlsx	5078	17b2da202f9c24e0e959e3f24415a19ebabdc7d1f10820255cf5ef3911dde50e	-	reused
libreoffice_calc/26a8440e-c166-4c50-aef4-bfb77314b46b/3_SalesRep_gt1.xlsx	10094	36aeeb9844db1b4ca03e5e736773ad62088757eb37694ff452464f774c9b0b28	-	reused
libreoffice_calc/30e3e107-1cfb-46ee-a755-2cd080d7ba6a/1_DemographicProfile_gt1.xlsx	13054	8a32d39129088ab172e7275193a51880d8241157041d10c71f3cf656a49fae93	-	reused
libreoffice_calc/30e3e107-1cfb-46ee-a755-2cd080d7ba6a/DemographicProfile.xlsx	9717	63b02a319f350d65643fe4923ea63f9b50eae7dedd2073a92b4e56e0315107d5	-	reused
libreoffice_calc/347ef137-7eeb-4c80-a3bb-0951f26a8aff/Create_column_charts_using_statistics.xlsx	7181	2cb82453a684fcde57610987b4622949bdd34a01eabf218120e132493a906286	-	reused
libreoffice_calc/347ef137-7eeb-4c80-a3bb-0951f26a8aff/Create_column_charts_using_statistics_gold.xlsx	11458	53d2c5da7fd412ecc3de462a1263cc39f89e2d103b025b21578d2fb8db33787b	-	reused
libreoffice_calc/357ef137-7eeb-4c80-a3bb-0951f26a8aff/Multiply_Time_Number.xlsx	10246	a6f792dd99a2251bf7f2ed1f55896e3588718a4a53d291ecc5db25a5b3ac8b17	-	reused
libreoffice_calc/37608790-6147-45d0-9f20-1137bb35703d/Employee_Roles_and_Ranks.xlsx	5902	55a78a8f2469d28c3fcb4e417e615bb6c65a65094243c973cc3b1524162ab269	-	reused
libreoffice_calc/37608790-6147-45d0-9f20-1137bb35703d/Employee_Roles_and_Ranks_gold.xlsx	6448	4546a6e6f815f352a598c049df91746e85e597652b9681049b4cd2eb9ac4d837	-	reused
libreoffice_calc/3a7c8185-25c1-4941-bd7b-96e823c9f21f/6_BoomerangSales_gt1.xlsx	18482	6b8bc4c4996c9137093259752be2886deec297f8d0b34b6169e188def48d401a	-	reused
libreoffice_calc/3aaa4e37-dc91-482e-99af-132a612d40f3/Export_Calc_to_CSV.csv	128	57703b2916961af19bf88e34bb059a50c2bf7006175009c910873416750909cb	-	reused
libreoffice_calc/3aaa4e37-dc91-482e-99af-132a612d40f3/Export_Calc_to_CSV.xlsx	4892	aaef7cafd01fc824d496f8ae17b8d1e74dc0430263bcbbb45de682e47c5fd3b6	-	reused
libreoffice_calc/4172ea6e-6b77-4edb-a9cc-c0014bd1603b/1_MaturityDate_gt1.xlsx	8995	1d8dcd321143af4e1ea20e1901184c400de05989a403653b35d48a6396710bca	-	reused
libreoffice_calc/4172ea6e-6b77-4edb-a9cc-c0014bd1603b/MaturityDate.xlsx	9001	7e36c0099cf96f45ef92d59b6a8441541700d467e9af5fa7c33318df3e09ef83	-	reused
libreoffice_calc/4188d3a4-077d-46b7-9c86-23e1a036f6c1/Freeze_row_column2.xlsx	6947	d70cd1383ae8bf74de2903cc7ffd616aca6d29f3c3483d426b28a42ff87ec51b	-	reused
libreoffice_calc/4188d3a4-077d-46b7-9c86-23e1a036f6c1/Freeze_row_column2_gold.xlsx	7018	237bd011f931fd8767adb664cb8932ca52ceb0c46ef2f808ec9340014ef80552	-	reused
libreoffice_calc/42e0a640-4f19-4b28-973d-729602b5a4a7/2_NetIncome_gt1.xlsx	9800	568de5273d0bad1752d93bbfc80f3db104db1ddf8fb0feaea7bfe028970a9935	-	reused
libreoffice_calc/4de54231-e4b5-49e3-b2ba-61a0bec721c0/3_RampUpAndDown_gt1.xlsx	8320	d496fac274c078686d3dc8ca19214d7a6e5cfa4b9f5fa8d15cf68a1807ebd523	-	reused
libreoffice_calc/4de54231-e4b5-49e3-b2ba-61a0bec721c0/RampUpAndDown.xlsx	9950	d86f02749766e1c33512b521eca32aed4222a21bafc6c8f28f546ffcdcd10f40	-	reused
libreoffice_calc/4e6fcf72-daf3-439f-a232-c434ce416af6/Employee_Age_By_Birthday.xlsx	5695	27e8792577422c2b67606cf5bce4159cc1606586d268f0e6ee585e7cbde20732	-	reused
libreoffice_calc/4e6fcf72-daf3-439f-a232-c434ce416af6/Employee_Age_By_Birthday_gold.xlsx	6313	f2b6f1197482fed97005f23239b79da5ff30433302f0ce1e3c4009a00defe086	-	downloaded
libreoffice_calc/4f07fbe9-70de-4927-a4d5-bb28bc12c52c/Padding_Decimals_In_Formular.xlsx	4803	c9283c55bccdac033a2979700e92c679367520536331be9bf4c1b4dea315dca3	-	reused
libreoffice_calc/4f07fbe9-70de-4927-a4d5-bb28bc12c52c/Padding_Decimals_In_Formular_gold-Sheet1.csv	39	073ee9f73488b7b3329368af29f6c1857836908a40aa57e65928e20340d9472b	-	reused
libreoffice_calc/4f07fbe9-70de-4927-a4d5-bb28bc12c52c/Padding_Decimals_In_Formular_gold.xlsx	4967	1dd8b7285d7c63360d9fa72a9a47b0aa709328975c7228d70b04c96eda36b1dd	-	reused
libreoffice_calc/51719eea-10bc-4246-a428-ac7c433dd4b3/8_BoomerangSales_gt1.xlsx	17545	7ece6ea65cf8bfe157a5d8b5140bd071f417430ba76fc69a5da6b1ba534dcb9b	-	reused
libreoffice_calc/51719eea-10bc-4246-a428-ac7c433dd4b3/BoomerangSales.xlsx	12387	9962eddeb2e47c89d67374922dce5065a65e233bd806eb024506b4c6647bd6b2	-	reused
libreoffice_calc/51b11269-2ca8-4b2a-9163-f21758420e78/Arrang_Value_min_to_max.xlsx	6155	cfe3f5f1f6b91636b9b816cf447418bbb183767f42045206c011b47f4dbac4e0	-	reused
libreoffice_calc/51b11269-2ca8-4b2a-9163-f21758420e78/Arrang_Value_min_to_max_gold.xlsx	5879	b7ecc16b48e56b4763c54017b1f1e7c9b5824700996a51f752ab34b335b993d6	-	reused
libreoffice_calc/535364ea-05bd-46ea-9937-9f55c68507e8/5_SummerSales_gt1.xlsx	16858	e6b059306e969494bc56dd25c10ef55f25ca0887963396e6cba0199ccb04e34b	-	reused
libreoffice_calc/535364ea-05bd-46ea-9937-9f55c68507e8/SummerSales.xlsx	10315	712b3eab23eeb201e55f1dc02d8cd936f19ddfad5d746cb7270870d123bb94fb	-	reused
libreoffice_calc/6054afcb-5bab-4702-90a0-b259b5d3217c/Date_Budget_Variance_HideNA.xlsx	6525	980d9dfc8a6787799cfd038caa34515642f0a42b895ce49ed17f518bb870266e	-	reused
libreoffice_calc/6054afcb-5bab-4702-90a0-b259b5d3217c/Date_Budget_Variance_HideNA_gold.xlsx	6858	9e8f98050cb0431833fc0d6627c9eef35b5cfc418809220a611b2f3d6ed2c64b	-	reused
libreoffice_calc/6e99a1ad-07d2-4b66-a1ce-ece6d99c20a5/Keep_Two_decimal_points.xlsx	5218	43bb72a4f7c89180081d2c2cb143115ccab77962c84eded9bf12774676f05e51	-	reused
libreoffice_calc/6e99a1ad-07d2-4b66-a1ce-ece6d99c20a5/Keep_Two_decimal_points_gold-Sheet1.csv	272	056a91e4e7d38aecff3fc67ea5629887489d0edfab8ea7061cca87df8977b529	-	reused
libreoffice_calc/6e99a1ad-07d2-4b66-a1ce-ece6d99c20a5/Keep_Two_decimal_points_gold.xlsx	5615	34df867777b220c2934887fdcf3b4e3c49e3e9507b4e714be9a48a83be1ea36c	-	reused
libreoffice_calc/7a4e4bc8-922c-4c84-865c-25ba34136be1/Name_Order_Id_move_column.xlsx	5882	903d84381ff8d559617c4e35239ed980a698c8389f891ad6e24057a35c8551f1	-	reused
libreoffice_calc/7a4e4bc8-922c-4c84-865c-25ba34136be1/Name_Order_Id_move_column_gold.xlsx	6263	473337702ef9cdbdc32f4575d93451d1cc3ac01c11b605994e16e278cbb09480	-	reused
libreoffice_calc/7e429b8d-a3f0-4ed0-9b58-08957d00b127/VLOOKUP_Fill_the_form.xlsx	5347	e08832bd2b6996eb495ea8216b235167bdc771c373baff8739fa2d602e4bdd23	-	reused
libreoffice_calc/7e429b8d-a3f0-4ed0-9b58-08957d00b127/VLOOKUP_Fill_the_form_gold.xlsx	5875	c16a639cbbe421d20c4250a49f12fa27680b874e060dc54cef93ebaea3144321	-	reused
libreoffice_calc/7efeb4b1-3d19-4762-b163-63328d66303b/Order_Sales_Serial#.xlsx	5890	d0d3cfbb42f4d94b2ecff4adf6b21ae76c6eb4bc83f1c385b60f57750f0cf5cf	-	reused
libreoffice_calc/7efeb4b1-3d19-4762-b163-63328d66303b/Order_Sales_Serial#_gold.xlsx	6437	9103bfbba0dc71f4f4904f75ebcfdba18a5624aefd142b201fa7cdb42f1f82cd	-	reused
libreoffice_calc/8b1ce5f2-59d2-4dcc-b0b0-666a714b9a14/Calendar_Highlight_Weekend_Days.xlsx	5773	a29c48e75f1b5894100a15e9ce204a0a599c7ce9bc5a8101d226dd1c4d68f70f	-	reused
libreoffice_calc/8b1ce5f2-59d2-4dcc-b0b0-666a714b9a14/Calendar_Highlight_Weekend_Days_gold.xlsx	6472	e83e93f388874dd7e075b92a22478e586fdad0f55ecfc538b93823c3efd8b6d1	-	reused
libreoffice_calc/a01fbce3-2793-461f-ab86-43680ccbae25/Set_Decimal_Separator_Dot.xlsx	5330	072ace8c61eab46ba6b4acb1f3d938cf93118e465d1106eda8cfd52b717678f5	-	reused
libreoffice_calc/a01fbce3-2793-461f-ab86-43680ccbae25/Set_Decimal_Separator_Dot_gold_ru.csv	234	8e5a2d3304bad6390dc9ca6903b6305a7a89a83c2d435b133a3d0f468b0e0232	-	reused
libreoffice_calc/a01fbce3-2793-461f-ab86-43680ccbae25/Set_Decimal_Separator_Dot_gold_ru.xlsx	5647	8e3d3258ae8686590922159b550f1fe3f684925635aa205c91ee979e2538d39d	-	reused
libreoffice_calc/a9f325aa-8c05-4e4f-8341-9e4358565f4f/Movie_titles_garbage_clean.xlsx	5766	69d84c5e51932cab5108539875437ca2325d36f03d848586781a08f79dcb5d36	-	reused
libreoffice_calc/a9f325aa-8c05-4e4f-8341-9e4358565f4f/Movie_titles_garbage_clean_gold.xlsx	6649	a71315476cb9ce5bd4c843db097311dedcb784d21a89c3fdf29578a376eee684	-	reused
libreoffice_calc/aa3a8974-2e85-438b-b29e-a64df44deb4b/Resize_Cells_Fit_Page.xlsx	7133	019e40f4e8e5ee662b6d4038ec7f206e37a6fbc90b6ddd553b0bbe0d5081ef7a	-	reused
libreoffice_calc/aa3a8974-2e85-438b-b29e-a64df44deb4b/Resize_Cells_Fit_Page_gt.pdf	22687	42ecfd5c8e81877db86d2b21d2bfaaf372466170a9fbe0927ccbed71e196b030	-	reused
libreoffice_calc/abed40dc-063f-4598-8ba5-9fe749c0615d/Names_Duplicate_Unique.xlsx	5200	0b4de861a9ad5caa5564d1a840abd1644cb4877766eae53ad13185a3df93563b	-	reused
libreoffice_calc/abed40dc-063f-4598-8ba5-9fe749c0615d/Names_Duplicate_Unique_gold.xlsx	5639	c5016d9487a680a3ebdbc68e7cda8ba2d5544bf3f6189048e1a63ad0cc9fa95f	-	reused
libreoffice_calc/d681960f-7bc3-4286-9913-a8812ba3261a/Student_Grades_and_Remarks.xlsx	6124	014f9f32109a44669ec3fb4bc7d4becf93ea5622cfe208100a2783851d887aa0	-	reused
libreoffice_calc/d681960f-7bc3-4286-9913-a8812ba3261a/Student_Grades_and_Remarks_gold.xlsx	8823	5dc811582827f43111a5d6ab442f6d49a784b6b01afed2bca3af8b385fe23478	-	reused
libreoffice_calc/eb03d19a-b88d-4de4-8a64-ca0ac66f426b/Students_Class_Subject_Marks.xlsx	5088	e046cddeab16513e081c6b6573637278b486acabc69b329cf8347a784876ff29	-	reused
libreoffice_calc/eb03d19a-b88d-4de4-8a64-ca0ac66f426b/Students_Class_Subject_Marks_gold.xlsx	5619	f07e45863d80dd006ef47f2e6a50c5c4f55f19ceae41dbe5816ae58062953f1a	-	reused
libreoffice_calc/ecb0df7a-4e8d-4a03-b162-053391d3afaf/Order_Id_Mark_Pass_Fail.xlsx	5719	c72c9bb3446ecebf1b10fd4e48833670683aaff02b20cfd10309e5b1626de5fa	-	reused
libreoffice_calc/ecb0df7a-4e8d-4a03-b162-053391d3afaf/Order_Id_Mark_Pass_Fail_gold.xlsx	6302	efc2f244328350bf887666b3193dd845c8ebbeffce19be94da33c0de20bdb501	-	reused
libreoffice_calc/f9584479-3d0d-4c79-affa-9ad7afdd8850/Quarterly_Product_Sales_by_Zone.xlsx	6442	b3f924e716a00b7eb3f9baf8e4138aaa7993026c1036b5211a11ad889606b44f	-	reused
libreoffice_calc/f9584479-3d0d-4c79-affa-9ad7afdd8850/Quarterly_Product_Sales_by_Zone_gold.xlsx	9334	14bfa146f541d07809894ee19c02d192d4c5c2092a41397e47b580be47091031	-	reused
libreoffice_impress/04578141-1d42-4146-b9cf-6fab4ce5fd74/45_2.pptx	21107729	0cc143e4f7587ecd5b7af54ff6e0b9cd40c0a32c485340f6e8ce0b082571ccb1	0cc143e4f7587ecd5b7af54ff6e0b9cd40c0a32c485340f6e8ce0b082571ccb1	reused
libreoffice_impress/04578141-1d42-4146-b9cf-6fab4ce5fd74/45_2_Gold.pptx	21107754	739850a630bf25b77c6789903dd425bedf508b9cfa9834bace9475a0a5b492a5	739850a630bf25b77c6789903dd425bedf508b9cfa9834bace9475a0a5b492a5	reused
libreoffice_impress/04578141-1d42-4146-b9cf-6fab4ce5fd74/45_2_Gold_all_fonts.pptx	21107759	52075c0d24304b1e2ffe97dfa5f02d003041512743a27a9f733c5bce0439d6e6	52075c0d24304b1e2ffe97dfa5f02d003041512743a27a9f733c5bce0439d6e6	reused
libreoffice_impress/05dd4c1d-c489-4c85-8389-a7836c4f0567/38_1.pptx	6166120	67b6e43fd65bde152c532c5f579cfd04e23855f39bee6c9cb4d0cb6f12e2dd7d	67b6e43fd65bde152c532c5f579cfd04e23855f39bee6c9cb4d0cb6f12e2dd7d	reused
libreoffice_impress/05dd4c1d-c489-4c85-8389-a7836c4f0567/38_1_Gold.pptx	6166278	66dcccc5560e9cd1b684477dce5dbdda2a65fe6d8c4aefa12e2768f3a5e7de5a	66dcccc5560e9cd1b684477dce5dbdda2a65fe6d8c4aefa12e2768f3a5e7de5a	reused
libreoffice_impress/05dd4c1d-c489-4c85-8389-a7836c4f0567/38_1_Gold_all_fonts.pptx	6166281	f59294d3b30b8c1e7a86618f54bf2a4b32844ea9d69d19e41b5a921e5c373ec9	f59294d3b30b8c1e7a86618f54bf2a4b32844ea9d69d19e41b5a921e5c373ec9	reused
libreoffice_impress/08aced46-45a2-48d7-993b-ed3fb5b32302/22_6.pptx	319084	87503abd332bdcd0bd505a3b1a057545b5a6c282a6aafc797111b98a9e8b6cf9	87503abd332bdcd0bd505a3b1a057545b5a6c282a6aafc797111b98a9e8b6cf9	reused
libreoffice_impress/08aced46-45a2-48d7-993b-ed3fb5b32302/22_6_Gold.pptx	319128	390def89f9f07141c35ccb2d0b804c181ed804d97630ca46b58dcbf2516b44b6	390def89f9f07141c35ccb2d0b804c181ed804d97630ca46b58dcbf2516b44b6	reused
libreoffice_impress/08aced46-45a2-48d7-993b-ed3fb5b32302/22_6_Gold2.pptx	319107	a2945b63f1e6487622b60c6a07ebf204c3cc848c80d5395fe66e0d4e730d9789	a2945b63f1e6487622b60c6a07ebf204c3cc848c80d5395fe66e0d4e730d9789	reused
libreoffice_impress/0a211154-fda0-48d0-9274-eaac4ce5486d/13_0_.pptx	21578164	ee71e0e479db834ca959f260c70e1058f3e47dce28b62a4b2faf8c42715c1958	ee71e0e479db834ca959f260c70e1058f3e47dce28b62a4b2faf8c42715c1958	reused
libreoffice_impress/0a211154-fda0-48d0-9274-eaac4ce5486d/13_0_Gold.pptx	21565242	7ec6205033e37d02fd1c012dd4dfab9acf3a78fb9abd3bdd0df7770a720287b2	7ec6205033e37d02fd1c012dd4dfab9acf3a78fb9abd3bdd0df7770a720287b2	reused
libreoffice_impress/0f84bef9-9790-432e-92b7-eece357603fb/multimedia_classroom_podium-2020.pptx	15295320	65942ad27f8105b2c4eafa8090805c8dd9a6355fa57bfb532200c6658f7db560	65942ad27f8105b2c4eafa8090805c8dd9a6355fa57bfb532200c6658f7db560	reused
libreoffice_impress/15aece23-a215-4579-91b4-69eec72e18da/134_2.pptx	26026	1c427fbc84bddf1354e1d9a4e48155ce0a90a30398d7eb3040ffce8f07cae285	-	reused
libreoffice_impress/15aece23-a215-4579-91b4-69eec72e18da/134_2_Original.pptx	26025	6aad86ec248c9e374114819f1fc8e4a4a8e410335a19fab533cd9cdb0eeb1acf	-	reused
libreoffice_impress/21760ecb-8f62-40d2-8d85-0cee5725cb72/Ch4 Video Effect.pptx	15334365	fb28830a3099cc79abd097e70b2036493ad478fcb6af32a240c6002e0f475520	fb28830a3099cc79abd097e70b2036493ad478fcb6af32a240c6002e0f475520	reused
libreoffice_impress/2b94c692-6abb-48ae-ab0b-b3e8a19cb340/201_6.pptx	318820	c253953b7f638a1731765c72d710efda473b33ebdd09d7216acdceae4d9b82b7	c253953b7f638a1731765c72d710efda473b33ebdd09d7216acdceae4d9b82b7	reused
libreoffice_impress/2b94c692-6abb-48ae-ab0b-b3e8a19cb340/201_6_Original.pptx	318820	c253953b7f638a1731765c72d710efda473b33ebdd09d7216acdceae4d9b82b7	c253953b7f638a1731765c72d710efda473b33ebdd09d7216acdceae4d9b82b7	reused
libreoffice_impress/3161d64e-3120-47b4-aaad-6a764a92493b/45_1.pptx	21200842	84b314cfe102d230633cd02866a146cecdf6eac1aa1e9392e89541b53e10a0ea	84b314cfe102d230633cd02866a146cecdf6eac1aa1e9392e89541b53e10a0ea	reused
libreoffice_impress/3161d64e-3120-47b4-aaad-6a764a92493b/45_1_Gold.pptx	21200827	53d562a2a83f54e2e2c13e85e95ccb726f6f291170605dcdefe6be51d8ead078	53d562a2a83f54e2e2c13e85e95ccb726f6f291170605dcdefe6be51d8ead078	reused
libreoffice_impress/358aa0a7-6677-453f-ae35-e440f004c31e/note-taking-strategies.file	1661534	9928b7d3de0cf049a5c7b23c8d81c48287478b3ec82d49aa59a9ec404cc1a23c	9928b7d3de0cf049a5c7b23c8d81c48287478b3ec82d49aa59a9ec404cc1a23c	reused
libreoffice_impress/358aa0a7-6677-453f-ae35-e440f004c31e/note-taking-strategies_Gold.pptx	1661784	1cb8cc967e80bd2fcfa1fccb1fd421d3047893f7e0ba6b22328d3df2604eb9c8	1cb8cc967e80bd2fcfa1fccb1fd421d3047893f7e0ba6b22328d3df2604eb9c8	reused
libreoffice_impress/39be0d19-634d-4475-8768-09c130f5425d/41_3.pptx	332248	eb02ccbbf5f1c6f706663c1594077b25e8bfc2bafa2c0364e914345b105bc77a	eb02ccbbf5f1c6f706663c1594077b25e8bfc2bafa2c0364e914345b105bc77a	reused
libreoffice_impress/39be0d19-634d-4475-8768-09c130f5425d/41_3_Gold.pptx	352420	c57098ee35a09b993d5d6a245e8f5e5f6cbca38ee7e1804eee4b33fa9b4e8bc0	c57098ee35a09b993d5d6a245e8f5e5f6cbca38ee7e1804eee4b33fa9b4e8bc0	reused
libreoffice_impress/3b27600c-3668-4abd-8f84-7bcdebbccbdb/lec17-gui-events.pptx	102127	97439c9e711e67ad20a4223916c7f47e4ff8000b30d442035c9fe0eae4f14f76	97439c9e711e67ad20a4223916c7f47e4ff8000b30d442035c9fe0eae4f14f76	reused
libreoffice_impress/455d3c66-7dc6-4537-a39a-36d3e9119df7/wssf-project-plan-on-a-page.png	166058	b949aca882814b35f09725681d0f362d437b8ab0b4649463907b5d1cb9785621	b949aca882814b35f09725681d0f362d437b8ab0b4649463907b5d1cb9785621	reused
libreoffice_impress/455d3c66-7dc6-4537-a39a-36d3e9119df7/wssf-project-plan-on-a-page.pptx	67805	a4d6763abd0b629d247ccf3da312255977e72ab29c19613ed746ada68222c38f	-	reused
libreoffice_impress/4ed5abd0-8b5d-47bd-839f-cacfa15ca37a/4_1.pptx	2663926	06e8211fd5386b02c902c19657557e38b42fcc533619203b231cccb4bb8eceec	06e8211fd5386b02c902c19657557e38b42fcc533619203b231cccb4bb8eceec	reused
libreoffice_impress/4ed5abd0-8b5d-47bd-839f-cacfa15ca37a/4_1_Gold.pptx	2664416	8666df17c4cfd922363ba457e82d77cb04748323fdd513eb56a44c8985ad3d70	8666df17c4cfd922363ba457e82d77cb04748323fdd513eb56a44c8985ad3d70	reused
libreoffice_impress/4ed5abd0-8b5d-47bd-839f-cacfa15ca37a/4_1_Gold_all_fonts.pptx	2664424	ebdd999475f422f83b1381a9b3a46a97c54b759e9e77f600277abafa9a90d0aa	ebdd999475f422f83b1381a9b3a46a97c54b759e9e77f600277abafa9a90d0aa	reused
libreoffice_impress/550ce7e7-747b-495f-b122-acdc4d0b8e54/New_Club_Spring_2018_Training.data	168672	676f878effc61b0b29075ac43114266c956afce6ed210f6c957bdc96fffae5dd	676f878effc61b0b29075ac43114266c956afce6ed210f6c957bdc96fffae5dd	reused
libreoffice_impress/550ce7e7-747b-495f-b122-acdc4d0b8e54/New_Club_Spring_2018_Training_Gold_all_fonts_1.pptx	189690	7f11fe1048a41bd4391d9aa4d0c48f7f98310d86e640eb369b8983ee1b62afaf	7f11fe1048a41bd4391d9aa4d0c48f7f98310d86e640eb369b8983ee1b62afaf	reused
libreoffice_impress/550ce7e7-747b-495f-b122-acdc4d0b8e54/New_Club_Spring_2018_Training_with_strike.data	168787	8382628642c922dc8a092ccb42f1a2958e9ca9b699bfe5c509a280111a0a11a4	8382628642c922dc8a092ccb42f1a2958e9ca9b699bfe5c509a280111a0a11a4	reused
libreoffice_impress/57667013-ea97-417c-9dce-2713091e6e2a/1_2.pptx	3743796	94e039afca1b6088d72158aa16b8222c8a1fef0d48926c971cf6f420e7db56c5	94e039afca1b6088d72158aa16b8222c8a1fef0d48926c971cf6f420e7db56c5	reused
libreoffice_impress/57667013-ea97-417c-9dce-2713091e6e2a/1_2_Gold.pptx	3743774	044404e5fa3f579697a9c6cd611f4408cf2e793a6e1f07e712ed9bc29e0accdc	044404e5fa3f579697a9c6cd611f4408cf2e793a6e1f07e712ed9bc29e0accdc	reused
libreoffice_impress/57667013-ea97-417c-9dce-2713091e6e2a/1_2_Gold_all_fonts.pptx	3743784	7d34ec549cb31e5d80982b94dcbc6d9f81a200920390c319f8fa3a0d8be71d49	7d34ec549cb31e5d80982b94dcbc6d9f81a200920390c319f8fa3a0d8be71d49	reused
libreoffice_impress/5c1a6c3d-c1b3-47cb-9b01-8d1b7544ffa1/39_2.pptx	3865510	731e79b5e13883c2878015d34b28fb7746f1b6aa15fb9db16116c9ba60ec8013	731e79b5e13883c2878015d34b28fb7746f1b6aa15fb9db16116c9ba60ec8013	reused
libreoffice_impress/5c1a6c3d-c1b3-47cb-9b01-8d1b7544ffa1/39_2_Gold.pptx	3865545	2e3923a87fc401dd2aec39f720396a8d351a968fccb109cf546bae5ea1c509e4	2e3923a87fc401dd2aec39f720396a8d351a968fccb109cf546bae5ea1c509e4	reused
libreoffice_impress/5c1a6c3d-c1b3-47cb-9b01-8d1b7544ffa1/39_2_Gold_all_fonts.pptx	3865542	8282d0a0e8c378aae17968fb9387c66950d5fc28dee2603c59666e8842211cdb	8282d0a0e8c378aae17968fb9387c66950d5fc28dee2603c59666e8842211cdb	reused
libreoffice_impress/5cfb9197-e72b-454b-900e-c06b0c802b40/33_1.pptx	924819	5c65149ef9a50d76862812b1b445c8923c92122bbf603afc854451ad07cf4c9c	5c65149ef9a50d76862812b1b445c8923c92122bbf603afc854451ad07cf4c9c	reused
libreoffice_impress/5cfb9197-e72b-454b-900e-c06b0c802b40/33_1_Gold.pptx	925010	1f9e0cf50c027d6a632d6509469ccb5f81b3fa0fe3458f4c8a9bd01d07be4084	1f9e0cf50c027d6a632d6509469ccb5f81b3fa0fe3458f4c8a9bd01d07be4084	reused
libreoffice_impress/5cfb9197-e72b-454b-900e-c06b0c802b40/33_1_Gold_all_fonts.pptx	925000	e8326da78d9b9195dd0b1db43b88de34b270fedeb12d6f92862266d2753dd669	e8326da78d9b9195dd0b1db43b88de34b270fedeb12d6f92862266d2753dd669	reused
libreoffice_impress/5d901039-a89c-4bfb-967b-bf66f4df075e/CPD_Background_Investigation_Process.pptx	4564224	2f7644c666168178f7017b3fa47ba2f3c15bda2ae33740d11d9817169b7e469d	2f7644c666168178f7017b3fa47ba2f3c15bda2ae33740d11d9817169b7e469d	reused
libreoffice_impress/70bca0cc-c117-427e-b0be-4df7299ebeb6/71_6.pptx	318768	9a7345e1fa80d38659414aed0fc3b4d488fdd944d607a66c44a4b78d5bcbd684	9a7345e1fa80d38659414aed0fc3b4d488fdd944d607a66c44a4b78d5bcbd684	reused
libreoffice_impress/70bca0cc-c117-427e-b0be-4df7299ebeb6/71_6_Gold.pptx	318792	c03add028e17f4d8105990a34cf281807103f972e4fa2d59ad1cd377ee1712b4	c03add028e17f4d8105990a34cf281807103f972e4fa2d59ad1cd377ee1712b4	reused
libreoffice_impress/73c99fb9-f828-43ce-b87a-01dc07faa224/109_4.pptx	26055	7fe366f2e8115d3a92b027451dca5f698bd21be7320713faab1551b699075d22	-	reused
libreoffice_impress/73c99fb9-f828-43ce-b87a-01dc07faa224/109_4_Gold.pptx	26126	c3ad336465816e5dcb54c39941977129cece440b2c151b9cc937aada6f1caf10	-	reused
libreoffice_impress/7ae48c60-f143-4119-b659-15b8f485eb9a/30_1.pptx	3512587	0bcf7b2da2eb4f202f87d4627a939dcbc8a07708317364a8b6dc940dafb1ef6a	0bcf7b2da2eb4f202f87d4627a939dcbc8a07708317364a8b6dc940dafb1ef6a	reused
libreoffice_impress/7ae48c60-f143-4119-b659-15b8f485eb9a/30_1_Gold.pptx	3512241	48e52b17eaddff77774b87b358441e94f65ab40c3b019257d7676406ffa67306	48e52b17eaddff77774b87b358441e94f65ab40c3b019257d7676406ffa67306	reused
libreoffice_impress/7ae48c60-f143-4119-b659-15b8f485eb9a/30_1_Gold_all_fonts.pptx	3512233	f1b38d0e34ba4fd46fc02488512de15f8512ddc7c726d7cf7a19326d4b20bc71	f1b38d0e34ba4fd46fc02488512de15f8512ddc7c726d7cf7a19326d4b20bc71	reused
libreoffice_impress/7dbc52a6-11e0-4c9a-a2cb-1e36cfda80d8/164_3.pptx	318645	54795256cccce007a440d43f71790722005000c29179a6f9b94f3efb608d2b25	54795256cccce007a440d43f71790722005000c29179a6f9b94f3efb608d2b25	reused
libreoffice_impress/7dbc52a6-11e0-4c9a-a2cb-1e36cfda80d8/164_3_Gold.pptx	322729	88ca4faeba471adc66b4516a04747e8ccd595f780c43cc92981e3b896b9ebd72	88ca4faeba471adc66b4516a04747e8ccd595f780c43cc92981e3b896b9ebd72	reused
libreoffice_impress/841b50aa-df53-47bd-a73a-22d3a9f73160/181_2.pptx	24556	3fbf86fae1ab28a8cec5a3193e788c65702f971a955eb0c9179e8c5c8eb2a3a7	-	reused
libreoffice_impress/841b50aa-df53-47bd-a73a-22d3a9f73160/181_2_Gold.pptx	28656	3272fd897b54b1ea758177aa663ef22dea832a370633c036f58a59933db03f85	-	reused
libreoffice_impress/8979838c-54a5-4454-a2b8-3d135a1a5c8f/186_3.pptx	317010	2ada7eadb4250532b93db461592235b85c51e978c04676584b370f34f225ab4e	2ada7eadb4250532b93db461592235b85c51e978c04676584b370f34f225ab4e	reused
libreoffice_impress/8979838c-54a5-4454-a2b8-3d135a1a5c8f/186_3_Gold.pptx	321568	b740d0a1c438bfbfeacbb849465b290e3f9dd50369c8c364466198634ddb6313	b740d0a1c438bfbfeacbb849465b290e3f9dd50369c8c364466198634ddb6313	reused
libreoffice_impress/986fc832-6af2-417c-8845-9272b3a1528b/154_3.pptx	24368	5ea88b468b11c3d4171b76eb614adf780b8aaf40b9dd0625930225e2fd399ccd	-	reused
libreoffice_impress/986fc832-6af2-417c-8845-9272b3a1528b/154_3_Gold.pptx	27589	8b8f42587cf9c6a94b8f0f4cbdae9c97dc8c57c00b3f3f87decbf966d394ed12	-	reused
libreoffice_impress/9cf05d24-6bd9-4dae-8967-f67d88f5d38a/214_9.pptx	320403	60e215c7535332de2cf1fbb768f582cb079e75a679088ae70843cbacb191a5b8	60e215c7535332de2cf1fbb768f582cb079e75a679088ae70843cbacb191a5b8	reused
libreoffice_impress/9cf05d24-6bd9-4dae-8967-f67d88f5d38a/214_9_Gold.pptx	320449	b488a14a43ee197b35d66dd4ec9e825dcfd0ab314849b548d00d1c8b92f7b0aa	b488a14a43ee197b35d66dd4ec9e825dcfd0ab314849b548d00d1c8b92f7b0aa	reused
libreoffice_impress/9ec204e4-f0a3-42f8-8458-b772a6797cab/MLA_Workshop_061X_Works_Cited.pptx	595572	15c5875d7731c3459a2b54e0934a53770e8c84fd206917ad280001bd821ff008	15c5875d7731c3459a2b54e0934a53770e8c84fd206917ad280001bd821ff008	reused
libreoffice_impress/9ec204e4-f0a3-42f8-8458-b772a6797cab/MLA_Workshop_061X_Works_Cited_Gold.pptx	541898	6daa100c3a05934ab8c95f754612cf2edf614e5360ae86e2d20d563353d450f7	6daa100c3a05934ab8c95f754612cf2edf614e5360ae86e2d20d563353d450f7	reused
libreoffice_impress/9ec204e4-f0a3-42f8-8458-b772a6797cab/MLA_Workshop_061X_Works_Cited_Gold_all_fonts.pptx	562030	62f078588df2e73a3e84644f2859db142b87b080b5ea19a10f8064ca8ce2753b	62f078588df2e73a3e84644f2859db142b87b080b5ea19a10f8064ca8ce2753b	reused
libreoffice_impress/a097acff-6266-4291-9fbd-137af7ecd439/Secrets-of-Monetizing-Video.pptx	3615321	73621e64dcfbcf2c19d465c2726701f7e1b3445e6154ee795994a2e098d7d047	73621e64dcfbcf2c19d465c2726701f7e1b3445e6154ee795994a2e098d7d047	reused
libreoffice_impress/a434992a-89df-4577-925c-0c58b747f0f4/16_2.pptx	24418	63093912c1dc5da7cf0bc6b7fca084f91796092ab5a9f2e83de82451be87ed55	-	reused
libreoffice_impress/a434992a-89df-4577-925c-0c58b747f0f4/16_2_Gold.pptx	24008	60573eb1490cf7c9952b6adf61b96b338ddbd18977df6a352cf91edbdf8f7616	-	reused
libreoffice_impress/a53f80cd-4a90-4490-8310-097b011433f6/21_0.pptx	12807433	ad783898cd02f817ddc9628718d8ac3a4a323a56db88bf7862d1390a2ae9ca5a	ad783898cd02f817ddc9628718d8ac3a4a323a56db88bf7862d1390a2ae9ca5a	reused
libreoffice_impress/a53f80cd-4a90-4490-8310-097b011433f6/21_0_Gold.pptx	9929606	dec4e7f1337adac36e9f7cc977513c40829ba7483254830dc142301ec06daadb	dec4e7f1337adac36e9f7cc977513c40829ba7483254830dc142301ec06daadb	reused
libreoffice_impress/a53f80cd-4a90-4490-8310-097b011433f6/21_0_Gold_all_fonts_3.pptx	9929661	8fabaeb3d0f4208f823391a69d8022447d4f62997d6f076cbd040089c642c859	8fabaeb3d0f4208f823391a69d8022447d4f62997d6f076cbd040089c642c859	reused
libreoffice_impress/a669ef01-ded5-4099-9ea9-25e99b569840/Writing-Outlines.pptx	1079091	d9aa9dbb713d739ca75623949a8b8b846610746dc24ecc0609011e456a7f4ccb	d9aa9dbb713d739ca75623949a8b8b846610746dc24ecc0609011e456a7f4ccb	reused
libreoffice_impress/ac1b39ff-ee4d-4483-abce-c117e98942f0/55_10.pptx	320636	544ebdcebfcd8e2580e68a006650063cff7fd0bf080f24f5c8f2004b8a6a9a43	544ebdcebfcd8e2580e68a006650063cff7fd0bf080f24f5c8f2004b8a6a9a43	reused
libreoffice_impress/ac1b39ff-ee4d-4483-abce-c117e98942f0/55_10_Original.pptx	320684	479dbd765e14824d5b4efcbdc30206c159c3619a32c9e2344b44e464a2e22d63	479dbd765e14824d5b4efcbdc30206c159c3619a32c9e2344b44e464a2e22d63	reused
libreoffice_impress/ac9bb6cb-1888-43ab-81e4-a98a547918cd/saa-format-guide.pptx	670028	edd9fc166f619bc7534ea1a5f6d8d10c365015ea2a022c8259e11965212a729c	edd9fc166f619bc7534ea1a5f6d8d10c365015ea2a022c8259e11965212a729c	reused
libreoffice_impress/af23762e-2bfd-4a1d-aada-20fa8de9ce07/Forests.pptx	2834119	6e419bdad3125280c829383cce1da1fa248081f5f6ed6a18e1890a11d4b48e10	6e419bdad3125280c829383cce1da1fa248081f5f6ed6a18e1890a11d4b48e10	reused
libreoffice_impress/af23762e-2bfd-4a1d-aada-20fa8de9ce07/Forests_Gold.pptx	2760692	71fb1493917c1f147d93a50923ec06eebfb6d2c8ad2beb79056a7a4bd86ed482	71fb1493917c1f147d93a50923ec06eebfb6d2c8ad2beb79056a7a4bd86ed482	reused
libreoffice_impress/af2d657a-e6b3-4c6a-9f67-9e3ed015974c/9_1.pptx	30340	af0ba4350a65bb9c0529f3f7489d8de7153325b46ecfcff0c7844290d7b8d9bc	-	reused
libreoffice_impress/af2d657a-e6b3-4c6a-9f67-9e3ed015974c/9_1_Gold.pptx	30518	287d5fba662f5eb531b7fd10f97d1c892f10cb4b7035c7161d2ca59bacdc3822	-	reused
libreoffice_impress/b8adbc24-cef2-4b15-99d5-ecbe7ff445eb/189_4.pptx	322049	fe492d73a833ce61dc6342037c2fb34aa1494058a2136ca14ca68414560814fa	fe492d73a833ce61dc6342037c2fb34aa1494058a2136ca14ca68414560814fa	reused
libreoffice_impress/b8adbc24-cef2-4b15-99d5-ecbe7ff445eb/189_4_Gold.pptx	318728	deffb7f4b4f7c39b609292469ab395a6f3970724d7704def982830bf7e4744b0	deffb7f4b4f7c39b609292469ab395a6f3970724d7704def982830bf7e4744b0	reused
libreoffice_impress/bf4e9888-f10f-47af-8dba-76413038b73c/4.3-Template_4.29.2016.pptx	23577	f8aafd10d06413f62c9b0a2cc9829311cad1bd7b532af6a95af3299ee754f206	-	reused
libreoffice_impress/bf4e9888-f10f-47af-8dba-76413038b73c/4.3-Template_4.29.2016_Gold.pptx	2401276	eef477faec48e2c9067092410d0f3560dccdd7f3509cc0fd5211a330f0ef08cc	eef477faec48e2c9067092410d0f3560dccdd7f3509cc0fd5211a330f0ef08cc	reused
libreoffice_impress/bf4e9888-f10f-47af-8dba-76413038b73c/pic1.png	665334	74d65fc57740264c7490318e2e2696eb8f681645755169cd607e189a048bda71	74d65fc57740264c7490318e2e2696eb8f681645755169cd607e189a048bda71	reused
libreoffice_impress/bf4e9888-f10f-47af-8dba-76413038b73c/pic2.png	22560	5e51e20a87a96df79e767131cf3cd61e9cf79e8c327073bb7c06eb598e8db6c1	5e51e20a87a96df79e767131cf3cd61e9cf79e8c327073bb7c06eb598e8db6c1	reused
libreoffice_impress/bf4e9888-f10f-47af-8dba-76413038b73c/pic3.png	17850	279df468773204169e12044d096a26f54b9cdf3c5c6e84c63176d5e32c2ffa88	279df468773204169e12044d096a26f54b9cdf3c5c6e84c63176d5e32c2ffa88	reused
libreoffice_impress/bf4e9888-f10f-47af-8dba-76413038b73c/pic4.png	474564	154b9f093efdb1bdd11bb17b20e6608198b3350e2b2aace67d3cc80901eb9ee1	154b9f093efdb1bdd11bb17b20e6608198b3350e2b2aace67d3cc80901eb9ee1	reused
libreoffice_impress/bf4e9888-f10f-47af-8dba-76413038b73c/pic5.png	480838	f158d4dbf9665b54203887b3b0a97d7fbfb2eebcffd078276223deb0170c9ec9	f158d4dbf9665b54203887b3b0a97d7fbfb2eebcffd078276223deb0170c9ec9	reused
libreoffice_impress/bf4e9888-f10f-47af-8dba-76413038b73c/pic6.png	722299	bb4728b23f6f5ca2a1e3c7eb46816ad9ba97be2f7f44aaa2a35d0b63db79dca1	bb4728b23f6f5ca2a1e3c7eb46816ad9ba97be2f7f44aaa2a35d0b63db79dca1	reused
libreoffice_impress/c59742c0-4323-4b9d-8a02-723c251deaa0/Baseball.mp3	7322686	1fb0c8d29000f43258714dde1eb9aa06d22f224f5516b255022b1d9ad67e62b6	1fb0c8d29000f43258714dde1eb9aa06d22f224f5516b255022b1d9ad67e62b6	reused
libreoffice_impress/c59742c0-4323-4b9d-8a02-723c251deaa0/Mady_and_Mia_Baseball.pptx	78158	7b729ff38799796bb73e412a435f2b97039e871ffd5bad8682bf1ad7a6227fe4	-	reused
libreoffice_impress/c82632a4-56b6-4db4-9dd1-3820ee3388e4/31_2.pptx	25655	22a6e170a2bedded3118939afd829f61f4bc08d50d572753315572b70b03d691	-	reused
libreoffice_impress/c82632a4-56b6-4db4-9dd1-3820ee3388e4/31_2_Gold.pptx	318843	89ff6e98b97229b3063a0a2f7cc1a51dd0171da2aa0ce251ddb2c872e0d8618e	89ff6e98b97229b3063a0a2f7cc1a51dd0171da2aa0ce251ddb2c872e0d8618e	reused
libreoffice_impress/c82632a4-56b6-4db4-9dd1-3820ee3388e4/none.png	292818	c2a40433f387436cf6b91738e84b03aba50975b9f0dbfccc5fff01bffc49345a	c2a40433f387436cf6b91738e84b03aba50975b9f0dbfccc5fff01bffc49345a	reused
libreoffice_impress/ce88f674-ab7a-43da-9201-468d38539e4a/AM_Last_Page_Template.pptx	42610	c5945a6b459e337e984fe20cd653527f544acc5ee5784802386fb07198d6c4ac	-	reused
libreoffice_impress/e4ef0baf-4b52-4590-a47e-d4d464cca2d7/42_2.pptx	9954020	01c26359cd9c6eb7c23dea21b55fb9f1557da8b7d437c1c8ece74bab1e8da1e3	01c26359cd9c6eb7c23dea21b55fb9f1557da8b7d437c1c8ece74bab1e8da1e3	reused
libreoffice_impress/e4ef0baf-4b52-4590-a47e-d4d464cca2d7/42_2_Gold.pptx	9954165	0268f7595f68149367861e1881df500030e0e14b1e964f2c34825574b1ff58d3	0268f7595f68149367861e1881df500030e0e14b1e964f2c34825574b1ff58d3	reused
libreoffice_impress/e4ef0baf-4b52-4590-a47e-d4d464cca2d7/42_2_Gold_all_fonts.pptx	9954162	a10c17a52af16276e90a0974f9e4acb09b33ff98681d0deba74ff341fbeb01c3	a10c17a52af16276e90a0974f9e4acb09b33ff98681d0deba74ff341fbeb01c3	reused
libreoffice_impress/ed43c15f-00cb-4054-9c95-62c880865d68/43_1.pptx	444551	d83184b6503d9ee484dc80064cf293a6210a2778af188efd04312abeb5df1e2e	d83184b6503d9ee484dc80064cf293a6210a2778af188efd04312abeb5df1e2e	reused
libreoffice_impress/ed43c15f-00cb-4054-9c95-62c880865d68/43_1_Gold.pptx	444541	df7ff61e7a821f6fa650a38fc317c92002413b42c400d7958ba454d9f0c0622b	df7ff61e7a821f6fa650a38fc317c92002413b42c400d7958ba454d9f0c0622b	reused
libreoffice_impress/edb61b14-a854-4bf5-a075-c8075c11293a/24_8.pptx	324143	5b9ca291664615d8344293cdfba2fc5b9dfa472c0b3ac9afa3bb12475e4be546	5b9ca291664615d8344293cdfba2fc5b9dfa472c0b3ac9afa3bb12475e4be546	reused
libreoffice_impress/edb61b14-a854-4bf5-a075-c8075c11293a/24_8_Gold.pptx	324629	75b698d4e35c4fd91c7399210cfe448bdfb340471a12c8c0b133bcf70a600d88	75b698d4e35c4fd91c7399210cfe448bdfb340471a12c8c0b133bcf70a600d88	reused
libreoffice_impress/f23acfd2-c485-4b7c-a1e7-d4303ddfe864/69_4.pptx	23998	c443ffe641805559b1ac6e97882a1ae68cd337ac453554c8da44532d9d7b8fbb	-	reused
libreoffice_impress/f23acfd2-c485-4b7c-a1e7-d4303ddfe864/69_4_Gold.pptx	39707	8c2c59c6197c5baf7c9d8c21a4c33df87df42001f737767238153907b3d285b8	-	reused
libreoffice_impress/f23acfd2-c485-4b7c-a1e7-d4303ddfe864/69_4_Gold2.pptx	24084	75753bd096a73270ea973be446f3c99c0574436950143dc8b48cb1b326dfa21d	-	reused
libreoffice_impress/f23acfd2-c485-4b7c-a1e7-d4303ddfe864/69_4_Gold_all_fonts_1.pptx	24087	7ffd6854a73d33487e70368c1591d9feac62e8d53e13464e6b60815c89fc50fd	-	reused
libreoffice_impress/f23acfd2-c485-4b7c-a1e7-d4303ddfe864/69_4_Gold_all_fonts_2.pptx	24087	8808b3cf70fe14da104490c84e0da424b30fef0b5dec8fcfac7d90e79307a267	-	reused
libreoffice_writer/0810415c-bde4-4443-9047-d5f70165a697/Novels_Intro_Packet.docx	11734	9e615941ced6d491c595f9904d50213c6b6447a8bc6391f052d3745104ded5ed	-	reused
libreoffice_writer/0810415c-bde4-4443-9047-d5f70165a697/Novels_Intro_Packet_Gold.docx	12066	fe7f236ee2810829b29a119fb37d6ad08520594a36827076eeb62e7a7b0c66e8	-	reused
libreoffice_writer/0810415c-bde4-4443-9047-d5f70165a697/Novels_Intro_Packet_Gold_2.docx	12068	4452ed6553122a838536c66d2d561a4819b08d63f112b5b8e3c7f40173b6158b	-	reused
libreoffice_writer/0a0faba3-5580-44df-965d-f562a99b291c/04 CHIN9505 EBook Purchasing info 2021 Jan.docx	13163	efe354c69b84d33e87696922afb7b397a18167d19dbe8fabc64ff6931693f101	-	reused
libreoffice_writer/0a0faba3-5580-44df-965d-f562a99b291c/04 CHIN9505 EBook Purchasing info 2021 Jan_Gold.docx	9784	4f065eed64e18c6cf7b6194acc4ed25ee27e8982e889507fdfdf95aae223bee6	-	reused
libreoffice_writer/0b17a146-2934-46c7-8727-73ff6b6483e8/H2O_Factsheet_WA.docx	145259	d853fe6eb1d49cfe6c31108c587a23de239314608c7ca036e38291efc9461e11	d853fe6eb1d49cfe6c31108c587a23de239314608c7ca036e38291efc9461e11	reused
libreoffice_writer/0b17a146-2934-46c7-8727-73ff6b6483e8/H2O_Factsheet_WA_Gold.docx	147208	489dcf67cd13dc13a8e37152b6db1f4931e49030ba67aca47c573345ce9fdc00	489dcf67cd13dc13a8e37152b6db1f4931e49030ba67aca47c573345ce9fdc00	reused
libreoffice_writer/0e47de2a-32e0-456c-a366-8c607ef7a9d2/LibreOffice_Open_Source_Word_Processing.docx	789110	14bf1830fe564811f847eb688fc36ae5c64317481f7aaad7473965d035cd2b28	14bf1830fe564811f847eb688fc36ae5c64317481f7aaad7473965d035cd2b28	reused
libreoffice_writer/0e763496-b6bb-4508-a427-fad0b6c3e195/Dublin_Zoo_Intro.docx	11047	76d9039c2b6c86381cbcf1a87178c6c50bbcf9b1e3d651ddb6e9caa189988430	-	reused
libreoffice_writer/3ef2b351-8a84-4ff2-8724-d86eae9b842e/Constitution_Template_With_Guidelines.docx	15990	29c478b49fbc9f460ad4a9c4d1b23b71513167c118f0ed5fec3de98c28ba5251	-	reused
libreoffice_writer/4bcb1253-a636-4df4-8cb0-a35c04dfef31/View_Person_Organizational_Summary.docx	415460	7500009b2c15e5f3097a39dfc683ee34cc4f5bcd621c94fb4ceaa937d44cb9fc	7500009b2c15e5f3097a39dfc683ee34cc4f5bcd621c94fb4ceaa937d44cb9fc	reused
libreoffice_writer/4bcb1253-a636-4df4-8cb0-a35c04dfef31/View_Person_Organizational_Summary.pdf	300158	a476731ba8fbb81c14001e98e72aa3c77f83abef450f0baca9eaa47d515fe4ef	a476731ba8fbb81c14001e98e72aa3c77f83abef450f0baca9eaa47d515fe4ef	reused
libreoffice_writer/66399b0d-8fda-4618-95c4-bfc6191617e9/Table_Of_Work_Effort_Instructions.docx	10256	69550c72aca332f946ceb368fe369cca8ab611ad949c4142b971f9ef3ed42678	-	reused
libreoffice_writer/66399b0d-8fda-4618-95c4-bfc6191617e9/Table_Of_Work_Effort_Instructions_Gold.docx	10782	9a429e897a76892462970d8a15ed9dbb9ab26d29429bdde98c72dcbcaa28e672	-	reused
libreoffice_writer/6a33f9b9-0a56-4844-9c3f-96ec3ffb3ba2/sample-recruitment-phone-script.odt	41925	83c59a66298ef427ac33128b396ad56aea09a352be10e3b1bbbc7859597b43d3	-	reused
libreoffice_writer/6a33f9b9-0a56-4844-9c3f-96ec3ffb3ba2/sample-recruitment-phone-script_Gold.odt	41620	a2bbb4d2c48cffb539511301d84ac8aef95100e977f681119f219215860e1c2d	-	reused
libreoffice_writer/6ada715d-3aae-4a32-a6a7-429b2e43fb93/1.png	63177	855529ac2cde75a8ab86c32da7885cd1cc8c9ffdba5917cb2a3885588011beea	855529ac2cde75a8ab86c32da7885cd1cc8c9ffdba5917cb2a3885588011beea	reused
libreoffice_writer/6ada715d-3aae-4a32-a6a7-429b2e43fb93/Viewing_Your_Class_Schedule_and_Textbooks.docx	33149	0c6f7d71a3472c73eb68ba0297c76ec66cc258edd58a57eec71a8da6d8ae612d	-	reused
libreoffice_writer/6ada715d-3aae-4a32-a6a7-429b2e43fb93/Viewing_Your_Class_Schedule_and_Textbooks_Gold.docx	96367	4c00616bf875d84bbd9d3a141dc1882f274235db820279210037698e99ab3425	-	reused
libreoffice_writer/6f81754e-285d-4ce0-b59e-af7edb02d108/HK_train_record.docx	8642	2fa349ad07260342f07d632ef5125cb3f501b0e13d2181bb9944f33c96e4e1e4	-	reused
libreoffice_writer/6f81754e-285d-4ce0-b59e-af7edb02d108/HK_train_record_Gold.docx	7439	72c21465139b7d33726585930bc6f1e65670010d3a4b60486fee364e92cac31f	-	downloaded
libreoffice_writer/72b810ef-4156-4d09-8f08-a0cf57e7cefe/GEOG2169_Course_Outline_2022-23.docx	10953	6c960a6d9e4983b410eb3e27b610b1569649a20c5b470116e3db52ca9220dd50	-	reused
libreoffice_writer/72b810ef-4156-4d09-8f08-a0cf57e7cefe/GEOG2169_Course_Outline_2022-23_Gold.docx	11384	b914fe1c978cdfbe7830b14f7aff45da37f3dc7f1c96cfe2e39ca7f08ef50a21	-	reused
libreoffice_writer/8472fece-c7dd-4241-8d65-9b3cd1a0b568/Dolch_Sight_Words_Primer.docx	14949	b60e48bcb34463803fad16fb8d3a1fbe34d9353237ab8a8e5cb096d4b594e283	-	reused
libreoffice_writer/8472fece-c7dd-4241-8d65-9b3cd1a0b568/Dolch_Sight_Words_Primer_Gold.docx	10779	ebf7f1ecaf513f9b8f116cdaa5c67ce0d9ec034526b55138f63d9168808bb2c0	-	reused
libreoffice_writer/88fe4b2d-3040-4c70-9a70-546a47764b48/CCCH9003_Tutorial_guidelines.docx	11120	b0753ca50e8806130c56d3cc3ec607ba58bb9cf2c77d3d384c71afb582a3bfce	b0753ca50e8806130c56d3cc3ec607ba58bb9cf2c77d3d384c71afb582a3bfce	reused
libreoffice_writer/88fe4b2d-3040-4c70-9a70-546a47764b48/CCCH9003_Tutorial_guidelines_Gold_1.docx	11811	5d649645b9f3298dfdcce5b2943f4be7314bb23bcdf70e37288db86f81852674	-	reused
libreoffice_writer/88fe4b2d-3040-4c70-9a70-546a47764b48/CCCH9003_Tutorial_guidelines_Gold_2.docx	11319	7a335b4d24d47ebb37db765899a193987506a8de62fd86ce5c741a072e642a33	-	reused
libreoffice_writer/88fe4b2d-3040-4c70-9a70-546a47764b48/CCCH9003_Tutorial_guidelines_Gold_3.docx	11285	98fb56cedd2e1f1a3e795d9645dd2a5f2af40568c693855825b53d2d7f65f023	-	reused
libreoffice_writer/88fe4b2d-3040-4c70-9a70-546a47764b48/CCCH9003_Tutorial_guidelines_Gold_4.docx	11253	1b4b3e83d3bac2af3506b19e72f857c30dc21d0b6cac9efca2edfe2584e76cd9	-	reused
libreoffice_writer/936321ce-5236-426a-9a20-e0e3c5dc536f/Graphemes_Sound_Letter_Patterns.docx	68195	c66b6d7bf814e71acd4777353b7be5eca1c9735dc9f510fa61993d78aef492ca	-	reused
libreoffice_writer/936321ce-5236-426a-9a20-e0e3c5dc536f/Graphemes_Sound_Letter_Patterns_Gold.docx	130031	1fb8ea4bb0abe1d84544fa3c02e8715e6e3936853c3b160a6fb2087f909ab07f	1fb8ea4bb0abe1d84544fa3c02e8715e6e3936853c3b160a6fb2087f909ab07f	reused
libreoffice_writer/936321ce-5236-426a-9a20-e0e3c5dc536f/Graphemes_Sound_Letter_Patterns_Gold_2.docx	67205	7f45629b927425f3a1889672ade24391d09e37a535f70052f72bf5bb9a624c18	-	reused
libreoffice_writer/adf5e2c3-64c7-4644-b7b6-d2f0167927e7/Essay_Writing_English_for_uni.docx	16721	245f3064d64dead11e37b341ca5ab42e4435c6ac63ad0fe14c3f7513a37e249a	-	reused
libreoffice_writer/adf5e2c3-64c7-4644-b7b6-d2f0167927e7/Essay_Writing_English_for_uni_Gold.docx	18244	1ae0d141428acee7fd1221d9f7cc0cfcbb50316bc5998ae4bd7ba8842ddec05b	-	reused
libreoffice_writer/b21acd93-60fd-4127-8a43-2f5178f4a830/CCHU9045_Course_Outline_2019-20.docx	7446	f58ab6dfb76fa597fe8d2962838d01aa15b060bdd8c4981b02777a0faa3dc252	-	reused
libreoffice_writer/b21acd93-60fd-4127-8a43-2f5178f4a830/CCHU9045_Course_Outline_2019-20_Gold.docx	7452	2b8928f1146977d06fee2981d9d22f2b13781c7add4176fa855dbc0c94a93062	-	reused
libreoffice_writer/d53ff5ee-3b1a-431e-b2be-30ed2673079b/presentation_instruction_2023_Feb.docx	7660	26932140b262b8886b42d82e3a8acd1e48a4c9c97abe803791e9cf1ab10d3ce8	-	reused
libreoffice_writer/d53ff5ee-3b1a-431e-b2be-30ed2673079b/presentation_instruction_2023_Feb_Gold.docx	8773	4bf3cec92ae61e1263f4bd54131c03ec90f6dbc8f70159a3a1fdc6be10cfc19a	-	reused
libreoffice_writer/e246f6d8-78d7-44ac-b668-fcf47946cb50/Y22-2119-assign4.docx	196107	51b35873bde4e9041a5e7557e52685db5fc92a8244c87bf65dbc0b19f3cd81f1	51b35873bde4e9041a5e7557e52685db5fc92a8244c87bf65dbc0b19f3cd81f1	reused
libreoffice_writer/e246f6d8-78d7-44ac-b668-fcf47946cb50/Y22-2119-assign4_Gold.docx	196108	48ac677346bd818af4f90d77b0947b30b91c0627883fcc31902c1edd94bcc7f9	48ac677346bd818af4f90d77b0947b30b91c0627883fcc31902c1edd94bcc7f9	reused
libreoffice_writer/e528b65e-1107-4b8c-8988-490e4fece599/Geography_And_Magical_Realism.docx	9143	b7a84074837e33be184bac095e0c6824bd818a79791c3358ef2cdcd352f046b4	-	reused
libreoffice_writer/e528b65e-1107-4b8c-8988-490e4fece599/Geography_And_Magical_Realism_Gold.docx	9144	6b2a1968cd8ba4a91ebf122d11a6168ffdc9fec314e1641b8f635fe7644ad74b	-	reused
libreoffice_writer/ecc2413d-8a48-416e-a3a2-d30106ca36cb/Sample_Statutory_Declaration.docx	298375	82f131afdd70eff51751bdb433846f9fcd62728c5293bec7c962836eab7ec2db	82f131afdd70eff51751bdb433846f9fcd62728c5293bec7c962836eab7ec2db	reused
libreoffice_writer/f178a4a9-d090-4b56-bc4c-4b72a61a035d/loa-one-time-submission-sealand.docx	26068	81c40f540211de5408329eae55e4409766f0fba09dbb4d7e640ac0e2f7669b47	-	reused
multi_apps/00fa164e-2612-4439-992e-157d019a8436/awe_desk_env.docx	6862	2ae26e2afb9f9ab618780d983846535a4ce7a9b9b1374f26b9ab9e60ce27dd79	-	reused
multi_apps/00fa164e-2612-4439-992e-157d019a8436/awe_desk_env_gt.docx	7816	994c061df9dd8aa011786b4ae8334ca2581058270634fae47583489e0fe6a64c	-	reused
multi_apps/00fa164e-2612-4439-992e-157d019a8436/results.xlsx	6068	88473ea825068267cc658179c9cdc83d6a61cd28226727d106ddeaabb3ccc15f	-	reused
multi_apps/02ce9a50-7af2-47ed-8596-af0c230501f8/top-10-linux-commands-for-newbies.docx	1211948	c7ff9a4ecda5d723f4024ef9b8db28f4821338520fecec8dc832e8f894c2f627	c7ff9a4ecda5d723f4024ef9b8db28f4821338520fecec8dc832e8f894c2f627	reused
multi_apps/09a37c51-e625-49f4-a514-20a773797a8a/ChMkKV8wsR6IBfEtABYfc0Tgu9cAAA1lQHO_78AFh-L733.jpg	32702	ff165113328d8491d5d9044e6f22e6e23cd4cef31025b0ce6bb5a7b353245ad4	ff165113328d8491d5d9044e6f22e6e23cd4cef31025b0ce6bb5a7b353245ad4	reused
multi_apps/09a37c51-e625-49f4-a514-20a773797a8a/pic.jpg	30393	61cd728e90b22b3c86692293f057077d77375a422cffdc25e4d69af8c85f1f73	61cd728e90b22b3c86692293f057077d77375a422cffdc25e4d69af8c85f1f73	reused
multi_apps/09a37c51-e625-49f4-a514-20a773797a8a/requirement.docx	4473	54aefeeabe2bac149663208ed6cf4a3435bd3c20effa7fbce79255ec378c1fe9	-	reused
multi_apps/185f29bd-5da0-40a6-b69c-ba7f4e0324ef/Employee Performance Evaluation Summary.xlsx	7433	bbf2d49b17b224a362b9656f35618f8fd1727af1edd5af3c8c0964e6e05b96ac	-	reused
multi_apps/185f29bd-5da0-40a6-b69c-ba7f4e0324ef/IC-Simple-Performance-Review-Template-10796_PDF.pdf	104052	ca2d3ff21eb1dd4af1a1cb0725ad660f96ce20052c7756ff20ea1051f7a316c8	ca2d3ff21eb1dd4af1a1cb0725ad660f96ce20052c7756ff20ea1051f7a316c8	reused
multi_apps/1f18aa87-af6f-41ef-9853-cdb8f32ebdea/Answer.docx	5490	3f11099a8cd8530384f3e166d8a1df2861c6e65caaced80a0af65319034d7f44	-	reused
multi_apps/1f18aa87-af6f-41ef-9853-cdb8f32ebdea/Answer_Gold.docx	5499	473d9114821599a12e85d20fbcaf1fee3343652e98d6cc9713e61f9c1adf9cef	-	reused
multi_apps/1f18aa87-af6f-41ef-9853-cdb8f32ebdea/Grammar test 2.docx	14026	be1d67a96abeb4acf18e5da65096012265c0e8984656a662a22ca74ae1d353cd	-	reused
multi_apps/1f18aa87-af6f-41ef-9853-cdb8f32ebdea/Grammer test 1.docx	13994	93723b8c1945bc35f107b0584b74260366facfabfff82e94cf7f5311b40a0540	-	reused
multi_apps/1f18aa87-af6f-41ef-9853-cdb8f32ebdea/Grammer test 3.docx	14108	1082be28dfff8dac1a339d89908c6e2a29a144090b357927d2b5bff342aca2b5	-	reused
multi_apps/20236825-b5df-46e7-89bf-62e1d640a897/Bubble_Sort_tutorial.docx	334681	1d0606484884271ba26990372502cf6c7c5031af0f8631137cc752cbc92f922d	1d0606484884271ba26990372502cf6c7c5031af0f8631137cc752cbc92f922d	reused
multi_apps/20236825-b5df-46e7-89bf-62e1d640a897/bubbleSort.zip	455	cfa765c126fad17527a41bb3e49e1d7acc656573a33c4b3b213d35ac438e6035	cfa765c126fad17527a41bb3e49e1d7acc656573a33c4b3b213d35ac438e6035	reused
multi_apps/20236825-b5df-46e7-89bf-62e1d640a897/res.txt	35	ca0bb079b261b9e24b0e5d6b8ac692832db8ed46735f4d6d62bca76ca7118cdd	-	reused
multi_apps/227d2f97-562b-4ccb-ae47-a5ec9e142fbb/QTdHniCqfJbBLJe3L3nijU-1200-80.xcf	1889435	e57d953be79675263f3b0f5a4e4363ba0bc99604c18b83ec35a213a32c0e065e	e57d953be79675263f3b0f5a4e4363ba0bc99604c18b83ec35a213a32c0e065e	reused
multi_apps/227d2f97-562b-4ccb-ae47-a5ec9e142fbb/image.docx	970920	4cc317091317d8b79068f1932dd2e0ca966200e41bb633790861facfca0779fc	4cc317091317d8b79068f1932dd2e0ca966200e41bb633790861facfca0779fc	reused
multi_apps/26150609-0da3-4a7d-8868-0faf9c5f01bb/food.py	622	5f110994a6d7ba0c6b0f8b219d3c0fc4f53372dde96b86c3bd6b8aa470c568de	-	reused
multi_apps/26150609-0da3-4a7d-8868-0faf9c5f01bb/main.py	936	8ccc39605033c5437e92c03d8d00415cae6ce268190a71a65a869098a834456e	-	reused
multi_apps/26150609-0da3-4a7d-8868-0faf9c5f01bb/settings.py	207	d0c0c50a54cb333ca9a7434bf53b03b96506c33c04fbc768195151b729170780	-	reused
multi_apps/26150609-0da3-4a7d-8868-0faf9c5f01bb/snake.py	1008	f01de3f82d9242ca88a13a53a57b1180708e4b9afa6807152e662ccaff7bac1b	-	reused
multi_apps/26150609-0da3-4a7d-8868-0faf9c5f01bb/test.py	939	1c591ee4650158f3970cca9ed524852fffa1ae2aa1a654aee4380075f8fa120b	-	downloaded
multi_apps/2c1ebcd7-9c6d-4c9a-afad-900e381ecd5e/Course Timetable.xlsx	10118	be24552315b6709a1eb8532439f05c6ff5e4376653fef1ba99bda231e9a8c9c3	-	reused
multi_apps/2c1ebcd7-9c6d-4c9a-afad-900e381ecd5e/Public Lecture Teaching Plan.docx	13987	68b07805dbb9859a705948903cc8efd6c6af28d86b35735c57385524bbbe2a3e	-	reused
multi_apps/2c1ebcd7-9c6d-4c9a-afad-900e381ecd5e/Zheng He .docx	22443	1cd5478b23ca18bf9f4711213fdfc2ab6f07412b5646a284247f38aa7d7a7ebc	-	reused
multi_apps/2c1ebcd7-9c6d-4c9a-afad-900e381ecd5e/case study.docx	16470	3f5c324a1cc3a42e6b39fe31434f1c14f3afcffe6b57f9d34baec193006e897b	-	reused
multi_apps/2c1ebcd7-9c6d-4c9a-afad-900e381ecd5e/cassie.docx	285893	ba92e595b3a2d2147e7fa2bda12d5eb439d4d703ec37262d7ddc15a8e6d65799	ba92e595b3a2d2147e7fa2bda12d5eb439d4d703ec37262d7ddc15a8e6d65799	reused
multi_apps/2c1ebcd7-9c6d-4c9a-afad-900e381ecd5e/csfsrules.pdf	262735	2ba19089498561dcdfb1255e0c5bd81aa1704dc4021cf518c094150d27fd3dfa	2ba19089498561dcdfb1255e0c5bd81aa1704dc4021cf518c094150d27fd3dfa	reused
multi_apps/2c1ebcd7-9c6d-4c9a-afad-900e381ecd5e/fragrules.pdf	351429	ca7dfa501f1deb9b08a3bf7e80e5dffb8c5f393c5e883c84b8a8cf40b9ad40b4	ca7dfa501f1deb9b08a3bf7e80e5dffb8c5f393c5e883c84b8a8cf40b9ad40b4	reused
multi_apps/2c1ebcd7-9c6d-4c9a-afad-900e381ecd5e/irregularrules01.pdf	418815	cf622918f45eb399a2159ab07c2f93a2919b49a9ab553549cf6c3f3d831b96ef	cf622918f45eb399a2159ab07c2f93a2919b49a9ab553549cf6c3f3d831b96ef	reused
multi_apps/2c1ebcd7-9c6d-4c9a-afad-900e381ecd5e/irregularrules02.pdf	247493	8bc8de47fda4dbf497eb63c14565fa6296dc5dcfe18dae5f052ee189738ca6e1	8bc8de47fda4dbf497eb63c14565fa6296dc5dcfe18dae5f052ee189738ca6e1	reused
multi_apps/2fe4b718-3bd7-46ec-bdce-b184f5653624/src.mp4	3114374	5e70b96ad27dc8581424be7069ee9de8da9388b716e6fe213d88385f19baf80a	5e70b96ad27dc8581424be7069ee9de8da9388b716e6fe213d88385f19baf80a	reused
multi_apps/2fe4b718-3bd7-46ec-bdce-b184f5653624/src_clip.gif	107097	9498200df29d9b53bfaa6f845c60025fab1ba42ce6fc030cf324bfe83bb763e1	9498200df29d9b53bfaa6f845c60025fab1ba42ce6fc030cf324bfe83bb763e1	reused
multi_apps/337d318b-aa07-4f4f-b763-89d9a2dd013f/Bank-Statement.pdf	122969	4c2fcda1e52bfd4e6d81d241f8a380aafcb5f6e735a7a9d77ea7e8fb62d7f4e7	4c2fcda1e52bfd4e6d81d241f8a380aafcb5f6e735a7a9d77ea7e8fb62d7f4e7	reused
multi_apps/337d318b-aa07-4f4f-b763-89d9a2dd013f/Invoice # 243729.pdf	15655	39c23a5792795583184c3694de5b0187d895e6ef75d2e2cbfbdd16b23f1c3594	-	reused
multi_apps/337d318b-aa07-4f4f-b763-89d9a2dd013f/Invoice # GES-20220215-82.pdf	42896	729939cc631fccecaed8a5583a9beee0971d8d01724afcca899627f7c9b98c6f	-	reused
multi_apps/337d318b-aa07-4f4f-b763-89d9a2dd013f/invoice TII-20220301-90.pdf	64410	6d116abe3eaac051dfe4f484ab5d3a5b1298601dc6026ffc1c683172463ebcb1	-	reused
multi_apps/3a93cae4-ad3e-403e-8c12-65303b271818/Course Timetable Gold 2.xlsx	19015	15f76c4d75bb14a5d34df9bad1ccf07e733537ea3fc5562089a9e9b657f7b67b	-	reused
multi_apps/3a93cae4-ad3e-403e-8c12-65303b271818/Course Timetable Gold 3.xlsx	19012	560b6988b5d62447844137ee2b2764ae397f9e97faa17a57f4b1aa212a7c45d0	-	reused
multi_apps/3a93cae4-ad3e-403e-8c12-65303b271818/Course Timetable Gold.xlsx	19006	dc2ef4bf25628503739be5dc86989145c13f0d09ea54f1c94228d4c734803e7f	-	reused
multi_apps/3a93cae4-ad3e-403e-8c12-65303b271818/Course Timetable.xlsx	18985	4f7d5cfa10edf0ea1d5af93aad32e00d7ce21461c1cc63632b0b6e99ee71072d	-	reused
multi_apps/415ef462-bed3-493a-ac36-ca8c6d23bf1b/Receipt-0123-4567.pdf	28421	2e68601ee2812206fe2619704c9f0aac929b631b6e322413d12c58d69ba0c36c	-	reused
multi_apps/415ef462-bed3-493a-ac36-ca8c6d23bf1b/invoice0123456789-2308.pdf	61782	5dcdb52ccc71ed241a5c8e5dbaeded0c4f04a55afb9a3bf016ccd482d6e3bbc0	-	reused
multi_apps/415ef462-bed3-493a-ac36-ca8c6d23bf1b/invoice0123456789-2309.pdf	60113	c7d46f7959877d7c2328dab589e50e78067835a4260f42c14c7c215eff64642d	-	reused
multi_apps/415ef462-bed3-493a-ac36-ca8c6d23bf1b/invoice0123456789-2310.pdf	60105	ef7f60c837150b49bb0a44b35491fb6750113ee27e64b7825899b1f1585122f2	-	reused
multi_apps/415ef462-bed3-493a-ac36-ca8c6d23bf1b/invoice0123456789-2311.pdf	60091	6c4e360ccf903d419ee81b490189aaa1c047699b82c5fd36c6f6d3193804e755	-	reused
multi_apps/415ef462-bed3-493a-ac36-ca8c6d23bf1b/invoice0123456789-2312.pdf	23369	db1e923997754a453688e60bcda8845a6bb2bb31e60d1997424633ce4e086983	-	downloaded
multi_apps/415ef462-bed3-493a-ac36-ca8c6d23bf1b/projects.tar.xz	3364	adadd814627cf0a9c70d2edd8a034b026decd2f89902498cc173378c33b6d7c2	adadd814627cf0a9c70d2edd8a034b026decd2f89902498cc173378c33b6d7c2	reused
multi_apps/415ef462-bed3-493a-ac36-ca8c6d23bf1b/tally_book.xlsx	5838	4eec560f126c0774ce891bf405f3a63de83e1005d41963f714b5ad2af7ff4a6f	-	reused
multi_apps/415ef462-bed3-493a-ac36-ca8c6d23bf1b/tally_book_gt.xlsx	6181	c4dd4c78d10d76197c7706be60ede45418ceadb5b99e561c2e49456aae6a74db	-	reused
multi_apps/415ef462-bed3-493a-ac36-ca8c6d23bf1b/thunderbird-profile.tar.gz	2125859	e8dd64f3b8c80a5a1b30561b2ed4e44b91dd0a98a836f69e2d9ba36661e01320	e8dd64f3b8c80a5a1b30561b2ed4e44b91dd0a98a836f69e2d9ba36661e01320	reused
multi_apps/47f7c0ce-a5fb-4100-a5e6-65cd0e7429e5/Robotic_Workshop_Infographics.pptx	381651	48860d92c6cd10e3492abad596fc15c5eb56a1d6d9508c886a75b8757bcad06d	48860d92c6cd10e3492abad596fc15c5eb56a1d6d9508c886a75b8757bcad06d	reused
multi_apps/47f7c0ce-a5fb-4100-a5e6-65cd0e7429e5/landscape.mp4	9362831	d39162e1d519e978261ad4ae824d4446f511936c80d5ce2e085cf617eae04c35	d39162e1d519e978261ad4ae824d4446f511936c80d5ce2e085cf617eae04c35	reused
multi_apps/47f7c0ce-a5fb-4100-a5e6-65cd0e7429e5/landscape.png	2479175	9eeaa986f3d51e85bc5c21c95f4674b7e0400616d5599d63de1320b0d11fdebe	9eeaa986f3d51e85bc5c21c95f4674b7e0400616d5599d63de1320b0d11fdebe	downloaded
multi_apps/4c26e3f3-3a14-4d86-b44a-d3cedebbb487/PPT-Template_widescreen.pptx	12570766	e625afeec91cd3f412e8df3859345b27ce7e1a415e5a40af29a7334f27645c4c	e625afeec91cd3f412e8df3859345b27ce7e1a415e5a40af29a7334f27645c4c	reused
multi_apps/4c26e3f3-3a14-4d86-b44a-d3cedebbb487/back.png	1906113	7e4c3e1c0ed66074f17a811948e250bd6c8a6b2fcfc8b5447b3c844955e83528	7e4c3e1c0ed66074f17a811948e250bd6c8a6b2fcfc8b5447b3c844955e83528	downloaded
multi_apps/51f5801c-18b3-4f25-b0c3-02f85507a078/Dickinson_Slides.pptx	653019	5ffcdc41c55a68224e9ef39dc9dc1b328c6ea577b1e91a5e538b90ad24a3ed5c	5ffcdc41c55a68224e9ef39dc9dc1b328c6ea577b1e91a5e538b90ad24a3ed5c	reused
multi_apps/51f5801c-18b3-4f25-b0c3-02f85507a078/notes_gold.docx	12858	184938c001aa31191fef4859698273f73a4c3ab3c3f105d44c02962a453a1eab	-	reused
multi_apps/5bc63fb9-276a-4439-a7c1-9dc76401737f/LLM results.json	127780	e3a0583d6458487e37ea5351fc3a11b18f093c5c0d0be4a488338f0f402a3784	-	reused
multi_apps/5bc63fb9-276a-4439-a7c1-9dc76401737f/gemini_results_Gold.docx	15841	01e3ad9bebaee3c028f7fd8635e9c6de69b4e57fd4fa5ae53447a73fd42dc0f8	-	reused
multi_apps/5df7b33a-9f77-4101-823e-02f863e1c1ae/book.zip	2935633	5d028f5cb57e8f04fd8e5a65370959da91e7c873601bc1fcff9dc8ff5b72005f	5d028f5cb57e8f04fd8e5a65370959da91e7c873601bc1fcff9dc8ff5b72005f	reused
multi_apps/5df7b33a-9f77-4101-823e-02f863e1c1ae/raw_book.zip	1091801	f4c410119a88653225d8016d2594ae395d5b020e7b40067af0e72f0754b3c22e	f4c410119a88653225d8016d2594ae395d5b020e7b40067af0e72f0754b3c22e	reused
multi_apps/778efd0a-153f-4842-9214-f05fc176b877/Minimalist_Business_Slides.pptx	1810440	662a929926e06d62024feb6df1e01555237fd894f7a173c22d7395fc20dd0f96	662a929926e06d62024feb6df1e01555237fd894f7a173c22d7395fc20dd0f96	reused
multi_apps/778efd0a-153f-4842-9214-f05fc176b877/planet.mp4	12392853	96e39ebcdb9fa37ca6c4c3d3c30a97ff29f1f614a707d32a6182d1bf6783c759	96e39ebcdb9fa37ca6c4c3d3c30a97ff29f1f614a707d32a6182d1bf6783c759	reused
multi_apps/778efd0a-153f-4842-9214-f05fc176b877/planet.wav	41463852	98e1e255d3e8520add3501c5a791b4762f7dff8a810d295f87eeee94d319ae04	98e1e255d3e8520add3501c5a791b4762f7dff8a810d295f87eeee94d319ae04	downloaded
multi_apps/7e287123-70ca-47b9-8521-47db09b69b14/GRF-p5y.bak-Sheet1.csv	123	fc81865fbdc7b5f8438fb766cdad4e04b92181e7a2dfe995889f17258b975a41	-	reused
multi_apps/7e287123-70ca-47b9-8521-47db09b69b14/GRF-p5y.bak.xlsx	9087	23efe99a2167d170b8aefd2e141724270488270b8b237fd7424630b3bbd4c9db	-	reused
multi_apps/7e287123-70ca-47b9-8521-47db09b69b14/customer-information-sheet-for-inward-payments-to-hong-kong.pdf	325824	6917e48e10e0e97d681f821f7c3ec3556ff2917901bf14f5d49727c5bbc3a8b3	6917e48e10e0e97d681f821f7c3ec3556ff2917901bf14f5d49727c5bbc3a8b3	reused
multi_apps/7e287123-70ca-47b9-8521-47db09b69b14/ecs15.pdf	142850	83f5aa554bb129b431733ac9157fb0024b3d17a0ccb193e557fd6b9deead3a7d	83f5aa554bb129b431733ac9157fb0024b3d17a0ccb193e557fd6b9deead3a7d	reused
multi_apps/7e287123-70ca-47b9-8521-47db09b69b14/ecs16.pdf	83414	b495e549d5920a7e01fd09ea1d73630442ba57a4686ffb2e5507658ad22a3cd4	-	reused
multi_apps/7e287123-70ca-47b9-8521-47db09b69b14/ecs17.pdf	61563	c069c5beae098968b894d2995230ef318efcf55646fe66b14fae69c347afa435	-	reused
multi_apps/7e287123-70ca-47b9-8521-47db09b69b14/ecs18.pdf	34295	ed32fe82f027b74f7f15ddba998c5fb9e596495823a071cecc8fa66395b54377	-	reused
multi_apps/7e287123-70ca-47b9-8521-47db09b69b14/ecs19.pdf	52415	ee4a6059222c436a10fad59859f26086466f4c35fcf0e8ae8f1114b858603936	-	reused
multi_apps/7e287123-70ca-47b9-8521-47db09b69b14/ecs20.pdf	71781	1235e7542c5d5f11e07f5091f9103d84094c56938880604d813d557a7358b013	-	reused
multi_apps/7e287123-70ca-47b9-8521-47db09b69b14/ecs21.pdf	60133	c31e5e282176184d3c89d89bd5ee301a668dd8d04eb993447b3fce06ed464ffd	-	reused
multi_apps/7e287123-70ca-47b9-8521-47db09b69b14/ecs22.pdf	34505	23f870f0d7844bf4e33d5e3e75be699d16d46d147273ee24cc5483fb41362b3b	-	reused
multi_apps/7e287123-70ca-47b9-8521-47db09b69b14/ecs23.pdf	39866	813ccb13a3293f4506998b0c0041099b8d6827ec9090942adcdb61292dd2da07	-	reused
multi_apps/7e287123-70ca-47b9-8521-47db09b69b14/grf15.pdf	104127	8b261f7626f6a8ba9cc18d829353e5b179d377e7249dd72ac514ea068ce7bfae	8b261f7626f6a8ba9cc18d829353e5b179d377e7249dd72ac514ea068ce7bfae	reused
multi_apps/7e287123-70ca-47b9-8521-47db09b69b14/grf16.pdf	65416	8bae643fe33fba98aa467619d9278caa5d2693ffa5a19dda758714a700265253	-	reused
multi_apps/7e287123-70ca-47b9-8521-47db09b69b14/grf17.pdf	62448	fe9c5a6272791118a94386ecd70e0198a5b1daff7757816dbafafaf1e0a88d03	-	reused
multi_apps/7e287123-70ca-47b9-8521-47db09b69b14/grf18.pdf	36777	75aabf4ac6be1810f56e49c4b8ffe2e54cd242cab02c8cdcb7e178d63f79965f	-	reused
multi_apps/7e287123-70ca-47b9-8521-47db09b69b14/grf19.pdf	53233	f4259b1dd297d7402fa5b59c23216c91b5a3b93dd1fdf4eb16aedefb639fc904	-	reused
multi_apps/7e287123-70ca-47b9-8521-47db09b69b14/grf20.pdf	59534	992efbaf69d2a8215dbfd79d35a6351e81ffba93f498c6db2213c14ac568048d	-	reused
multi_apps/7e287123-70ca-47b9-8521-47db09b69b14/grf21.pdf	61448	c5f4561313fa63a1510a0b9f8aff3945626db5014022f7a4706ab29a721e4292	-	reused
multi_apps/7e287123-70ca-47b9-8521-47db09b69b14/grf22.pdf	35734	9dd404f1617523ba087fbc9fba6dbbbb1ed093b992072f22d197966e6ec4dab1	-	reused
multi_apps/7e287123-70ca-47b9-8521-47db09b69b14/grf23.pdf	40536	b41ae005ed3a09f73dc2a1cfb406a1e6b14423293e49f8c00729cc89cdf5bba5	-	reused
multi_apps/7f35355e-02a6-45b5-b140-f0be698bcf85/stock.xlsx	12171	b334b8009f3b71582201a471bdfc725f8e380bf538be52321fa04073e644dff5	-	reused
multi_apps/81c425f5-78f3-4771-afd6-3d2973825947/OSP_Envelope_Price-List_2023_5000.xlsx	17303	dfbb801f920024ef5a3227299cb30b163d6cebe2f3e5f84480bbb38c7ed40627	-	reused
multi_apps/81c425f5-78f3-4771-afd6-3d2973825947/price.docx	5211	47c247260a916accc9b5163973c8344d2629fd06c506ba557a4a9bd063c32341	-	reused
multi_apps/82e3c869-49f6-4305-a7ce-f3e64a0618e7/DSC00454.jpg	645461	4960c93fdaab0481e251795cb65a2be69058a7b45edbb1551abb55d6edf74dfc	4960c93fdaab0481e251795cb65a2be69058a7b45edbb1551abb55d6edf74dfc	reused
multi_apps/82e3c869-49f6-4305-a7ce-f3e64a0618e7/DSC00495.jpg	418239	ff3b6f59f0bb22177eb1da4b18af32e2d877bf71f90f79128c8a35c5f194c6a8	ff3b6f59f0bb22177eb1da4b18af32e2d877bf71f90f79128c8a35c5f194c6a8	reused
multi_apps/82e3c869-49f6-4305-a7ce-f3e64a0618e7/DSC00554.jpg	771668	13cc0bff135774e56823625b0faffa062a782fafcad795bf7ff66e3f37104942	13cc0bff135774e56823625b0faffa062a782fafcad795bf7ff66e3f37104942	reused
multi_apps/82e3c869-49f6-4305-a7ce-f3e64a0618e7/DSC00574.jpg	369685	2373fbaf75998f5fa6122159be94d481631e6a071205806f1b9e6b9422cbd461	2373fbaf75998f5fa6122159be94d481631e6a071205806f1b9e6b9422cbd461	reused
multi_apps/82e3c869-49f6-4305-a7ce-f3e64a0618e7/DSC00657.jpg	587277	e33a9a28447e4b4531741baaf5fc2061959f10659c6988a2d8144377ba4b7175	e33a9a28447e4b4531741baaf5fc2061959f10659c6988a2d8144377ba4b7175	reused
multi_apps/82e3c869-49f6-4305-a7ce-f3e64a0618e7/DSC00659.jpg	564274	ff320e76f4a71538757462ded69c0ea156743953ab3158422b948516dafb951c	ff320e76f4a71538757462ded69c0ea156743953ab3158422b948516dafb951c	reused
multi_apps/881deb30-9549-4583-a841-8270c65f2a17/customer-information-sheet-for-inward-payments-to-hong-kong.pdf	325824	6917e48e10e0e97d681f821f7c3ec3556ff2917901bf14f5d49727c5bbc3a8b3	6917e48e10e0e97d681f821f7c3ec3556ff2917901bf14f5d49727c5bbc3a8b3	reused
multi_apps/881deb30-9549-4583-a841-8270c65f2a17/ecs15.pdf	142850	83f5aa554bb129b431733ac9157fb0024b3d17a0ccb193e557fd6b9deead3a7d	83f5aa554bb129b431733ac9157fb0024b3d17a0ccb193e557fd6b9deead3a7d	reused
multi_apps/881deb30-9549-4583-a841-8270c65f2a17/ecs16.pdf	83414	b495e549d5920a7e01fd09ea1d73630442ba57a4686ffb2e5507658ad22a3cd4	-	reused
multi_apps/881deb30-9549-4583-a841-8270c65f2a17/ecs17.pdf	61563	c069c5beae098968b894d2995230ef318efcf55646fe66b14fae69c347afa435	-	reused
multi_apps/881deb30-9549-4583-a841-8270c65f2a17/ecs18.pdf	34295	ed32fe82f027b74f7f15ddba998c5fb9e596495823a071cecc8fa66395b54377	-	reused
multi_apps/881deb30-9549-4583-a841-8270c65f2a17/ecs19.pdf	52415	ee4a6059222c436a10fad59859f26086466f4c35fcf0e8ae8f1114b858603936	-	reused
multi_apps/881deb30-9549-4583-a841-8270c65f2a17/ecs20.pdf	71781	1235e7542c5d5f11e07f5091f9103d84094c56938880604d813d557a7358b013	-	reused
multi_apps/881deb30-9549-4583-a841-8270c65f2a17/ecs21.pdf	60133	c31e5e282176184d3c89d89bd5ee301a668dd8d04eb993447b3fce06ed464ffd	-	reused
multi_apps/881deb30-9549-4583-a841-8270c65f2a17/ecs22.pdf	34505	23f870f0d7844bf4e33d5e3e75be699d16d46d147273ee24cc5483fb41362b3b	-	reused
multi_apps/881deb30-9549-4583-a841-8270c65f2a17/ecs23.pdf	39866	813ccb13a3293f4506998b0c0041099b8d6827ec9090942adcdb61292dd2da07	-	reused
multi_apps/881deb30-9549-4583-a841-8270c65f2a17/grf15.pdf	104127	8b261f7626f6a8ba9cc18d829353e5b179d377e7249dd72ac514ea068ce7bfae	8b261f7626f6a8ba9cc18d829353e5b179d377e7249dd72ac514ea068ce7bfae	reused
multi_apps/881deb30-9549-4583-a841-8270c65f2a17/grf16.pdf	65416	8bae643fe33fba98aa467619d9278caa5d2693ffa5a19dda758714a700265253	-	reused
multi_apps/881deb30-9549-4583-a841-8270c65f2a17/grf17.pdf	62448	fe9c5a6272791118a94386ecd70e0198a5b1daff7757816dbafafaf1e0a88d03	-	reused
multi_apps/881deb30-9549-4583-a841-8270c65f2a17/grf18.pdf	36777	75aabf4ac6be1810f56e49c4b8ffe2e54cd242cab02c8cdcb7e178d63f79965f	-	reused
multi_apps/881deb30-9549-4583-a841-8270c65f2a17/grf19.pdf	53233	f4259b1dd297d7402fa5b59c23216c91b5a3b93dd1fdf4eb16aedefb639fc904	-	reused
multi_apps/881deb30-9549-4583-a841-8270c65f2a17/grf20.pdf	59534	992efbaf69d2a8215dbfd79d35a6351e81ffba93f498c6db2213c14ac568048d	-	reused
multi_apps/881deb30-9549-4583-a841-8270c65f2a17/grf21.pdf	61448	c5f4561313fa63a1510a0b9f8aff3945626db5014022f7a4706ab29a721e4292	-	reused
multi_apps/881deb30-9549-4583-a841-8270c65f2a17/grf22.pdf	35734	9dd404f1617523ba087fbc9fba6dbbbb1ed093b992072f22d197966e6ec4dab1	-	reused
multi_apps/881deb30-9549-4583-a841-8270c65f2a17/grf23.pdf	40536	b41ae005ed3a09f73dc2a1cfb406a1e6b14423293e49f8c00729cc89cdf5bba5	-	reused
multi_apps/881deb30-9549-4583-a841-8270c65f2a17/supported_rate.xlsx	6122	f827b1b621e44d1be49e742766b0f20659bad1ae067ab6ee8c2d2f510b22576e	-	reused
multi_apps/881deb30-9549-4583-a841-8270c65f2a17/supported_rate_gt.xlsx	6562	9d97b986f83c1871831933499ff69de7198d99b3be0b9347ef8ab1559073fca0	-	reused
multi_apps/8df7e444-8e06-4f93-8a1a-c5c974269d82/Recruitment_and_retention_of_health_professionals_across_Europe.docx	168712	e7b8c0538a0c9038a7339a186a9d941e49e95cec610d064ad5d3c21272acfaba	e7b8c0538a0c9038a7339a186a9d941e49e95cec610d064ad5d3c21272acfaba	reused
multi_apps/8df7e444-8e06-4f93-8a1a-c5c974269d82/Recruitment_and_retention_of_health_professionals_across_Europe.zip	280278	69b9deb94f48de827cb7ae29d17728a88b34add9fb726407a2cf843bdab3d2bf	69b9deb94f48de827cb7ae29d17728a88b34add9fb726407a2cf843bdab3d2bf	reused
multi_apps/8df7e444-8e06-4f93-8a1a-c5c974269d82/reminder.docx	7818	82ecb111c2b6046171f43a2738abdaeaff661c034f1b7723e25019371cef79c1	-	reused
multi_apps/8e116af7-7db7-4e35-a68b-b0939c066c78/my_bookkeeping Gold.xlsx	9438	d4d458fbaff92e92657e7860379454a1376635c6bb29ae1e4c68a028465423ca	-	reused
multi_apps/8e116af7-7db7-4e35-a68b-b0939c066c78/my_bookkeeping.xlsx	6232	6791db3e5410ed6b54e10e591e542d431d331e83b7e893512f18e45c85569e10	-	reused
multi_apps/8e116af7-7db7-4e35-a68b-b0939c066c78/receipt_0.jpeg	341035	b35ff62057908666a54a88e82362a326ca8611a534dd7291b5c2e93d6e1dc1f0	b35ff62057908666a54a88e82362a326ca8611a534dd7291b5c2e93d6e1dc1f0	reused
multi_apps/8e116af7-7db7-4e35-a68b-b0939c066c78/receipt_1.jpg	21661	ecd4a6db51ded9b9f62bbc32a31bbfbb86b2b7c8dacd59ebe0ee350ea012204d	ecd4a6db51ded9b9f62bbc32a31bbfbb86b2b7c8dacd59ebe0ee350ea012204d	reused
multi_apps/8e116af7-7db7-4e35-a68b-b0939c066c78/receipt_2.jpg	27794	bd3a2b3d17750b4fe687074e3e767b734f8c5aeecc1dbbc3405e9875473b8e83	bd3a2b3d17750b4fe687074e3e767b734f8c5aeecc1dbbc3405e9875473b8e83	reused
multi_apps/8e116af7-7db7-4e35-a68b-b0939c066c78/receipt_3.pdf	40263	48deb476a3c75fffaf1f231add391db5aa53a359754bfd6bd112672d4879260b	-	reused
multi_apps/8e116af7-7db7-4e35-a68b-b0939c066c78/receipt_4.jpg	72779	942845ec6310d852bc93510383a57bb5210c71bc89f31ea7ed60e5c1ec6f1d3d	942845ec6310d852bc93510383a57bb5210c71bc89f31ea7ed60e5c1ec6f1d3d	reused
multi_apps/91190194-f406-4cd6-b3f9-c43fac942b22/cola.png	63158	37cc29dd8f063d32f5b563abaacc7d14048c08f5f8b5e01e0348188b447ddc9a	37cc29dd8f063d32f5b563abaacc7d14048c08f5f8b5e01e0348188b447ddc9a	reused
multi_apps/91190194-f406-4cd6-b3f9-c43fac942b22/cropped_gold.png	58258	2616d357d16547f8909e135f80fe0f78c8ec14ca39a3e1da14064be78d6e7061	2616d357d16547f8909e135f80fe0f78c8ec14ca39a3e1da14064be78d6e7061	reused
multi_apps/9219480b-3aed-47fc-8bac-d2cffc5849f7/block.py	1194	173f6c788ba63b6fc695f00bdd28e82f362e47f99dedca8367ebb76f814fd82c	-	reused
multi_apps/9219480b-3aed-47fc-8bac-d2cffc5849f7/main.py	2530	094e808b626fbd936ceb800c3b055bcb432ec12a33b477bc745cf95caa333d69	-	reused
multi_apps/9219480b-3aed-47fc-8bac-d2cffc5849f7/settings.py	253	fca04a7cc2e995f756bf9515d847d42b7447948ae53a4fbcde636f5bac2b5c13	-	reused
multi_apps/9219480b-3aed-47fc-8bac-d2cffc5849f7/test.py	607	b266e83242c035256b9a6b0904615318e5bb90fd7ef19f8648a9503e7a96c9ff	-	downloaded
multi_apps/9219480b-3aed-47fc-8bac-d2cffc5849f7/tetris.py	2516	59ff97d002d5810e458e025d9943dafe53097e7c49026fefcdb789d5641f9b72	-	reused
multi_apps/98e8e339-5f91-4ed2-b2b2-12647cb134f4/concat_gold.docx	14598	65185ab2f4c60c69e76820e0bebbf87915a11988f47b7d9d47c6d512a4d68af5	-	reused
multi_apps/98e8e339-5f91-4ed2-b2b2-12647cb134f4/doc_proc.zip	6387	e4b50d678e8d79050c7969a299ab39f73d6d2d69480eed48ec9c719d984c28e9	e4b50d678e8d79050c7969a299ab39f73d6d2d69480eed48ec9c719d984c28e9	reused
multi_apps/a503b07f-9119-456b-b75d-f5146737d24f/OIP.jpg	26173	cd99e73cde26b1578108f9505825aa18f7dd888c01bd1687dd49a540a10b46d2	cd99e73cde26b1578108f9505825aa18f7dd888c01bd1687dd49a540a10b46d2	reused
multi_apps/a503b07f-9119-456b-b75d-f5146737d24f/receipt_Gold.pdf	71019	6d2524495695df066348adf65d5b61c72de7dde6edd07fe75c546d88022643ca	-	reused
multi_apps/aceb0368-56b8-4073-b70e-3dc9aee184e0/exam.zip	387112	10d6ef9c161b2bbb6eb6515f0e0c1717c39f675d7b569fcac55477f176b1c7c1	10d6ef9c161b2bbb6eb6515f0e0c1717c39f675d7b569fcac55477f176b1c7c1	reused
multi_apps/aceb0368-56b8-4073-b70e-3dc9aee184e0/grades.xlsx	9614	7e6b3a6dae808cef87b2847933db04eb2138d82cf1d7b354ff1bbc88bb86f842	-	reused
multi_apps/b5062e3e-641c-4e3a-907b-ac864d2e7652/2312.13771.pdf	3797687	ce9840204e13889f899e326def62005ed9871a0a6ab5d44f716343c4142ef045	ce9840204e13889f899e326def62005ed9871a0a6ab5d44f716343c4142ef045	reused
multi_apps/b5062e3e-641c-4e3a-907b-ac864d2e7652/2401.13649.pdf	4564902	8674b4ae17290bb797e5988706f765c75a3310a4e9d14cbd32497e40235ff795	8674b4ae17290bb797e5988706f765c75a3310a4e9d14cbd32497e40235ff795	reused
multi_apps/b5062e3e-641c-4e3a-907b-ac864d2e7652/2402.07945.pdf	8580433	a44180f3bad8ce54553007e721deb8bbb31be6779e1ee6bf80ab257765e7bff4	a44180f3bad8ce54553007e721deb8bbb31be6779e1ee6bf80ab257765e7bff4	reused
multi_apps/b5062e3e-641c-4e3a-907b-ac864d2e7652/5950bf290a1570ea401bf98882128160-Paper-Datasets_and_Benchmarks.pdf	7563781	c281b1c4460c807c33cc242d2c1d0d175c3454e01abc9c2ec03aff761c0c0a57	c281b1c4460c807c33cc242d2c1d0d175c3454e01abc9c2ec03aff761c0c0a57	reused
multi_apps/b5062e3e-641c-4e3a-907b-ac864d2e7652/authors-ground_truth.xlsx	10025	d834c5bd4649dfdd36df63dea19fd5b38e15e7e855ae4a4f285bd44ad765bd3c	-	reused
multi_apps/bb83cab4-e5c7-42c7-a67b-e46068032b86/Unlocking-the-Power-of-ChatGPT.pptx	11441387	47badb8dbe2d69e46871c161ff96b8319e640b52a8d17bcddda731abc90183a9	47badb8dbe2d69e46871c161ff96b8319e640b52a8d17bcddda731abc90183a9	reused
multi_apps/bb83cab4-e5c7-42c7-a67b-e46068032b86/script.docx	16018	1fbe947c92426690102971084a2cccfbd5f483b903bc597ebe94fc04c780d981	-	reused
multi_apps/bc2b57f3-686d-4ec9-87ce-edf850b7e442/reminder.docx	5756	a54c0322f49bc48e742c28dd593cdd1a2b384f86eb9e3c60e3f9fa848f7cb032	-	reused
multi_apps/bc2b57f3-686d-4ec9-87ce-edf850b7e442/workbook-with-sample-database.xlsx	160258	8c5d033a72430d63d292963a322ab7a2161a665a60b9b433d9a44a9fb8c63bbd	8c5d033a72430d63d292963a322ab7a2161a665a60b9b433d9a44a9fb8c63bbd	reused
multi_apps/bc2b57f3-686d-4ec9-87ce-edf850b7e442/workbook-with-sample-database_Gold.xlsx	160198	8b16f1828d16713ce41151dd4538bb5e5134b70748dad1f8bc9fe69b9168079a	8b16f1828d16713ce41151dd4538bb5e5134b70748dad1f8bc9fe69b9168079a	reused
multi_apps/c867c42d-a52d-4a24-8ae3-f75d256b5618/contacts.csv	5743	beb4c4e09458c8401e2c20ad90d5b550f57bb2ed79afb3719e18305bbe039b3a	-	reused
multi_apps/c867c42d-a52d-4a24-8ae3-f75d256b5618/contacts.xlsx	9799	03f0ace868032e61119d6b6dc2ad8cdd12d90a3c2817c7477fd62acd432aaea6	-	reused
multi_apps/c867c42d-a52d-4a24-8ae3-f75d256b5618/thunderbird.profile.tar.gz	2252023	4d10a477a4d78ea7b6b52e418703973da76bdcccce027ec9ab670c911e6b1911	4d10a477a4d78ea7b6b52e418703973da76bdcccce027ec9ab670c911e6b1911	reused
multi_apps/d68204bf-11c1-4b13-b48b-d303c73d4bf6/rearranged_gold.png	880505	4b5e49c57c998c1fc32b336d882013b342944ba608d45d46f45d12054fc1ea5b	4b5e49c57c998c1fc32b336d882013b342944ba608d45d46f45d12054fc1ea5b	reused
multi_apps/d68204bf-11c1-4b13-b48b-d303c73d4bf6/tilearray.png	123231	3ad2cb1f1244c08687d3801a8eb64c71cc8012c7360e11e8614ae5b6f6634d0f	3ad2cb1f1244c08687d3801a8eb64c71cc8012c7360e11e8614ae5b6f6634d0f	reused
multi_apps/d9b7c649-c975-4f53-88f5-940b29c47247/report.xlsx	5759	5e1ec77a07318bf65ffdefb1e3b6b1b1b4a0d09fd8d23f5258c46584dcd4de96	-	reused
multi_apps/d9b7c649-c975-4f53-88f5-940b29c47247/thunderbird-profile.tar.gz	2239429	29887a8bc0c271f5afdec6f2b5b64f38370842f405a80f4940007a33c46b5cf7	29887a8bc0c271f5afdec6f2b5b64f38370842f405a80f4940007a33c46b5cf7	reused
multi_apps/e8172110-ec08-421b-a6f5-842e6451911f/character.png	40903	d02270af65b8fddd0891dadc299548ffde1a3067ea1f0f0c7b7c61f542a70de3	d02270af65b8fddd0891dadc299548ffde1a3067ea1f0f0c7b7c61f542a70de3	reused
multi_apps/e8172110-ec08-421b-a6f5-842e6451911f/character_no_background_gold.png	59586	c35d67d9dadce3bdf7bc88313f53a3b43936340b27989b5ee04e5aef38aa6bd3	c35d67d9dadce3bdf7bc88313f53a3b43936340b27989b5ee04e5aef38aa6bd3	reused
multi_apps/eb303e01-261e-4972-8c07-c9b4e7a4922a/lecture1-2021-with-ink.pptx	118598	ab4b65d92b40ad172f01f2ca5d7decd72fb1e970dc6ff2f7e8d25b09c7b57b44	ab4b65d92b40ad172f01f2ca5d7decd72fb1e970dc6ff2f7e8d25b09c7b57b44	reused
multi_apps/eb303e01-261e-4972-8c07-c9b4e7a4922a/lecture1-2021-with-ink_Gold.pptx	119034	dbefcaa98ecf1511016ac3063cba1c2ca70ac7e51d5e590d773afa95cb7591e0	dbefcaa98ecf1511016ac3063cba1c2ca70ac7e51d5e590d773afa95cb7591e0	reused
multi_apps/eb303e01-261e-4972-8c07-c9b4e7a4922a/notes.docx	7377	2374d7b73e04d5d0fa3f3b8a5001da0ce17ee0318ec49d2280d6aad68f2efc32	-	reused
multi_apps/f918266a-b3e0-4914-865d-4faa564f1aef/calculator.zip	375	f75b66507210e365193e913d731fa6e1fb0c7b831f4609ec0b7e0a61c7d4b7fb	f75b66507210e365193e913d731fa6e1fb0c7b831f4609ec0b7e0a61c7d4b7fb	reused
multi_apps/f918266a-b3e0-4914-865d-4faa564f1aef/log_Gold.txt	13	936a6de07f8d181e921dd725984f254472ed23563e9dee5706d0ec94b489de8f	-	reused
thunderbird/d38192b0-17dc-4e1d-99c3-786d0117de77/New-month AWS Bill.html	242	82643c9767ce9a21f5f31510e6bb112c96644d16ad4fe121cb828fae1afc0293	-	reused
thunderbird/d38192b0-17dc-4e1d-99c3-786d0117de77/cssselect-1.3.0-py3-none-any.whl	18786	56d1bf3e198080cc1667e137bc51de9cadfca259f03c2d4e09037b3e01e30f0d	-	downloaded
thunderbird/d38192b0-17dc-4e1d-99c3-786d0117de77/invoice0123456789.pdf	23369	db1e923997754a453688e60bcda8845a6bb2bb31e60d1997424633ce4e086983	-	reused
thunderbird/d38192b0-17dc-4e1d-99c3-786d0117de77/show-thunderbird-attachments.py	8416	cc02fca7f8bbb5fc0de1f016558917ffb460decb36808e532f62fac7c5cb8650	-	downloaded
thunderbird/dd84e895-72fd-4023-a336-97689ded257c/thunderbird-profile.tar.gz	2125862	8a714a4102d6f3aa604c0fd2bb96e63ba51594485977ed5c8dd19af846ae07e8	8a714a4102d6f3aa604c0fd2bb96e63ba51594485977ed5c8dd19af846ae07e8	reused
thunderbird/dfac9ee8-9bc4-4cdc-b465-4a4bfcd2f397/firefox_decrypt.py	39242	1bb98fd3725c2cfa8fb8c0c7f83471a06df35ef6f0feec6ab650ff4043f43538	-	downloaded
vlc/386dbd0e-0241-4a0a-b6a2-6704fba26b1c/Colorful-Flowers(chosic.com).mp3	9749988	cefefd45ff84762fc8cc43c37a8b8288c06d03bcad0f60fc91b927c1eadde0d6	cefefd45ff84762fc8cc43c37a8b8288c06d03bcad0f60fc91b927c1eadde0d6	reused
vlc/386dbd0e-0241-4a0a-b6a2-6704fba26b1c/lecture_pdf.pdf	221904	8a4659725b3f91ace2590603449a656fdc7b66bd344f1aaaf8004f8be550cb50	8a4659725b3f91ace2590603449a656fdc7b66bd344f1aaaf8004f8be550cb50	reused
vlc/8f080098-ddb1-424c-b438-4e96e5e4786e/Baby Justin Bieber.mp3	3504169	d79d63242cb7c0d4392df0da28b32cd757234115d8b1f6ccfa39ef64f5a062a4	d79d63242cb7c0d4392df0da28b32cd757234115d8b1f6ccfa39ef64f5a062a4	reused
vlc/8f080098-ddb1-424c-b438-4e96e5e4786e/Baby Justin Bieber.mp4	12600781	b1c90b75d950875962f324c2224d62cc251c60925cd049f04571d6c07d6ac2cd	b1c90b75d950875962f324c2224d62cc251c60925cd049f04571d6c07d6ac2cd	reused
vlc/aa4b5023-aef6-4ed9-bdc9-705f59ab9ad6/1984_Apple_Macintosh_Commercial.mp4	2826084	46ca3972404b92f7a35c62c55e19d2b5dd341b6012a25079bb1835394369faf7	46ca3972404b92f7a35c62c55e19d2b5dd341b6012a25079bb1835394369faf7	reused
vlc/aa4b5023-aef6-4ed9-bdc9-705f59ab9ad6/flipped_1984_Apple_Macintosh_Commercial.mp4	3080531	7e9e0e25ef4d37d9aeedfa8578f10432156d0eea3b6c003fee8f5271293e6900	7e9e0e25ef4d37d9aeedfa8578f10432156d0eea3b6c003fee8f5271293e6900	reused
vlc/fba2c100-79e8-42df-ae74-b592418d54f4/Interstellar Movie - Official Trailer.mp4	26502599	5171ffecaeaafd363e0c0f858006ab57d7bc08ce109abd2b89c6748be137e1fe	5171ffecaeaafd363e0c0f858006ab57d7bc08ce109abd2b89c6748be137e1fe	reused
vlc/fba2c100-79e8-42df-ae74-b592418d54f4/interstellar.png	485340	3a8d54e194ba6006b7874bf5703f64f98768b12c0886de878bf5d02ebc5d281a	3a8d54e194ba6006b7874bf5703f64f98768b12c0886de878bf5d02ebc5d281a	reused
vs_code/0ed39f63-6049-43d4-ba4d-5fa2fe04a951/vscode_replace_text.txt	637	fddd104baad484309a4dec480879bfa5ea452e6aef9131024f06132a931cfd58	-	reused
vs_code/0ed39f63-6049-43d4-ba4d-5fa2fe04a951/vscode_replace_text_gold.txt	637	8dad55e80d4f415f90affbb2ca44efdbef153f54ff4b21c21e903743aeaed93d	-	reused
vs_code/53ad5833-3455-407b-bbc6-45b4c79ab8fb/README.md	95	94c262278cbe09e8f4bd8f99a9d989dc6c69e8dfc39ca67c53f20ed24c1fb80a	-	reused
vs_code/53ad5833-3455-407b-bbc6-45b4c79ab8fb/settings.json	200	4ee65ae16e56fe8427ce16368295c4cd0077450756e24374be1a1156cda35efb	-	reused
vs_code/53ad5833-3455-407b-bbc6-45b4c79ab8fb/vscodeEvalExtension.zip	3954880	2c091c00bb63c1fc8724bbbf3fa407429b8e46c6dfe771f7a2656c65b1f88a97	2c091c00bb63c1fc8724bbbf3fa407429b8e46c6dfe771f7a2656c65b1f88a97	reused
vs_code/5e2d93d8-8ad0-4435-b150-1692aacaa994/main.py	92	64e5822301cd230ece61946075bebb2d149c101c9102ea1149415ed92fc69ee1	-	reused
vs_code/6ed0a554-cbee-4b44-84ea-fd6c042f4fe1/project.code-workspace	67	25d9dcf1877632b737457d80ddbec2d9e89dcba4c8a5398f91c1e1d8984fe7bf	-	reused
vs_code/70745df8-f2f5-42bd-8074-fbc10334fcc5/HW-8-main-20240320T121653Z-001.zip	4544	aa1beb5f2d74bb06dd8c2ca21b7a47315de13cfa373c5ea53b09e32f0eaba38b	aa1beb5f2d74bb06dd8c2ca21b7a47315de13cfa373c5ea53b09e32f0eaba38b	reused
vs_code/c6bf789c-ba3a-4209-971d-b63abf0ab733/hw_python_oop-master-20240320T121244Z-001.zip	9155	98234f94704c636d921e3d7be2bf025bd6db48632d3b45486a453b3cac62f3ff	98234f94704c636d921e3d7be2bf025bd6db48632d3b45486a453b3cac62f3ff	reused
vs_code/ec71221e-ac43-46f9-89b8-ee7d80f7e1c5/test.py	252	e7d4e1fdee6722fc07fa402ab026a7158f4b94f5760cca332523d5378d152888	-	reused
vs_code/ec71221e-ac43-46f9-89b8-ee7d80f7e1c5/test_gold.py	288	38c7e66a915509f86133d76defab294064f1dd94d87c729daeb799d073149b34	-	reused
